Estado,Bioma,Latitude,Longitude,Mês,Temperatura,Umidade,Precipitacao,NDVI,Focos_Calor,Declividade,Distancia_Rios,Uso_Solo,Nivel_Risco
GO,Cerrado,-14.25809,-50.34309,Janeiro,40.9,71.9,62.9,0.697,20,8.7,4332.9,Cerrado/Savana,Baixo
MT,Cerrado/Amazônia,-13.78795,-57.17208,Agosto,20.9,68.1,107.8,0.677,27,33.6,2427.7,Pastagem,Médio
PA,Amazônia,-3.86298,-52.53281,Novembro,16.3,86.8,4.4,0.243,37,31.7,3622.9,Pastagem,Baixo
BA,Caatinga,-14.69454,-41.00253,Fevereiro,22.9,29.6,79.1,0.561,20,15.4,3532.7,Área Urbana,Médio
GO,Cerrado,-17.22347,-53.07415,Novembro,36.2,17.3,235.7,0.686,38,6.8,689.0,Floresta,Alto
PR,Mata Atlântica,-22.64599,-50.86416,Novembro,35.3,14.7,81.4,0.692,39,38.1,254.2,Área Urbana,Alto
AM,Amazônia,-3.58741,-62.73841,Agosto,20.6,84.6,96.4,0.381,30,12.6,4201.4,Pastagem,Baixo
GO,Cerrado,-13.73438,-45.20927,Junho,20.3,92.7,27.1,0.539,6,30.8,2456.7,Pastagem,Baixo
PA,Amazônia,-4.86683,-54.27445,Agosto,32.3,35.7,189.8,0.776,51,18.5,4052.3,Cerrado/Savana,Médio
BA,Caatinga,-12.8117,-41.05414,Junho,27.4,68.9,53.3,-0.099,7,31.3,1492.4,Pastagem,Médio
MT,Cerrado/Amazônia,-16.20429,-56.41825,Maio,36.4,10.8,376.4,0.676,35,19.3,4310.5,Pastagem,Alto
PA,Amazônia,-4.88536,-50.74049,Maio,15.7,26.0,500.0,0.725,16,37.0,4155.8,Floresta,Alto
PA,Amazônia,-3.70682,-52.56324,Outubro,31.5,68.6,297.2,0.24,8,32.0,1914.5,Pastagem,Alto
AM,Amazônia,-1.19804,-59.16648,Outubro,34.7,15.6,10.6,0.771,7,10.4,2064.4,Floresta,Baixo
RS,Pampa,-29.98807,-50.60272,Novembro,41.8,49.8,48.6,0.758,58,17.2,1761.0,Pastagem,Médio
BA,Caatinga,-15.23095,-43.87646,Agosto,33.3,66.3,348.4,0.771,31,4.0,183.8,Pastagem,Alto
MG,Cerrado,-19.76729,-45.21543,Julho,21.3,75.1,195.9,-0.08,6,36.1,3441.4,Agricultura,Alto
PA,Amazônia,-7.18418,-52.78399,Agosto,17.9,48.6,290.5,0.794,25,2.8,1370.9,Floresta,Alto
RS,Pampa,-30.65056,-49.62366,Dezembro,32.3,63.6,102.0,0.684,21,0.7,4421.2,Floresta,Baixo
MG,Cerrado,-19.22216,-47.98008,Agosto,29.1,55.9,78.6,0.023,37,19.9,4487.9,Agricultura,Baixo
BA,Caatinga,-12.39137,-41.7213,Julho,39.3,14.4,13.5,0.321,73,24.1,3615.7,Cerrado/Savana,Médio
SP,Mata Atlântica,-24.84307,-46.4875,Fevereiro,34.6,73.1,219.5,0.52,2,8.9,916.0,Agricultura,Alto
PR,Mata Atlântica,-26.5029,-51.05524,Novembro,28.8,24.7,164.0,0.608,24,22.8,455.6,Floresta,Alto
RS,Pampa,-26.08061,-53.93841,Setembro,25.9,12.7,7.3,0.473,88,35.8,4084.1,Agricultura,Médio
CE,Caatinga,-5.87436,-40.66476,Julho,25.9,48.3,28.2,0.85,18,25.0,4466.4,Floresta,Baixo
SP,Mata Atlântica,-24.19989,-45.10011,Dezembro,21.1,83.6,97.8,0.874,65,18.2,1766.7,Cerrado/Savana,Médio
PR,Mata Atlântica,-24.07576,-50.27685,Novembro,15.5,22.8,138.4,0.129,16,5.8,1771.3,Área Urbana,Médio
AM,Amazônia,-3.42426,-64.20315,Junho,30.5,11.1,17.8,0.683,59,6.8,1957.5,Floresta,Médio
GO,Cerrado,-17.50203,-48.72061,Setembro,20.7,19.3,33.7,-0.015,16,19.4,4139.8,Cerrado/Savana,Baixo
MT,Cerrado/Amazônia,-12.42375,-55.02969,Janeiro,20.6,40.9,25.7,0.875,49,18.5,3538.3,Pastagem,Baixo
CE,Caatinga,-4.66011,-41.42452,Novembro,18.4,59.3,29.8,0.606,31,20.9,618.7,Área Urbana,Médio
AM,Amazônia,-4.25285,-61.37278,Fevereiro,20.1,26.4,304.2,-0.088,33,20.3,3177.1,Cerrado/Savana,Alto
BA,Caatinga,-11.5145,-40.41734,Janeiro,15.9,78.2,151.0,0.604,20,13.7,58.8,Agricultura,Alto
AM,Amazônia,-5.04279,-64.02155,Outubro,33.2,74.0,160.3,0.304,25,27.8,3554.8,Agricultura,Médio
GO,Cerrado,-16.1147,-47.67989,Dezembro,25.8,69.1,189.6,0.868,60,8.5,3825.5,Cerrado/Savana,Médio
BA,Caatinga,-13.6208,-41.01754,Março,30.2,51.4,52.9,0.177,13,34.1,4076.6,Cerrado/Savana,Baixo
CE,Caatinga,-4.41741,-38.50884,Novembro,32.2,41.0,174.9,0.845,26,7.8,3132.0,Floresta,Médio
GO,Cerrado,-13.33334,-47.49714,Maio,41.3,41.9,460.3,0.527,72,16.6,911.1,Pastagem,Alto
MG,Cerrado,-19.40191,-47.69684,Janeiro,16.8,52.8,143.8,-0.088,151,8.4,3970.8,Pastagem,Médio
MT,Cerrado/Amazônia,-13.69779,-56.80649,Abril,26.3,16.6,64.7,0.649,21,24.7,4500.0,Floresta,Baixo
CE,Caatinga,-5.64247,-36.69815,Agosto,21.6,68.0,151.2,0.04,73,19.1,3172.6,Pastagem,Médio
MG,Cerrado,-18.48183,-43.56943,Junho,27.9,39.9,277.3,0.564,27,15.0,1382.8,Cerrado/Savana,Alto
PR,Mata Atlântica,-24.56418,-52.06995,Janeiro,39.9,29.1,16.5,0.504,46,19.0,905.0,Floresta,Médio
CE,Caatinga,-7.98722,-39.76793,Dezembro,34.5,88.8,37.0,-0.103,0,16.8,42.3,Corpo d'Água,Baixo
PR,Mata Atlântica,-20.00803,-53.41669,Janeiro,32.9,25.3,302.0,-0.003,86,34.2,94.4,Agricultura,Alto
BA,Caatinga,-15.30231,-38.79542,Março,26.9,86.6,350.8,0.861,50,5.0,60.7,Floresta,Alto
MG,Cerrado,-17.39688,-44.26887,Outubro,33.1,24.4,79.4,0.137,8,31.7,1492.2,Área Urbana,Alto
MT,Cerrado/Amazônia,-10.63599,-58.16725,Agosto,15.9,85.0,56.3,0.528,52,26.2,4615.6,Área Urbana,Médio
GO,Cerrado,-15.98989,-48.40727,Novembro,30.8,58.6,39.9,0.606,4,13.9,3110.4,Floresta,Baixo
PA,Amazônia,-2.37447,-54.48282,Novembro,30.0,83.7,82.9,0.845,48,36.8,1936.7,Floresta,Médio
AM,Amazônia,-1.5489,-61.64724,Agosto,24.4,50.3,327.1,0.504,28,7.1,64.1,Agricultura,Alto
SP,Mata Atlântica,-23.30541,-46.64159,Março,20.4,88.8,19.5,0.159,60,12.4,4948.6,Área Urbana,Baixo
MT,Cerrado/Amazônia,-14.75697,-55.47537,Julho,36.8,28.0,65.3,0.537,109,15.0,2284.7,Agricultura,Médio
MG,Cerrado,-19.6834,-46.16954,Dezembro,16.5,57.1,291.1,0.779,59,25.9,4957.6,Floresta,Alto
PA,Amazônia,-4.21181,-51.5463,Março,16.9,20.7,51.5,0.744,48,37.9,3603.5,Floresta,Baixo
MT,Cerrado/Amazônia,-12.5615,-55.30068,Abril,26.9,48.0,175.4,0.808,53,23.7,265.7,Cerrado/Savana,Alto
MG,Cerrado,-16.3711,-42.58766,Setembro,21.8,58.4,59.2,0.633,19,34.3,4296.5,Floresta,Baixo
RS,Pampa,-30.82242,-49.70884,Abril,35.1,61.5,196.1,0.672,16,36.2,2656.7,Floresta,Alto
RS,Pampa,-29.71254,-48.64114,Março,32.1,41.1,475.6,0.48,50,18.7,2269.1,Pastagem,Alto
PR,Mata Atlântica,-25.07559,-52.08471,Maio,35.9,16.5,58.9,-0.1,80,18.9,3791.7,Cerrado/Savana,Médio
MT,Cerrado/Amazônia,-13.6007,-56.63607,Julho,23.8,65.7,223.8,-0.069,43,10.0,3876.3,Cerrado/Savana,Médio
RS,Pampa,-29.32991,-50.50106,Maio,35.0,51.5,500.0,0.017,5,24.1,3984.2,Área Urbana,Alto
MG,Cerrado,-17.98624,-43.54344,Abril,38.3,21.6,495.0,0.514,108,4.8,3805.1,Floresta,Alto
PR,Mata Atlântica,-25.22381,-52.85877,Agosto,24.3,89.5,68.3,0.656,18,25.4,3209.9,Cerrado/Savana,Baixo
MG,Cerrado,-19.94974,-43.08742,Abril,24.2,91.2,79.8,0.504,97,35.7,3381.4,Pastagem,Médio
PR,Mata Atlântica,-24.18452,-54.33376,Fevereiro,39.3,82.8,43.4,0.109,11,30.4,4294.3,Cerrado/Savana,Baixo
MT,Cerrado/Amazônia,-11.03487,-54.09935,Outubro,16.3,81.7,45.2,0.639,15,26.0,3455.8,Agricultura,Baixo
PA,Amazônia,-6.61388,-52.22576,Junho,24.5,18.4,81.4,0.308,41,33.5,515.8,Área Urbana,Médio
GO,Cerrado,-16.54019,-48.89754,Fevereiro,18.2,94.4,26.9,0.411,9,29.2,3231.0,Pastagem,Baixo
CE,Caatinga,-6.84901,-39.75717,Março,15.8,44.0,149.0,0.798,23,21.2,858.3,Agricultura,Alto
PA,Amazônia,-4.06803,-50.87643,Janeiro,18.0,23.9,92.2,0.841,42,20.8,81.1,Floresta,Médio
BA,Caatinga,-11.94026,-42.20857,Maio,26.6,79.0,274.0,0.749,42,4.3,1078.7,Floresta,Alto
MG,Cerrado,-20.8989,-45.68632,Setembro,33.5,29.2,199.7,0.862,71,17.4,780.5,Cerrado/Savana,Alto
BA,Caatinga,-13.28391,-42.7466,Fevereiro,22.8,54.7,46.7,0.351,36,20.9,519.5,Área Urbana,Médio
PA,Amazônia,-5.45067,-53.24283,Dezembro,37.9,20.9,84.6,0.261,105,18.8,1082.8,Pastagem,Médio
PR,Mata Atlântica,-24.63182,-49.74606,Julho,26.8,50.3,166.6,0.484,21,31.0,2822.2,Cerrado/Savana,Alto
CE,Caatinga,-5.70969,-41.7243,Maio,41.1,57.4,25.8,0.141,44,6.4,765.8,Pastagem,Baixo
CE,Caatinga,-6.15256,-38.77462,Fevereiro,40.8,47.9,3.9,0.618,66,31.8,1404.4,Floresta,Baixo
SP,Mata Atlântica,-22.53308,-46.02087,Agosto,35.9,15.9,229.5,0.427,57,29.7,4249.5,Pastagem,Alto
CE,Caatinga,-3.14889,-39.92954,Novembro,40.2,51.2,17.8,0.774,84,36.0,4441.4,Floresta,Médio
GO,Cerrado,-12.75175,-48.61272,Junho,34.1,49.9,264.2,-0.087,41,14.9,1672.1,Pastagem,Alto
CE,Caatinga,-8.88523,-36.94901,Abril,39.2,32.2,293.9,0.899,53,7.1,4495.8,Agricultura,Alto
PA,Amazônia,-6.69048,-54.28115,Abril,21.4,88.3,74.1,0.482,23,30.3,2932.8,Cerrado/Savana,Médio
SP,Mata Atlântica,-22.76434,-49.23727,Fevereiro,24.3,45.5,197.3,0.081,41,23.5,1139.6,Área Urbana,Alto
PA,Amazônia,-6.5832,-50.39435,Março,35.3,83.4,54.2,0.666,62,28.5,3773.9,Floresta,Baixo
PA,Amazônia,-4.70567,-51.51164,Julho,26.5,19.3,234.5,0.704,13,39.9,4611.2,Floresta,Alto
AM,Amazônia,-4.45537,-64.52755,Março,37.6,37.1,208.9,0.038,24,7.8,3299.6,Pastagem,Médio
SP,Mata Atlântica,-22.48977,-45.23462,Maio,38.7,25.0,9.8,-0.1,99,16.4,1014.6,Área Urbana,Médio
PA,Amazônia,-4.21251,-52.4164,Outubro,23.1,44.7,104.8,0.698,19,7.7,438.5,Cerrado/Savana,Médio
AM,Amazônia,-4.9206,-58.56335,Junho,37.2,19.5,122.6,0.416,81,34.4,1154.8,Área Urbana,Alto
AM,Amazônia,-2.75032,-62.48083,Junho,19.2,47.5,0.1,0.21,28,0.7,1699.2,Pastagem,Baixo
SP,Mata Atlântica,-23.80417,-46.4056,Abril,24.0,40.1,469.0,-0.042,59,5.4,1675.3,Agricultura,Alto
BA,Caatinga,-10.97559,-41.41556,Junho,29.0,29.0,62.6,0.386,24,9.9,2497.7,Área Urbana,Médio
PR,Mata Atlântica,-23.60223,-51.3229,Março,21.1,64.6,87.4,0.176,70,30.9,2530.8,Pastagem,Médio
GO,Cerrado,-15.99853,-48.87812,Julho,30.6,90.8,26.0,0.298,10,25.1,2362.4,Pastagem,Baixo
PR,Mata Atlântica,-23.98507,-51.80445,Julho,30.6,27.6,113.3,0.174,33,15.5,1725.7,Pastagem,Médio
CE,Caatinga,-6.22381,-39.13741,Abril,20.6,70.5,199.7,0.075,15,6.3,543.1,Agricultura,Alto
GO,Cerrado,-15.71248,-50.67231,Fevereiro,36.5,73.1,105.8,0.602,32,12.9,2097.4,Floresta,Baixo
CE,Caatinga,-6.3636,-39.03429,Novembro,32.1,52.3,186.2,0.865,23,29.7,4928.9,Agricultura,Alto
PA,Amazônia,-4.71486,-53.27005,Julho,23.6,86.3,157.6,0.166,27,15.3,3272.8,Agricultura,Médio
MG,Cerrado,-19.37991,-45.79538,Março,21.3,92.1,32.6,0.236,35,18.5,2204.5,Pastagem,Baixo
SP,Mata Atlântica,-22.97662,-47.83597,Janeiro,38.7,40.8,68.7,0.624,37,24.3,426.6,Floresta,Médio
GO,Cerrado,-12.4683,-50.45542,Fevereiro,37.6,65.3,19.3,0.38,12,36.5,1074.1,Agricultura,Baixo
GO,Cerrado,-19.46782,-49.88526,Outubro,21.2,66.3,5.1,0.828,2,10.0,2877.5,Floresta,Baixo
PA,Amazônia,-5.64955,-51.06242,Setembro,16.0,81.2,7.8,-0.19,0,17.9,49.3,Corpo d'Água,Baixo
BA,Caatinga,-12.14781,-42.95075,Dezembro,36.7,36.9,342.7,0.839,17,12.4,105.8,Floresta,Alto
AM,Amazônia,-3.89959,-61.72887,Agosto,31.6,89.4,500.0,0.015,66,18.6,440.3,Agricultura,Alto
PA,Amazônia,-8.78707,-50.72207,Junho,17.7,77.1,12.0,0.795,36,27.9,1786.5,Cerrado/Savana,Baixo
RS,Pampa,-31.27675,-49.10443,Junho,30.9,19.7,49.0,0.085,5,19.3,712.7,Agricultura,Médio
AM,Amazônia,-2.8813,-61.27561,Janeiro,27.2,20.2,14.6,-0.061,10,33.4,4789.6,Pastagem,Baixo
SP,Mata Atlântica,-21.82586,-45.7703,Fevereiro,35.9,88.4,215.7,0.058,34,22.1,180.2,Pastagem,Alto
AM,Amazônia,-2.46067,-62.46662,Abril,20.6,16.9,82.3,0.825,15,15.4,4870.5,Floresta,Baixo
BA,Caatinga,-12.02175,-42.58125,Março,27.2,88.0,116.5,-0.118,0,31.3,24.9,Corpo d'Água,Médio
AM,Amazônia,-3.98512,-59.27296,Janeiro,19.2,29.3,93.2,0.787,14,17.3,2042.1,Floresta,Médio
SP,Mata Atlântica,-24.76229,-46.39852,Agosto,40.9,13.0,148.6,0.416,54,20.6,2701.8,Área Urbana,Alto
BA,Caatinga,-12.4098,-42.16613,Julho,36.0,15.1,46.1,-0.1,91,39.8,2056.5,Pastagem,Médio
PR,Mata Atlântica,-24.1184,-50.66542,Abril,34.9,41.7,17.7,0.872,108,31.5,2870.3,Floresta,Médio
GO,Cerrado,-17.21873,-49.68796,Dezembro,33.6,16.6,2.1,0.232,68,34.2,768.5,Pastagem,Médio
GO,Cerrado,-17.45355,-48.65718,Dezembro,26.4,60.7,70.8,0.531,93,23.7,608.9,Pastagem,Médio
CE,Caatinga,-4.83527,-39.52651,Setembro,39.9,65.0,286.1,-0.056,47,13.9,2647.7,Agricultura,Alto
PR,Mata Atlântica,-23.90145,-51.96327,Novembro,17.0,41.7,43.7,0.66,138,39.7,366.0,Floresta,Médio
PR,Mata Atlântica,-23.51897,-52.97267,Abril,36.7,73.8,26.2,-0.057,0,9.8,33.9,Corpo d'Água,Baixo
AM,Amazônia,-1.35219,-63.04637,Janeiro,20.8,51.7,312.5,0.711,24,34.9,4635.2,Pastagem,Alto
GO,Cerrado,-18.37427,-50.3328,Outubro,23.7,46.6,13.4,0.571,15,36.5,4382.3,Cerrado/Savana,Baixo
SP,Mata Atlântica,-24.21295,-47.13411,Janeiro,29.0,44.6,6.4,-0.083,19,32.7,4158.7,Pastagem,Baixo
MT,Cerrado/Amazônia,-12.33253,-55.27324,Janeiro,36.1,46.6,253.8,0.856,53,4.6,2540.7,Floresta,Alto
MT,Cerrado/Amazônia,-12.96756,-57.95743,Janeiro,37.6,92.3,144.8,0.795,2,34.2,149.1,Floresta,Alto
BA,Caatinga,-14.26982,-42.40227,Abril,30.8,67.9,65.8,0.678,95,26.6,615.6,Floresta,Médio
GO,Cerrado,-18.66174,-50.9277,Janeiro,25.9,36.8,167.5,0.487,15,27.2,4598.1,Área Urbana,Alto
GO,Cerrado,-13.96392,-51.07504,Fevereiro,40.6,72.4,162.3,0.623,27,31.5,4183.7,Floresta,Médio
MT,Cerrado/Amazônia,-11.73693,-58.75972,Abril,21.7,38.1,4.9,0.283,11,19.6,1888.8,Agricultura,Baixo
GO,Cerrado,-13.17336,-47.08359,Julho,36.7,20.7,135.3,0.421,42,10.7,3647.6,Floresta,Médio
AM,Amazônia,-2.58347,-59.23312,Fevereiro,31.5,50.4,122.9,0.896,54,23.0,4274.1,Floresta,Médio
RS,Pampa,-29.49631,-50.07722,Agosto,25.2,73.8,398.2,0.652,26,4.3,3105.5,Floresta,Alto
MG,Cerrado,-16.6171,-44.28042,Julho,15.0,42.1,408.0,0.392,92,27.0,4269.1,Área Urbana,Alto
PR,Mata Atlântica,-27.21857,-50.36655,Setembro,27.1,83.9,56.9,0.704,27,19.3,1230.9,Floresta,Baixo
CE,Caatinga,-5.80779,-40.24629,Junho,22.5,42.9,106.9,0.65,32,20.1,2316.1,Floresta,Médio
BA,Caatinga,-12.13316,-40.85058,Abril,17.8,39.7,18.3,0.864,56,7.4,2899.4,Floresta,Baixo
RS,Pampa,-29.8048,-50.27641,Junho,17.0,94.9,8.3,0.09,25,1.7,3159.5,Cerrado/Savana,Baixo
MT,Cerrado/Amazônia,-13.74029,-56.98406,Abril,24.4,51.0,68.0,0.053,4,24.5,4935.1,Área Urbana,Baixo
PR,Mata Atlântica,-23.61637,-48.89081,Julho,31.6,78.4,140.5,0.248,29,26.4,4231.2,Área Urbana,Médio
GO,Cerrado,-12.64035,-49.19053,Setembro,37.6,78.4,100.7,0.765,2,19.9,285.8,Floresta,Médio
CE,Caatinga,-3.83999,-36.67763,Março,20.0,88.7,67.4,0.856,28,30.6,854.0,Floresta,Médio
GO,Cerrado,-16.83625,-48.89545,Março,26.5,17.2,204.5,0.202,26,22.5,3289.1,Agricultura,Alto
SP,Mata Atlântica,-22.39749,-44.45821,Fevereiro,25.6,33.1,189.8,0.768,65,33.9,1210.1,Cerrado/Savana,Alto
SP,Mata Atlântica,-25.25571,-48.03911,Janeiro,28.9,75.3,158.0,0.405,33,11.5,803.2,Agricultura,Médio
CE,Caatinga,-5.06793,-39.08341,Janeiro,36.9,57.8,9.6,0.896,18,9.7,3336.6,Floresta,Baixo
CE,Caatinga,-3.4157,-38.87368,Março,29.9,57.6,191.0,0.602,49,10.4,2686.8,Cerrado/Savana,Alto
MT,Cerrado/Amazônia,-12.90712,-56.29531,Julho,37.9,24.1,302.2,0.565,28,1.2,4027.9,Floresta,Alto
CE,Caatinga,-4.64843,-37.03248,Novembro,29.0,33.9,7.4,0.419,40,36.0,1603.6,Área Urbana,Médio
AM,Amazônia,-3.22151,-62.79463,Setembro,31.3,54.3,61.6,0.819,36,40.0,1655.2,Floresta,Médio
GO,Cerrado,-15.15559,-49.54227,Fevereiro,26.8,33.6,500.0,0.81,88,32.7,761.0,Floresta,Alto
RS,Pampa,-32.38649,-51.25348,Julho,37.2,27.9,109.7,0.607,68,16.5,3264.8,Cerrado/Savana,Médio
PA,Amazônia,-5.69111,-53.54581,Janeiro,39.9,17.5,86.5,0.655,56,14.2,3547.4,Floresta,Médio
CE,Caatinga,-3.54663,-40.82852,Fevereiro,32.3,23.2,23.4,0.799,57,31.0,700.7,Floresta,Médio
BA,Caatinga,-11.89657,-41.92179,Junho,37.2,75.4,100.0,0.879,50,20.4,1278.0,Floresta,Médio
SP,Mata Atlântica,-23.38846,-46.01232,Novembro,16.6,78.4,69.4,-0.05,0,37.6,19.3,Corpo d'Água,Médio
AM,Amazônia,-5.43136,-61.93251,Maio,39.5,13.9,16.4,0.472,54,11.2,3740.9,Cerrado/Savana,Médio
PR,Mata Atlântica,-21.45658,-53.88515,Agosto,20.1,27.3,74.9,0.174,114,13.0,1053.4,Cerrado/Savana,Médio
PA,Amazônia,-5.62641,-51.04514,Dezembro,21.9,57.6,21.6,0.874,20,40.0,769.7,Área Urbana,Médio
RS,Pampa,-29.57757,-50.19805,Novembro,16.4,37.4,157.4,0.643,24,39.1,358.6,Agricultura,Alto
PA,Amazônia,-9.1035,-51.83263,Fevereiro,41.1,80.0,436.3,0.505,8,35.4,4158.2,Pastagem,Alto
CE,Caatinga,-6.24253,-39.18518,Janeiro,38.0,76.7,76.1,0.822,47,16.2,628.7,Pastagem,Médio
MT,Cerrado/Amazônia,-12.72415,-53.5025,Julho,39.7,85.8,120.1,0.062,32,33.5,158.0,Agricultura,Alto
SP,Mata Atlântica,-22.72996,-46.79894,Junho,37.9,57.8,67.7,0.623,16,11.3,330.9,Floresta,Médio
SP,Mata Atlântica,-25.81454,-46.44828,Agosto,27.9,39.9,17.9,0.464,10,10.2,1840.5,Pastagem,Baixo
PR,Mata Atlântica,-23.65516,-51.67083,Novembro,40.0,61.5,423.0,0.784,43,21.9,2987.3,Floresta,Alto
MT,Cerrado/Amazônia,-13.43848,-57.77888,Agosto,41.2,17.6,16.7,0.602,33,34.4,1997.0,Floresta,Baixo
GO,Cerrado,-15.02729,-48.70092,Fevereiro,28.6,10.8,14.2,0.77,58,3.9,2282.5,Floresta,Baixo
MG,Cerrado,-16.46818,-46.0425,Agosto,19.7,11.5,73.8,0.019,30,22.6,4597.3,Agricultura,Baixo
AM,Amazônia,-2.68103,-62.40256,Junho,32.8,44.6,129.1,0.309,12,24.4,3797.0,Área Urbana,Médio
SP,Mata Atlântica,-23.68835,-46.02726,Setembro,41.3,29.4,52.6,0.166,43,23.2,1711.8,Pastagem,Médio
BA,Caatinga,-11.96852,-40.90685,Dezembro,38.5,23.4,25.7,-0.1,30,8.7,780.0,Cerrado/Savana,Médio
SP,Mata Atlântica,-25.13621,-47.75472,Julho,38.3,62.3,205.1,-0.058,38,2.6,3748.4,Pastagem,Médio
PA,Amazônia,-3.3112,-53.06086,Fevereiro,40.2,94.6,54.1,0.314,10,35.8,2871.9,Agricultura,Baixo
SP,Mata Atlântica,-23.09098,-45.048,Agosto,39.1,25.1,25.9,0.46,53,23.0,4811.6,Pastagem,Médio
SP,Mata Atlântica,-22.85484,-45.81022,Setembro,36.0,56.4,54.5,0.774,4,30.7,4543.1,Pastagem,Baixo
MG,Cerrado,-17.16813,-47.725,Julho,34.4,20.2,29.0,0.836,22,14.6,2822.6,Floresta,Médio
MG,Cerrado,-19.24493,-43.84709,Abril,22.1,89.4,87.9,0.425,12,1.7,358.9,Pastagem,Médio
RS,Pampa,-27.94853,-51.13086,Setembro,31.8,34.8,132.4,0.871,60,10.4,164.5,Floresta,Médio
GO,Cerrado,-17.09707,-51.06713,Abril,29.1,84.7,192.9,0.275,48,2.9,4189.2,Pastagem,Médio
BA,Caatinga,-11.25421,-42.02666,Dezembro,38.3,34.1,31.0,0.833,53,3.1,3493.2,Agricultura,Baixo
SP,Mata Atlântica,-23.5608,-45.70745,Abril,28.3,78.5,21.9,0.68,38,8.6,2805.2,Floresta,Baixo
SP,Mata Atlântica,-27.90229,-43.62945,Setembro,18.4,27.8,2.4,0.749,61,25.3,3447.7,Floresta,Médio
AM,Amazônia,-4.56661,-61.8571,Agosto,15.1,81.7,31.1,-0.021,0,32.7,3.3,Corpo d'Água,Médio
MG,Cerrado,-21.06705,-45.18381,Abril,33.3,26.4,2.9,0.86,56,32.9,2895.9,Agricultura,Médio
BA,Caatinga,-10.71297,-44.57425,Agosto,29.8,32.5,50.9,0.356,14,37.5,1137.2,Cerrado/Savana,Médio
PR,Mata Atlântica,-23.2007,-51.96054,Agosto,23.9,81.0,18.9,0.617,52,26.3,2283.0,Floresta,Baixo
RS,Pampa,-29.29925,-50.24371,Julho,19.6,64.3,104.1,0.353,34,0.8,65.3,Cerrado/Savana,Médio
GO,Cerrado,-15.16787,-51.13743,Outubro,27.6,44.5,58.1,0.153,22,15.1,3347.0,Cerrado/Savana,Baixo
MT,Cerrado/Amazônia,-13.22682,-59.11233,Junho,17.7,92.6,11.8,0.71,8,4.5,1668.2,Agricultura,Baixo
GO,Cerrado,-15.09231,-47.28692,Agosto,24.1,49.5,61.3,0.732,45,31.1,3285.1,Floresta,Baixo
PA,Amazônia,-8.27666,-53.87247,Julho,25.2,92.4,28.2,0.59,29,4.8,4633.0,Agricultura,Baixo
SP,Mata Atlântica,-23.82266,-46.36999,Maio,27.6,26.7,136.8,0.494,36,4.2,2962.3,Área Urbana,Médio
RS,Pampa,-28.71124,-51.4583,Dezembro,27.6,86.9,54.4,0.044,16,1.1,1647.1,Cerrado/Savana,Baixo
PA,Amazônia,-6.01394,-51.0753,Abril,21.9,11.2,19.1,0.839,19,38.2,1043.7,Floresta,Baixo
BA,Caatinga,-11.58701,-40.89153,Dezembro,38.0,56.4,51.6,0.559,25,31.4,1266.0,Agricultura,Médio
MT,Cerrado/Amazônia,-12.51123,-55.44527,Fevereiro,24.6,46.0,30.5,0.212,19,13.3,4936.6,Agricultura,Baixo
MG,Cerrado,-19.49446,-45.73904,Novembro,21.2,54.6,190.6,0.625,14,15.1,3080.7,Floresta,Alto
RS,Pampa,-28.91085,-53.66755,Agosto,19.7,57.0,491.6,-0.041,41,2.4,2208.3,Pastagem,Alto
RS,Pampa,-29.89173,-51.70484,Setembro,23.7,43.1,3.1,0.666,24,6.3,1162.6,Agricultura,Baixo
SP,Mata Atlântica,-25.65863,-48.0269,Abril,16.8,94.8,140.5,0.662,25,12.5,3867.5,Floresta,Médio
CE,Caatinga,-5.26346,-38.09906,Abril,15.9,93.0,36.8,0.681,60,15.5,1943.3,Floresta,Baixo
RS,Pampa,-31.00944,-49.40993,Maio,31.3,91.7,8.2,0.768,34,24.8,1512.6,Floresta,Baixo
AM,Amazônia,-3.37523,-60.25442,Fevereiro,31.7,94.1,1.7,-0.187,0,14.0,23.5,Corpo d'Água,Baixo
MT,Cerrado/Amazônia,-13.58674,-56.99321,Julho,29.3,77.4,255.4,0.746,66,38.2,936.3,Floresta,Alto
MT,Cerrado/Amazônia,-12.12727,-57.18927,Maio,35.6,94.0,52.4,0.698,13,13.7,1374.2,Floresta,Baixo
AM,Amazônia,-2.04046,-65.53135,Junho,16.1,85.9,500.0,0.664,48,37.7,3139.7,Floresta,Alto
PR,Mata Atlântica,-21.25639,-50.26334,Abril,40.3,95.6,70.1,-0.091,0,29.2,4.7,Corpo d'Água,Médio
AM,Amazônia,-3.7303,-63.04848,Agosto,17.6,76.7,24.9,0.618,20,36.0,312.4,Floresta,Médio
AM,Amazônia,-4.76963,-61.25158,Agosto,33.2,87.5,180.1,0.363,51,28.1,1801.5,Agricultura,Alto
MT,Cerrado/Amazônia,-11.18753,-57.16379,Dezembro,18.6,70.6,313.2,0.634,37,22.7,2928.4,Floresta,Alto
GO,Cerrado,-14.16951,-51.20089,Maio,38.8,45.9,202.9,0.826,10,20.4,310.5,Agricultura,Alto
MT,Cerrado/Amazônia,-14.30572,-54.19999,Dezembro,28.8,15.6,164.1,0.228,8,11.7,2268.6,Agricultura,Médio
CE,Caatinga,-4.21334,-37.55473,Junho,17.2,78.8,48.9,0.833,44,11.9,270.9,Floresta,Médio
SP,Mata Atlântica,-24.83091,-48.01529,Março,31.7,91.0,8.0,0.615,36,8.9,3843.2,Floresta,Baixo
PA,Amazônia,-6.07791,-53.96609,Janeiro,15.2,40.8,27.0,0.7,30,15.4,4360.7,Floresta,Baixo
GO,Cerrado,-14.77195,-50.96669,Setembro,36.0,22.9,71.0,0.584,51,5.1,4819.4,Cerrado/Savana,Médio
MG,Cerrado,-20.2675,-44.33698,Setembro,32.6,37.8,375.4,0.238,23,15.5,3459.4,Agricultura,Alto
PA,Amazônia,-7.47498,-55.4292,Março,20.7,59.5,154.0,0.726,1,33.3,3164.0,Floresta,Médio
SP,Mata Atlântica,-23.35011,-49.25383,Abril,25.1,36.9,211.4,0.495,48,34.8,3473.4,Pastagem,Alto
CE,Caatinga,-3.93708,-41.743,Julho,15.2,61.9,39.0,0.695,66,25.7,4274.7,Floresta,Baixo
CE,Caatinga,-8.46101,-40.09069,Fevereiro,33.7,92.2,138.2,0.057,10,10.3,4037.4,Cerrado/Savana,Médio
MG,Cerrado,-18.29311,-43.81279,Dezembro,23.7,67.0,238.0,0.675,14,9.6,2198.1,Floresta,Alto
GO,Cerrado,-15.57198,-51.42897,Março,30.4,40.8,78.3,0.694,69,11.1,3258.9,Floresta,Baixo
PR,Mata Atlântica,-23.82041,-50.10979,Junho,40.8,89.5,67.4,0.697,17,20.0,818.0,Floresta,Médio
AM,Amazônia,-5.27864,-62.49151,Novembro,23.1,58.1,152.5,0.691,26,39.1,3477.7,Pastagem,Médio
GO,Cerrado,-16.24166,-49.50943,Agosto,41.7,20.9,98.5,0.687,44,4.4,3656.5,Floresta,Baixo
PR,Mata Atlântica,-25.19739,-51.65182,Janeiro,32.1,52.4,500.0,0.833,26,20.0,4008.5,Agricultura,Alto
CE,Caatinga,-4.13728,-41.32078,Abril,21.5,65.6,66.4,0.388,11,27.3,4090.1,Área Urbana,Baixo
MT,Cerrado/Amazônia,-11.57394,-55.2083,Janeiro,26.8,81.3,23.2,0.529,7,9.8,2205.1,Agricultura,Baixo
SP,Mata Atlântica,-21.0988,-49.84505,Fevereiro,35.0,84.1,76.6,-0.061,0,38.8,49.8,Corpo d'Água,Médio
MG,Cerrado,-18.78435,-47.49765,Agosto,27.1,37.0,32.2,0.405,54,14.0,4904.9,Área Urbana,Baixo
SP,Mata Atlântica,-27.2026,-46.41386,Junho,16.8,23.2,98.9,0.796,29,37.3,4890.4,Floresta,Médio
BA,Caatinga,-13.17873,-41.25022,Setembro,19.6,16.3,16.1,0.652,32,23.9,2932.9,Cerrado/Savana,Baixo
BA,Caatinga,-11.85081,-39.82816,Fevereiro,36.4,72.8,359.4,0.482,36,0.2,2801.8,Pastagem,Alto
GO,Cerrado,-15.74912,-45.45497,Março,32.5,77.6,235.8,0.019,17,12.4,2292.1,Cerrado/Savana,Alto
CE,Caatinga,-4.64039,-36.88628,Setembro,30.4,78.8,20.3,0.011,0,0.9,23.6,Corpo d'Água,Baixo
CE,Caatinga,-8.59926,-37.62539,Setembro,19.5,43.7,22.7,0.603,23,15.3,1675.5,Cerrado/Savana,Baixo
AM,Amazônia,-3.74114,-65.14252,Junho,37.6,91.1,86.2,0.448,41,37.3,1086.6,Agricultura,Médio
AM,Amazônia,-2.83918,-62.67443,Março,40.9,87.9,177.9,-0.009,48,31.2,4779.1,Pastagem,Médio
AM,Amazônia,-2.59992,-60.70339,Maio,16.1,89.2,29.7,-0.145,0,24.8,17.2,Corpo d'Água,Baixo
MT,Cerrado/Amazônia,-14.91373,-55.39762,Fevereiro,17.1,76.4,7.5,-0.049,36,21.5,4673.0,Agricultura,Baixo
PA,Amazônia,-5.53028,-50.70074,Julho,38.9,62.9,94.6,0.378,31,14.9,1941.8,Cerrado/Savana,Médio
RS,Pampa,-30.33772,-51.93561,Outubro,37.0,23.1,141.2,0.624,58,8.5,1498.0,Floresta,Médio
PA,Amazônia,-5.49942,-52.57721,Novembro,31.7,40.3,33.6,-0.098,17,2.5,672.4,Área Urbana,Baixo
SP,Mata Atlântica,-24.54418,-47.37446,Agosto,40.5,25.1,161.5,-0.033,101,7.6,1508.2,Área Urbana,Alto
PA,Amazônia,-7.38031,-53.38197,Junho,32.5,35.1,361.0,0.7,128,14.1,4451.9,Agricultura,Alto
MT,Cerrado/Amazônia,-11.66553,-57.12603,Agosto,20.8,62.3,17.7,-0.09,60,20.8,2915.6,Agricultura,Baixo
SP,Mata Atlântica,-22.0364,-46.90814,Fevereiro,34.7,41.9,85.9,-0.09,9,8.2,2267.9,Cerrado/Savana,Baixo
PA,Amazônia,-7.68728,-51.83409,Março,32.4,43.5,7.0,0.511,79,39.0,2845.6,Pastagem,Médio
MT,Cerrado/Amazônia,-13.69043,-57.27005,Julho,41.6,55.9,27.8,0.689,53,3.1,4464.5,Área Urbana,Baixo
RS,Pampa,-28.17364,-52.97131,Outubro,20.8,17.4,11.3,0.721,61,3.8,972.2,Floresta,Médio
PA,Amazônia,-5.29288,-52.79078,Dezembro,31.1,72.8,62.1,0.68,21,27.3,4828.6,Cerrado/Savana,Baixo
MT,Cerrado/Amazônia,-11.62861,-55.63727,Janeiro,36.1,44.1,206.3,0.261,51,30.2,3334.3,Cerrado/Savana,Alto
AM,Amazônia,-3.07424,-62.76056,Julho,24.2,50.8,103.3,0.783,49,38.9,4278.2,Pastagem,Médio
CE,Caatinga,-4.38994,-37.64652,Junho,25.3,92.8,30.2,-0.087,23,21.2,2631.8,Pastagem,Baixo
AM,Amazônia,-3.51093,-62.62088,Agosto,39.0,39.3,4.9,0.212,19,6.6,1190.8,Pastagem,Baixo
CE,Caatinga,-4.51774,-39.59191,Julho,25.9,65.1,96.7,0.741,51,37.5,2841.5,Floresta,Médio
MG,Cerrado,-20.51656,-44.191,Abril,31.9,43.4,17.1,0.65,52,39.2,349.0,Floresta,Baixo
MG,Cerrado,-20.53014,-43.98828,Março,39.0,86.0,50.4,0.236,43,36.9,4262.5,Agricultura,Baixo
MG,Cerrado,-19.70571,-44.49469,Março,20.7,78.9,85.6,-0.179,0,34.9,27.2,Corpo d'Água,Médio
RS,Pampa,-29.44411,-47.54914,Abril,41.5,30.5,280.9,0.796,18,3.1,1421.5,Floresta,Alto
AM,Amazônia,-2.35588,-60.1728,Setembro,34.0,68.8,10.2,0.728,20,34.2,1379.6,Floresta,Baixo
CE,Caatinga,-2.29238,-38.91612,Setembro,28.4,15.5,132.5,0.649,65,38.1,4515.0,Agricultura,Médio
MT,Cerrado/Amazônia,-12.25147,-58.52008,Fevereiro,26.6,91.9,1.7,0.615,13,22.1,4206.1,Cerrado/Savana,Baixo
SP,Mata Atlântica,-23.72494,-47.71463,Maio,40.8,39.7,119.3,0.75,88,30.9,3817.9,Floresta,Médio
MT,Cerrado/Amazônia,-13.28159,-54.114,Janeiro,20.6,80.7,96.2,0.223,49,26.4,2079.8,Pastagem,Médio
SP,Mata Atlântica,-23.37807,-47.94385,Abril,23.4,37.1,200.5,0.188,18,11.5,4363.8,Pastagem,Médio
BA,Caatinga,-10.5182,-40.26709,Fevereiro,23.3,63.8,91.0,0.763,6,23.5,1242.0,Floresta,Médio
MT,Cerrado/Amazônia,-11.16852,-59.9292,Agosto,22.8,72.5,52.2,-0.046,0,35.6,20.3,Corpo d'Água,Médio
PA,Amazônia,-2.61699,-53.56777,Abril,27.7,84.5,33.4,-0.054,44,19.9,2169.5,Cerrado/Savana,Baixo
PA,Amazônia,-4.37307,-48.9443,Maio,41.7,23.6,10.7,-0.1,37,23.6,4598.4,Cerrado/Savana,Médio
GO,Cerrado,-12.597,-51.30634,Novembro,39.0,56.5,91.8,0.005,124,21.3,2860.4,Cerrado/Savana,Médio
AM,Amazônia,-5.63678,-60.07448,Abril,23.9,39.6,263.1,0.725,7,11.3,1154.9,Agricultura,Alto
SP,Mata Atlântica,-23.33692,-47.38132,Maio,26.4,46.9,86.8,-0.056,58,25.7,3257.6,Área Urbana,Médio
SP,Mata Atlântica,-22.61817,-46.87432,Maio,33.1,38.5,161.2,0.565,12,20.4,3727.5,Cerrado/Savana,Médio
AM,Amazônia,-2.41801,-62.11953,Maio,15.5,38.6,42.5,0.76,78,9.3,2756.2,Floresta,Baixo
RS,Pampa,-28.94642,-52.5718,Novembro,37.1,56.1,71.3,0.827,2,35.8,4214.6,Floresta,Baixo
GO,Cerrado,-13.69331,-48.79356,Março,38.8,26.3,47.1,0.574,27,38.0,2965.9,Floresta,Baixo
RS,Pampa,-29.06055,-52.9065,Julho,38.1,55.7,13.9,0.387,11,2.2,489.1,Pastagem,Baixo
RS,Pampa,-27.48055,-51.25057,Março,25.1,33.7,64.7,0.705,19,24.9,4049.6,Agricultura,Baixo
RS,Pampa,-28.93793,-51.71424,Fevereiro,27.5,34.6,173.4,0.606,20,16.6,740.3,Cerrado/Savana,Alto
AM,Amazônia,-3.07867,-61.77431,Março,15.3,74.5,60.3,0.077,0,21.0,0.2,Corpo d'Água,Médio
RS,Pampa,-34.2599,-50.35633,Novembro,25.8,12.5,126.0,0.667,31,15.0,2614.0,Agricultura,Médio
PA,Amazônia,-2.59199,-51.92033,Março,27.4,42.4,170.6,0.105,25,19.0,3662.0,Cerrado/Savana,Médio
MG,Cerrado,-19.94656,-43.57506,Agosto,39.5,44.6,46.8,0.68,42,12.9,4860.8,Floresta,Baixo
BA,Caatinga,-10.99078,-40.9313,Abril,39.1,51.2,191.7,0.86,41,4.7,2165.4,Cerrado/Savana,Médio
SP,Mata Atlântica,-23.66119,-46.99322,Março,41.1,66.9,49.7,0.244,36,12.1,2304.0,Pastagem,Baixo
SP,Mata Atlântica,-23.91946,-45.58333,Outubro,38.9,41.4,35.5,0.87,10,26.8,4131.0,Pastagem,Baixo
BA,Caatinga,-14.69069,-42.25781,Maio,15.2,28.1,30.2,0.483,39,2.0,560.1,Pastagem,Baixo
AM,Amazônia,-1.07659,-59.76871,Abril,32.3,85.2,26.8,0.877,50,15.3,148.2,Floresta,Baixo
MT,Cerrado/Amazônia,-14.89722,-58.61712,Setembro,16.8,93.4,160.3,0.626,11,1.7,3025.5,Floresta,Médio
AM,Amazônia,-3.87593,-60.88112,Agosto,22.4,11.7,262.2,0.716,75,14.3,845.9,Agricultura,Alto
SP,Mata Atlântica,-26.29121,-46.71221,Novembro,30.6,56.4,31.5,0.294,27,3.5,1286.1,Agricultura,Baixo
SP,Mata Atlântica,-24.26127,-44.64105,Julho,33.9,39.0,10.7,-0.067,4,13.6,4881.6,Área Urbana,Baixo
BA,Caatinga,-15.09536,-41.56119,Agosto,32.7,79.0,45.2,-0.159,0,33.5,38.5,Corpo d'Água,Médio
RS,Pampa,-30.62041,-49.0253,Maio,16.3,38.5,128.7,0.825,16,24.5,4280.3,Floresta,Médio
AM,Amazônia,-2.57352,-63.09872,Abril,17.8,64.3,55.2,0.525,26,27.3,4490.0,Cerrado/Savana,Baixo
CE,Caatinga,-3.81992,-40.23324,Julho,18.5,26.2,95.6,0.088,51,20.2,615.5,Área Urbana,Médio
BA,Caatinga,-11.08101,-42.05562,Janeiro,17.5,87.6,163.7,0.148,29,36.9,4639.6,Área Urbana,Alto
PA,Amazônia,-3.958,-52.07588,Junho,19.8,49.6,63.0,0.626,16,21.6,4333.9,Floresta,Baixo
SP,Mata Atlântica,-18.65926,-46.70934,Agosto,33.6,37.7,500.0,-0.086,15,4.2,236.3,Cerrado/Savana,Alto
BA,Caatinga,-12.00571,-42.41914,Julho,37.4,75.1,42.4,0.88,24,37.3,4886.3,Floresta,Baixo
AM,Amazônia,-3.46597,-66.27275,Fevereiro,26.0,11.4,459.4,0.059,46,5.3,2297.0,Agricultura,Alto
SP,Mata Atlântica,-22.85162,-44.61569,Julho,33.7,46.7,27.2,0.183,25,40.0,4872.7,Agricultura,Baixo
MT,Cerrado/Amazônia,-12.08505,-58.89079,Junho,20.4,40.2,14.1,0.207,56,17.4,4121.0,Agricultura,Baixo
BA,Caatinga,-13.78268,-45.34529,Maio,41.3,38.7,166.8,0.119,66,2.9,2206.3,Cerrado/Savana,Médio
GO,Cerrado,-14.36161,-51.34977,Abril,24.4,38.7,145.4,0.692,9,34.6,2562.7,Cerrado/Savana,Médio
SP,Mata Atlântica,-23.59306,-46.86061,Janeiro,37.8,12.7,200.0,0.472,112,3.7,1382.7,Floresta,Alto
AM,Amazônia,-1.23841,-62.09208,Fevereiro,40.5,22.9,50.5,0.045,60,7.0,2439.7,Cerrado/Savana,Médio
MG,Cerrado,-17.29666,-43.7303,Julho,38.3,87.8,320.5,-0.084,0,16.7,26.1,Corpo d'Água,Alto
CE,Caatinga,-3.06088,-40.00869,Outubro,16.8,94.0,15.3,0.879,43,27.0,4544.1,Floresta,Baixo
PR,Mata Atlântica,-22.08558,-54.52849,Março,32.6,11.9,3.7,0.588,17,4.8,3568.9,Cerrado/Savana,Médio
RS,Pampa,-28.74379,-52.52993,Maio,18.2,24.2,42.9,-0.038,11,24.9,4028.0,Agricultura,Baixo
PR,Mata Atlântica,-25.62912,-50.69588,Agosto,15.2,92.8,191.5,-0.061,81,31.2,2660.3,Cerrado/Savana,Alto
AM,Amazônia,-2.6279,-61.31036,Agosto,16.4,63.4,134.1,0.466,50,4.9,636.9,Área Urbana,Alto
PA,Amazônia,-7.61924,-50.55645,Junho,39.7,48.3,68.8,0.787,34,25.9,2690.9,Cerrado/Savana,Baixo
PA,Amazônia,-6.89097,-53.88093,Maio,39.5,16.7,35.5,0.023,61,38.4,1652.7,Agricultura,Médio
MG,Cerrado,-17.55315,-44.98008,Fevereiro,21.1,66.9,7.3,0.148,37,38.7,60.4,Agricultura,Baixo
RS,Pampa,-29.56761,-54.4649,Setembro,29.8,21.7,49.4,0.857,20,6.5,3079.0,Floresta,Baixo
GO,Cerrado,-15.40351,-49.51325,Janeiro,40.8,67.1,73.9,0.502,25,30.4,4269.7,Cerrado/Savana,Baixo
MG,Cerrado,-19.27479,-47.66111,Novembro,28.4,93.2,139.4,0.623,16,33.9,3555.7,Floresta,Médio
PR,Mata Atlântica,-25.20921,-51.60606,Fevereiro,25.6,55.2,124.6,0.049,32,35.6,1125.4,Cerrado/Savana,Alto
MG,Cerrado,-19.06084,-47.30426,Janeiro,28.0,28.2,353.3,0.076,17,12.9,4097.5,Cerrado/Savana,Alto
PR,Mata Atlântica,-22.4979,-52.50829,Dezembro,36.3,63.1,12.7,0.182,53,10.8,1554.4,Área Urbana,Médio
SP,Mata Atlântica,-23.88331,-50.24421,Abril,27.9,53.6,49.2,0.857,37,1.9,1100.2,Floresta,Baixo
PA,Amazônia,-3.14772,-53.42982,Abril,36.1,55.3,78.8,0.659,23,16.0,4806.1,Floresta,Baixo
SP,Mata Atlântica,-23.40231,-44.94889,Maio,26.7,50.6,133.3,0.709,8,5.0,92.8,Floresta,Médio
CE,Caatinga,-6.11446,-38.20513,Maio,21.8,67.3,82.1,0.526,52,31.5,846.2,Agricultura,Médio
RS,Pampa,-33.12199,-50.40352,Agosto,23.8,58.6,292.7,0.418,40,5.7,2340.3,Área Urbana,Alto
GO,Cerrado,-13.47164,-50.71063,Novembro,17.1,93.9,112.6,0.223,29,32.8,843.7,Cerrado/Savana,Médio
PR,Mata Atlântica,-23.21168,-48.79912,Novembro,28.4,80.2,4.9,0.696,9,4.3,842.7,Floresta,Baixo
GO,Cerrado,-16.21226,-50.34629,Março,19.0,32.5,14.5,0.701,20,19.2,3175.4,Floresta,Baixo
PR,Mata Atlântica,-26.23744,-52.3146,Junho,36.9,71.7,168.0,0.876,60,15.4,4097.0,Floresta,Médio
AM,Amazônia,-4.69304,-63.56867,Dezembro,26.4,28.2,151.0,0.069,19,24.1,3311.5,Pastagem,Médio
MG,Cerrado,-16.71175,-45.73489,Dezembro,35.7,76.5,20.0,0.732,9,20.8,516.2,Floresta,Baixo
CE,Caatinga,-4.71222,-39.59265,Março,40.8,22.5,7.3,-0.1,82,23.9,4477.9,Área Urbana,Médio
PA,Amazônia,-3.29286,-53.48473,Fevereiro,37.9,50.3,103.7,0.688,25,0.0,4614.5,Floresta,Baixo
PR,Mata Atlântica,-24.31828,-50.3634,Agosto,40.7,77.2,121.2,0.317,26,5.1,1412.2,Área Urbana,Médio
GO,Cerrado,-13.59538,-50.61663,Janeiro,30.3,33.8,17.4,0.763,52,20.7,2770.0,Cerrado/Savana,Médio
CE,Caatinga,-6.02684,-41.24267,Setembro,19.5,81.2,77.0,0.184,110,9.2,2431.3,Área Urbana,Médio
MT,Cerrado/Amazônia,-9.32555,-54.84329,Novembro,40.3,64.8,43.8,0.815,80,3.1,3344.4,Área Urbana,Médio
MT,Cerrado/Amazônia,-12.7433,-54.02284,Julho,38.4,85.1,321.4,0.041,0,8.7,22.5,Corpo d'Água,Alto
SP,Mata Atlântica,-23.7028,-45.54338,Dezembro,38.3,46.0,29.7,0.547,44,31.2,4932.0,Agricultura,Baixo
PA,Amazônia,-5.52474,-52.13329,Outubro,33.7,88.7,158.6,0.878,56,21.7,2550.6,Floresta,Médio
AM,Amazônia,-3.03236,-62.85748,Dezembro,31.9,28.5,87.6,0.879,79,7.6,468.8,Floresta,Médio
GO,Cerrado,-14.19125,-48.76607,Novembro,15.4,68.9,1.4,0.769,29,0.6,1679.0,Agricultura,Baixo
MG,Cerrado,-16.96846,-44.06966,Abril,35.2,70.1,87.3,0.01,53,14.3,2073.7,Área Urbana,Médio
MG,Cerrado,-19.86985,-41.98592,Março,17.5,88.4,12.6,0.827,14,14.3,2677.8,Floresta,Baixo
GO,Cerrado,-16.22383,-49.2939,Junho,22.0,70.6,129.1,0.481,69,29.4,4802.2,Área Urbana,Médio
RS,Pampa,-29.07693,-50.69387,Setembro,29.9,59.7,100.0,0.761,3,36.8,1319.5,Pastagem,Médio
AM,Amazônia,-2.09687,-60.60993,Setembro,27.2,86.7,1.3,0.755,36,14.9,2688.1,Floresta,Baixo
CE,Caatinga,-5.43725,-37.2118,Abril,15.4,80.5,27.5,0.635,56,27.5,1462.3,Floresta,Médio
PR,Mata Atlântica,-25.29036,-51.04488,Outubro,37.2,70.9,179.7,0.812,21,25.4,4598.1,Floresta,Médio
RS,Pampa,-30.61152,-52.24021,Maio,38.7,12.8,38.7,0.645,63,16.9,4949.9,Floresta,Médio
PR,Mata Atlântica,-23.32371,-46.86715,Novembro,33.4,41.7,83.0,0.375,4,2.6,4355.0,Agricultura,Baixo
PR,Mata Atlântica,-25.43264,-49.72702,Setembro,29.6,63.7,44.9,0.826,48,18.9,1700.3,Floresta,Baixo
RS,Pampa,-30.51887,-51.24573,Fevereiro,40.9,54.4,305.4,0.329,11,14.2,1396.6,Pastagem,Alto
SP,Mata Atlântica,-20.91362,-48.2403,Fevereiro,18.2,37.1,92.3,0.01,18,22.0,2161.5,Agricultura,Médio
MT,Cerrado/Amazônia,-14.68724,-57.0508,Maio,34.9,22.3,143.0,0.855,68,5.0,3740.4,Área Urbana,Médio
PR,Mata Atlântica,-23.89452,-50.8545,Janeiro,18.5,57.0,10.5,0.423,47,29.0,56.5,Pastagem,Baixo
RS,Pampa,-29.48898,-51.1788,Agosto,25.3,34.3,4.9,0.813,29,31.5,4975.6,Pastagem,Baixo
RS,Pampa,-28.85019,-55.60051,Maio,30.8,29.8,36.0,-0.078,56,15.5,4418.2,Área Urbana,Médio
BA,Caatinga,-13.70621,-41.84042,Dezembro,34.9,43.9,44.4,0.665,57,7.0,128.8,Floresta,Baixo
SP,Mata Atlântica,-22.4932,-44.39535,Outubro,15.1,76.8,139.6,0.697,40,24.9,1916.7,Floresta,Médio
PA,Amazônia,-6.86765,-50.54438,Fevereiro,22.0,51.5,101.0,0.332,58,38.2,3442.3,Área Urbana,Médio
BA,Caatinga,-13.25884,-41.89486,Dezembro,29.5,28.4,56.3,0.801,73,28.0,1214.6,Floresta,Médio
BA,Caatinga,-11.70785,-42.00485,Setembro,29.4,19.9,127.4,0.6,27,4.9,722.8,Floresta,Médio
GO,Cerrado,-14.16482,-50.44691,Fevereiro,32.2,52.4,21.4,0.146,58,15.9,3150.3,Cerrado/Savana,Baixo
MT,Cerrado/Amazônia,-13.2643,-55.34203,Julho,23.2,77.5,7.9,0.848,55,36.6,4518.6,Cerrado/Savana,Baixo
RS,Pampa,-31.17469,-50.85661,Agosto,29.6,65.5,231.3,0.589,9,25.4,4778.4,Agricultura,Alto
MT,Cerrado/Amazônia,-15.17072,-54.19054,Junho,20.1,29.7,99.6,0.83,36,5.9,61.2,Floresta,Médio
AM,Amazônia,-1.66017,-58.09484,Novembro,20.0,47.1,125.7,0.462,53,29.0,4373.5,Cerrado/Savana,Médio
GO,Cerrado,-13.82245,-51.53448,Julho,30.6,82.7,44.0,0.861,83,14.1,2808.2,Agricultura,Baixo
PA,Amazônia,-4.53703,-54.10701,Novembro,33.5,25.1,55.8,0.792,14,19.6,1196.1,Pastagem,Baixo
MT,Cerrado/Amazônia,-10.31294,-58.57171,Janeiro,18.3,55.2,10.3,0.029,6,16.6,3088.5,Pastagem,Baixo
MG,Cerrado,-20.23373,-46.96472,Abril,18.3,40.3,233.4,0.87,58,29.0,4979.0,Floresta,Alto
PR,Mata Atlântica,-25.62257,-52.58422,Julho,30.3,20.6,107.7,0.143,38,8.7,1388.1,Cerrado/Savana,Médio
AM,Amazônia,-5.36247,-59.23529,Janeiro,22.3,14.2,10.5,0.615,66,15.5,1391.7,Floresta,Médio
SP,Mata Atlântica,-22.75518,-46.01165,Janeiro,25.6,57.2,195.9,0.703,66,29.8,3497.7,Pastagem,Alto
PA,Amazônia,-3.15625,-52.34561,Novembro,25.8,11.8,70.5,0.659,25,28.2,225.6,Pastagem,Médio
AM,Amazônia,-4.59302,-64.77031,Junho,19.8,18.8,173.8,0.627,19,8.1,4104.5,Pastagem,Médio
PR,Mata Atlântica,-26.09759,-49.29188,Abril,15.0,39.5,1.5,0.275,20,14.0,3266.1,Área Urbana,Baixo
GO,Cerrado,-17.713,-49.31031,Março,38.0,13.7,3.5,0.577,24,0.6,4207.5,Floresta,Médio
PR,Mata Atlântica,-23.33911,-51.12198,Dezembro,34.3,44.0,22.5,0.111,22,21.2,1161.4,Cerrado/Savana,Baixo
BA,Caatinga,-11.98153,-40.71659,Maio,33.6,21.1,28.4,0.642,6,11.2,4237.5,Pastagem,Baixo
PR,Mata Atlântica,-24.32108,-49.13639,Setembro,29.8,39.7,173.2,0.048,9,0.5,2248.6,Pastagem,Médio
BA,Caatinga,-14.14044,-41.33936,Outubro,33.9,77.2,147.2,0.873,19,17.0,672.3,Floresta,Médio
GO,Cerrado,-18.55736,-52.95062,Outubro,40.3,63.2,114.9,0.637,15,37.1,4508.1,Floresta,Médio
CE,Caatinga,-5.22251,-38.83493,Dezembro,33.0,47.9,259.4,-0.028,117,36.9,3528.0,Agricultura,Alto
BA,Caatinga,-10.134,-38.07031,Dezembro,22.2,17.8,34.1,0.113,81,14.9,849.7,Pastagem,Médio
SP,Mata Atlântica,-21.57021,-45.53925,Novembro,30.4,62.6,281.7,0.05,20,18.0,1240.1,Cerrado/Savana,Alto
PR,Mata Atlântica,-24.65005,-53.84684,Outubro,26.9,23.9,288.3,0.851,70,9.7,1351.6,Área Urbana,Alto
PR,Mata Atlântica,-25.10905,-49.61443,Março,30.0,16.5,68.4,0.627,32,2.7,4817.0,Floresta,Baixo
SP,Mata Atlântica,-22.20258,-48.5595,Maio,29.0,66.4,11.9,0.762,24,27.8,4432.0,Área Urbana,Baixo
MG,Cerrado,-17.58896,-43.75741,Outubro,38.2,87.5,155.6,0.704,22,32.0,1738.3,Floresta,Alto
RS,Pampa,-29.50516,-51.27178,Maio,32.6,49.2,49.3,0.77,18,35.2,2338.5,Pastagem,Médio
CE,Caatinga,-4.10162,-38.60403,Setembro,20.1,13.5,190.1,0.499,85,37.4,1433.5,Pastagem,Alto
PA,Amazônia,-6.50219,-52.04748,Novembro,16.7,84.8,21.5,0.75,57,36.6,3715.8,Pastagem,Baixo
BA,Caatinga,-12.86409,-43.93085,Dezembro,26.5,15.7,93.1,0.898,9,1.1,814.4,Floresta,Médio
SP,Mata Atlântica,-24.39241,-48.97553,Outubro,15.4,83.7,85.1,0.496,17,39.1,1699.7,Pastagem,Médio
GO,Cerrado,-14.35986,-49.30617,Novembro,23.6,43.3,12.7,0.79,39,15.2,3034.5,Floresta,Baixo
BA,Caatinga,-13.11324,-39.56922,Abril,24.9,41.1,54.2,0.608,42,35.4,4387.9,Floresta,Baixo
RS,Pampa,-29.92801,-53.37683,Janeiro,25.1,56.1,10.6,0.675,38,17.6,3181.4,Floresta,Baixo
GO,Cerrado,-16.48922,-47.39072,Outubro,41.4,91.4,75.0,0.316,63,16.9,4699.2,Pastagem,Baixo
AM,Amazônia,-4.47421,-61.80717,Maio,23.2,86.4,222.1,0.814,6,0.4,4654.7,Cerrado/Savana,Médio
PR,Mata Atlântica,-23.77419,-50.66508,Janeiro,22.2,50.0,37.8,0.645,30,2.1,3594.3,Floresta,Baixo
AM,Amazônia,0.20419,-63.98445,Junho,18.5,69.1,173.7,0.6,29,26.9,1400.7,Floresta,Alto
BA,Caatinga,-14.19469,-43.43963,Dezembro,28.8,59.3,24.3,0.754,24,37.5,3418.6,Floresta,Baixo
RS,Pampa,-30.47388,-49.58093,Outubro,19.1,68.9,134.4,0.797,32,9.0,971.8,Pastagem,Médio
CE,Caatinga,-6.6476,-37.97996,Outubro,31.6,80.5,296.6,0.693,38,3.8,1672.7,Pastagem,Alto
BA,Caatinga,-12.52731,-43.3635,Julho,19.2,12.9,47.0,0.863,26,8.6,3791.9,Cerrado/Savana,Baixo
SP,Mata Atlântica,-26.17705,-48.92136,Janeiro,30.6,37.7,276.8,0.131,14,8.5,4254.7,Área Urbana,Alto
MT,Cerrado/Amazônia,-13.67878,-57.17373,Outubro,37.3,91.5,84.5,0.267,42,11.7,2089.7,Pastagem,Baixo
BA,Caatinga,-10.56091,-40.50137,Abril,16.1,90.7,45.7,0.407,20,3.8,2622.0,Área Urbana,Baixo
PR,Mata Atlântica,-26.14841,-50.937,Setembro,26.3,11.0,272.2,0.133,44,9.4,1936.8,Pastagem,Alto
PR,Mata Atlântica,-22.41268,-48.73912,Janeiro,27.4,27.1,3.9,0.294,10,36.9,2401.7,Cerrado/Savana,Baixo
BA,Caatinga,-13.05161,-40.26257,Setembro,36.4,94.5,3.4,0.438,18,35.6,2567.3,Pastagem,Baixo
GO,Cerrado,-13.74507,-52.10061,Agosto,27.6,51.9,109.9,0.714,34,12.7,3462.3,Floresta,Baixo
MT,Cerrado/Amazônia,-13.44861,-53.58997,Maio,30.3,58.7,191.2,0.157,58,39.9,3755.1,Pastagem,Alto
SP,Mata Atlântica,-24.00155,-51.02343,Junho,36.4,76.1,167.1,-0.016,0,11.9,41.6,Corpo d'Água,Alto
BA,Caatinga,-12.76144,-40.01306,Julho,30.1,86.0,9.9,0.715,24,28.9,2193.9,Floresta,Baixo
GO,Cerrado,-15.82023,-48.76695,Abril,24.7,29.7,360.1,0.262,50,25.8,424.9,Cerrado/Savana,Alto
PR,Mata Atlântica,-23.48267,-52.08241,Junho,17.3,26.1,145.7,0.12,39,2.6,3444.0,Cerrado/Savana,Médio
PR,Mata Atlântica,-25.66909,-51.31984,Julho,34.7,29.4,357.4,0.407,27,13.7,2496.4,Cerrado/Savana,Alto
RS,Pampa,-29.76333,-51.14888,Novembro,38.5,88.2,47.9,-0.032,12,38.1,4206.7,Agricultura,Baixo
BA,Caatinga,-12.43727,-42.82282,Junho,41.2,69.7,142.1,0.745,20,2.0,741.3,Floresta,Médio
MT,Cerrado/Amazônia,-11.55457,-56.02115,Novembro,40.0,75.3,235.9,0.194,25,7.0,3228.1,Cerrado/Savana,Alto
MG,Cerrado,-20.51401,-45.13374,Dezembro,36.5,42.0,57.5,0.786,116,38.8,2301.7,Pastagem,Médio
MT,Cerrado/Amazônia,-12.54038,-57.72147,Junho,32.4,87.3,401.8,0.398,29,1.6,2102.3,Pastagem,Alto
PR,Mata Atlântica,-23.93394,-51.65032,Fevereiro,36.1,77.1,36.9,0.75,5,17.9,2828.7,Pastagem,Baixo
PR,Mata Atlântica,-24.63639,-52.15106,Maio,26.7,73.8,45.5,0.147,95,36.7,3424.1,Cerrado/Savana,Baixo
AM,Amazônia,-6.45983,-65.29552,Março,31.1,92.5,303.6,0.075,19,37.7,4256.1,Agricultura,Alto
PR,Mata Atlântica,-24.00559,-51.14963,Julho,24.4,41.1,419.4,0.82,45,39.2,1183.2,Floresta,Alto
SP,Mata Atlântica,-22.89201,-46.42829,Abril,23.8,61.9,40.3,0.65,24,19.3,1472.5,Floresta,Baixo
PA,Amazônia,-5.21815,-51.27646,Janeiro,35.4,87.3,17.6,0.646,30,3.5,2747.4,Cerrado/Savana,Baixo
BA,Caatinga,-11.91307,-40.13864,Dezembro,27.3,77.2,170.8,0.245,27,30.9,1739.3,Pastagem,Alto
MT,Cerrado/Amazônia,-12.42281,-57.37057,Dezembro,20.7,57.9,318.5,0.679,16,28.4,2846.0,Floresta,Alto
PA,Amazônia,-5.2487,-53.98427,Junho,20.5,16.5,110.2,0.646,36,23.2,1008.8,Floresta,Médio
GO,Cerrado,-16.39977,-49.57364,Junho,38.2,65.5,120.8,0.882,48,35.5,1545.2,Agricultura,Médio
MG,Cerrado,-18.26352,-44.70963,Julho,33.3,54.8,172.7,0.83,78,36.5,1631.0,Floresta,Alto
SP,Mata Atlântica,-25.63228,-45.67539,Novembro,29.7,83.7,19.9,-0.171,0,27.3,37.5,Corpo d'Água,Baixo
MT,Cerrado/Amazônia,-11.42866,-54.45446,Agosto,25.8,84.2,435.5,-0.048,0,4.5,3.2,Corpo d'Água,Alto
PA,Amazônia,-4.87734,-52.72781,Março,26.6,39.2,54.4,0.762,40,3.8,4190.1,Pastagem,Baixo
MG,Cerrado,-20.02954,-42.31197,Junho,16.6,42.9,118.7,-0.055,18,16.3,2572.7,Agricultura,Médio
AM,Amazônia,-3.09825,-61.92994,Outubro,27.3,67.2,75.9,0.473,26,11.7,2339.6,Pastagem,Baixo
SP,Mata Atlântica,-23.93108,-47.10695,Fevereiro,36.5,51.5,75.8,0.835,114,5.3,359.9,Floresta,Médio
SP,Mata Atlântica,-22.5176,-48.16216,Setembro,25.5,17.6,145.6,0.894,47,24.4,994.7,Pastagem,Alto
AM,Amazônia,-1.03185,-60.10871,Fevereiro,25.4,42.9,500.0,0.039,17,27.3,4477.8,Agricultura,Alto
BA,Caatinga,-13.11109,-42.9958,Março,15.4,18.0,129.1,0.459,45,27.9,2633.0,Agricultura,Médio
AM,Amazônia,-6.49281,-64.09712,Dezembro,27.4,26.2,189.6,0.565,4,7.0,4937.3,Área Urbana,Alto
SP,Mata Atlântica,-22.45513,-46.15699,Outubro,15.7,10.6,3.4,0.837,14,12.2,2963.0,Área Urbana,Baixo
SP,Mata Atlântica,-22.80952,-49.39837,Dezembro,30.4,25.4,199.6,0.781,97,8.0,1893.7,Floresta,Médio
PA,Amazônia,-6.13372,-50.67909,Dezembro,28.7,38.1,42.8,0.146,43,24.1,1377.8,Agricultura,Médio
PR,Mata Atlântica,-25.03404,-53.45844,Fevereiro,37.7,55.7,16.3,0.473,13,22.7,4592.6,Pastagem,Baixo
MG,Cerrado,-18.6774,-45.70653,Setembro,30.7,88.1,14.4,0.854,8,20.1,1860.0,Área Urbana,Baixo
AM,Amazônia,-2.96948,-62.18918,Janeiro,23.7,55.9,136.7,0.8,20,11.8,739.2,Floresta,Médio
MG,Cerrado,-17.69506,-46.37689,Maio,28.9,70.0,500.0,0.588,98,9.5,1398.5,Agricultura,Alto
AM,Amazônia,-4.14307,-60.58435,Janeiro,33.9,40.4,131.7,0.655,11,35.6,3231.7,Cerrado/Savana,Médio
GO,Cerrado,-17.86142,-51.34467,Maio,17.5,73.9,36.5,0.223,43,2.0,673.7,Cerrado/Savana,Baixo
SP,Mata Atlântica,-23.25105,-46.19991,Agosto,31.8,62.7,27.3,0.83,30,26.3,466.9,Floresta,Baixo
PR,Mata Atlântica,-25.62327,-51.96765,Agosto,39.7,84.2,89.6,-0.032,0,0.8,33.2,Corpo d'Água,Baixo
PA,Amazônia,-4.74016,-51.45555,Novembro,23.1,26.5,8.1,0.328,51,7.8,427.4,Pastagem,Médio
PR,Mata Atlântica,-26.49383,-51.00352,Agosto,31.9,35.8,61.2,0.79,26,11.6,1970.8,Pastagem,Baixo
PR,Mata Atlântica,-22.62198,-51.72384,Fevereiro,37.2,62.8,131.7,0.87,6,35.5,1620.4,Floresta,Médio
PR,Mata Atlântica,-26.50976,-53.23914,Agosto,28.8,46.2,411.8,0.314,11,5.5,1963.5,Pastagem,Alto
MG,Cerrado,-18.75111,-42.99623,Dezembro,34.4,85.6,66.5,0.167,16,37.5,2444.1,Área Urbana,Médio
AM,Amazônia,-3.53113,-61.93615,Maio,23.4,30.0,26.8,0.792,100,32.6,934.8,Floresta,Médio
CE,Caatinga,-6.59451,-38.17532,Janeiro,23.3,83.4,204.0,0.036,0,27.2,29.5,Corpo d'Água,Alto
GO,Cerrado,-17.54849,-50.59674,Julho,33.0,60.1,163.6,0.596,34,16.5,1814.0,Cerrado/Savana,Alto
MT,Cerrado/Amazônia,-11.73513,-59.97915,Junho,34.0,83.7,235.7,-0.146,0,36.2,7.4,Corpo d'Água,Alto
PR,Mata Atlântica,-24.62906,-53.10861,Maio,40.3,41.0,29.0,0.394,46,21.1,3476.5,Pastagem,Baixo
BA,Caatinga,-12.55518,-42.22808,Janeiro,21.1,65.1,62.3,0.367,84,14.8,4364.0,Cerrado/Savana,Baixo
MG,Cerrado,-15.35125,-45.13968,Janeiro,27.6,29.7,479.2,0.043,82,23.4,3348.4,Cerrado/Savana,Alto
PA,Amazônia,-2.77602,-51.84957,Junho,21.8,57.5,20.6,0.74,36,9.3,614.2,Floresta,Baixo
MT,Cerrado/Amazônia,-13.88219,-56.42378,Outubro,17.2,76.9,133.6,0.267,11,10.9,2540.3,Cerrado/Savana,Médio
CE,Caatinga,-5.55661,-39.28676,Dezembro,25.9,83.7,32.5,0.662,39,36.8,3714.9,Pastagem,Baixo
BA,Caatinga,-13.65084,-39.16473,Julho,25.1,18.9,83.2,0.619,123,31.8,4210.0,Floresta,Médio
CE,Caatinga,-3.7119,-39.60233,Outubro,22.3,78.0,193.4,-0.027,0,20.5,42.1,Corpo d'Água,Alto
MT,Cerrado/Amazônia,-10.08633,-56.80858,Outubro,23.0,64.4,80.5,-0.005,35,16.7,1125.3,Agricultura,Médio
PR,Mata Atlântica,-23.24356,-51.49255,Janeiro,24.7,13.0,196.5,0.043,59,32.3,4312.6,Área Urbana,Alto
BA,Caatinga,-11.98917,-41.82216,Setembro,41.7,68.7,66.7,0.783,40,22.8,2432.2,Agricultura,Baixo
CE,Caatinga,-4.95705,-39.3942,Abril,36.1,54.9,500.0,0.009,123,16.6,2267.6,Cerrado/Savana,Alto
PA,Amazônia,-6.5446,-53.3316,Maio,16.9,34.5,68.7,0.713,19,20.6,2475.6,Floresta,Baixo
AM,Amazônia,-3.79513,-61.87543,Fevereiro,38.6,79.2,19.4,0.84,53,9.3,874.9,Pastagem,Baixo
SP,Mata Atlântica,-23.59587,-44.87045,Dezembro,32.1,34.7,61.7,0.546,17,8.1,3141.9,Agricultura,Baixo
AM,Amazônia,-2.19932,-62.51449,Outubro,39.0,94.3,162.9,0.001,32,39.6,4041.8,Área Urbana,Alto
MT,Cerrado/Amazônia,-10.60732,-54.11047,Agosto,24.2,79.4,226.0,0.872,16,38.8,4186.9,Cerrado/Savana,Alto
MG,Cerrado,-21.57574,-43.15156,Fevereiro,27.5,70.2,74.0,0.047,5,16.8,161.6,Pastagem,Médio
SP,Mata Atlântica,-24.58948,-45.42888,Março,39.2,15.2,108.3,0.466,57,20.6,3578.8,Pastagem,Médio
GO,Cerrado,-13.97264,-51.15549,Dezembro,22.4,86.9,223.6,-0.065,70,33.1,465.2,Pastagem,Alto
PA,Amazônia,-8.31849,-51.47685,Setembro,39.7,77.2,201.5,0.771,18,29.0,4834.7,Floresta,Médio
GO,Cerrado,-15.6269,-52.34266,Fevereiro,37.4,29.5,128.7,0.247,108,4.0,2416.4,Cerrado/Savana,Médio
BA,Caatinga,-8.78565,-40.76337,Junho,41.5,43.3,202.5,0.108,55,15.0,3879.3,Agricultura,Médio
SP,Mata Atlântica,-22.54485,-44.58127,Dezembro,23.8,32.8,102.9,0.543,48,10.0,3113.1,Agricultura,Médio
GO,Cerrado,-16.70124,-49.64432,Abril,21.4,93.7,0.6,0.517,26,39.7,4760.2,Pastagem,Baixo
GO,Cerrado,-17.80898,-50.75192,Julho,23.9,82.6,5.1,-0.111,0,29.9,31.7,Corpo d'Água,Baixo
CE,Caatinga,-4.52151,-42.14793,Junho,40.8,89.1,468.3,0.776,47,1.9,1401.6,Agricultura,Alto
AM,Amazônia,-4.42443,-63.6119,Outubro,24.0,77.0,18.8,0.41,29,36.0,2419.5,Agricultura,Baixo
CE,Caatinga,-4.88686,-38.78795,Setembro,30.3,48.8,62.2,0.39,50,37.1,2526.2,Pastagem,Médio
SP,Mata Atlântica,-22.43677,-45.13178,Setembro,25.9,27.5,325.8,0.522,45,13.3,896.7,Pastagem,Alto
SP,Mata Atlântica,-21.49182,-45.71913,Outubro,25.7,27.7,26.0,0.678,75,25.7,4520.6,Floresta,Médio
MT,Cerrado/Amazônia,-9.849,-56.74075,Abril,20.2,22.9,222.8,0.256,39,27.3,1754.5,Pastagem,Alto
CE,Caatinga,-5.35998,-38.73904,Janeiro,29.5,56.5,204.6,0.405,58,29.2,446.4,Pastagem,Alto
RS,Pampa,-30.35462,-48.45115,Fevereiro,37.9,88.2,500.0,0.797,7,27.7,781.1,Floresta,Alto
AM,Amazônia,-1.77352,-61.09458,Agosto,16.3,83.6,39.7,-0.113,0,22.4,1.2,Corpo d'Água,Médio
SP,Mata Atlântica,-23.35287,-47.24122,Outubro,39.0,34.4,45.5,0.623,35,38.2,4409.6,Floresta,Médio
MT,Cerrado/Amazônia,-11.62801,-58.61065,Agosto,33.0,69.3,279.8,0.668,26,20.5,3144.8,Floresta,Alto
CE,Caatinga,-2.79845,-39.91646,Fevereiro,31.7,60.8,32.0,0.488,24,4.4,1082.0,Cerrado/Savana,Baixo
AM,Amazônia,-3.01234,-63.5844,Abril,31.9,51.6,95.3,0.719,67,3.2,1491.0,Pastagem,Médio
CE,Caatinga,-4.01552,-40.33061,Janeiro,23.0,66.6,147.5,0.842,4,0.7,4880.4,Floresta,Médio
GO,Cerrado,-14.85616,-48.70391,Julho,26.2,41.6,38.1,0.798,61,17.1,273.7,Floresta,Baixo
MT,Cerrado/Amazônia,-13.65145,-58.60529,Abril,36.6,90.3,334.5,0.868,49,10.9,4971.7,Floresta,Alto
AM,Amazônia,-1.17215,-62.50845,Novembro,23.3,70.0,131.5,0.235,48,35.8,4530.2,Cerrado/Savana,Médio
PR,Mata Atlântica,-24.55273,-50.8218,Agosto,27.7,74.1,5.8,0.871,101,34.7,3395.6,Floresta,Baixo
BA,Caatinga,-14.46055,-41.006,Setembro,15.5,30.6,17.5,0.68,74,33.5,4716.6,Cerrado/Savana,Baixo
BA,Caatinga,-12.43131,-42.6653,Dezembro,34.8,24.3,25.4,0.712,8,34.7,770.8,Floresta,Médio
AM,Amazônia,-5.2048,-61.31117,Setembro,26.3,43.5,33.7,0.71,79,11.9,4713.5,Floresta,Médio
CE,Caatinga,-3.40843,-39.38211,Março,29.2,75.2,157.4,0.731,43,17.0,1070.7,Agricultura,Médio
MT,Cerrado/Amazônia,-14.8317,-58.506,Maio,18.1,89.8,11.2,0.67,29,12.5,2735.6,Cerrado/Savana,Baixo
BA,Caatinga,-13.22819,-39.35307,Junho,41.8,46.3,51.8,0.871,72,3.4,2448.9,Cerrado/Savana,Médio
MT,Cerrado/Amazônia,-13.05013,-57.62285,Junho,23.2,75.8,290.8,0.851,16,37.0,2567.2,Floresta,Alto
BA,Caatinga,-15.09023,-42.68503,Outubro,32.1,50.0,97.6,0.728,114,24.6,1344.2,Floresta,Médio
GO,Cerrado,-17.6794,-51.34477,Agosto,30.7,35.1,37.0,0.8,33,5.3,3905.4,Agricultura,Baixo
CE,Caatinga,-4.92007,-40.25175,Junho,36.2,72.8,377.7,-0.005,53,8.2,3715.5,Cerrado/Savana,Alto
GO,Cerrado,-13.28076,-48.22299,Junho,22.9,84.2,33.6,0.057,0,18.0,21.2,Corpo d'Água,Baixo
BA,Caatinga,-13.49333,-43.07523,Abril,35.4,27.2,282.6,-0.08,54,2.1,2539.9,Cerrado/Savana,Alto
PR,Mata Atlântica,-22.81604,-49.05994,Julho,25.3,35.9,155.3,0.2,18,10.9,2745.0,Cerrado/Savana,Médio
PR,Mata Atlântica,-28.18137,-51.41071,Agosto,26.1,52.1,161.9,0.846,25,28.1,4517.8,Agricultura,Médio
GO,Cerrado,-16.20782,-48.86632,Março,33.2,84.7,173.7,-0.162,0,36.8,16.3,Corpo d'Água,Alto
PR,Mata Atlântica,-21.976,-52.27609,Julho,36.2,89.0,84.8,0.573,7,37.1,3251.2,Cerrado/Savana,Médio
BA,Caatinga,-15.67105,-40.83149,Março,33.0,60.3,202.2,0.675,17,20.8,4103.8,Floresta,Médio
AM,Amazônia,-1.38505,-62.67564,Agosto,39.3,20.3,217.1,-0.1,82,12.5,2530.6,Pastagem,Alto
GO,Cerrado,-16.88756,-50.49589,Janeiro,22.7,25.6,53.6,0.239,31,36.8,1947.1,Pastagem,Baixo
MG,Cerrado,-17.23469,-45.23169,Janeiro,39.3,74.3,61.4,-0.185,0,31.5,5.6,Corpo d'Água,Médio
CE,Caatinga,-4.60686,-39.6083,Junho,18.5,72.7,263.5,0.148,21,23.5,3888.6,Cerrado/Savana,Alto
PR,Mata Atlântica,-25.00307,-50.49806,Outubro,32.8,72.4,89.3,0.655,22,33.4,1219.6,Floresta,Médio
PR,Mata Atlântica,-25.60787,-52.19588,Setembro,29.8,16.2,242.0,0.609,20,18.4,247.7,Pastagem,Alto
SP,Mata Atlântica,-22.3536,-48.11039,Dezembro,28.4,86.1,118.3,0.841,84,4.5,2832.3,Floresta,Médio
RS,Pampa,-31.35033,-53.12047,Abril,23.4,47.7,108.0,0.347,11,37.5,4209.7,Cerrado/Savana,Médio
GO,Cerrado,-14.55648,-49.99786,Junho,28.6,66.1,3.8,0.842,32,21.4,1243.5,Cerrado/Savana,Baixo
PA,Amazônia,-7.51042,-51.44929,Dezembro,19.4,91.6,39.1,0.806,9,27.8,3839.3,Floresta,Baixo
PR,Mata Atlântica,-25.72331,-52.85752,Maio,25.0,95.8,83.7,0.006,0,15.7,19.6,Corpo d'Água,Médio
CE,Caatinga,-5.39352,-37.43191,Dezembro,17.7,51.0,106.2,0.638,47,5.4,1685.2,Cerrado/Savana,Médio
MG,Cerrado,-19.10244,-43.68699,Janeiro,30.4,14.2,119.5,0.679,0,10.9,872.4,Área Urbana,Médio
PR,Mata Atlântica,-23.79938,-50.88509,Junho,17.6,52.5,151.1,0.67,59,1.7,4672.1,Pastagem,Médio
MG,Cerrado,-16.60339,-45.61067,Setembro,19.3,31.4,128.1,0.898,40,3.5,1136.2,Agricultura,Médio
BA,Caatinga,-14.145,-43.29445,Dezembro,17.3,87.4,226.5,-0.029,70,8.2,1403.2,Cerrado/Savana,Alto
BA,Caatinga,-12.7967,-43.12057,Março,25.3,87.9,42.0,-0.199,0,22.4,43.4,Corpo d'Água,Médio
RS,Pampa,-29.80869,-51.11452,Novembro,37.7,63.9,123.1,0.85,43,39.7,1430.5,Pastagem,Alto
AM,Amazônia,-1.94214,-61.78328,Março,39.5,83.1,6.3,0.893,11,33.7,822.9,Floresta,Baixo
PA,Amazônia,-6.16423,-52.11373,Fevereiro,16.9,93.6,78.5,0.709,32,3.4,1778.7,Floresta,Baixo
SP,Mata Atlântica,-25.09529,-46.68721,Abril,32.1,52.8,37.4,0.771,45,33.7,2364.1,Área Urbana,Médio
RS,Pampa,-29.5509,-51.03602,Outubro,33.5,48.7,57.5,0.121,10,21.5,2763.3,Pastagem,Baixo
MT,Cerrado/Amazônia,-12.0574,-57.88607,Março,29.4,16.4,52.6,0.847,23,26.4,790.9,Floresta,Baixo
SP,Mata Atlântica,-21.82195,-43.89675,Dezembro,33.0,11.1,7.5,0.085,23,5.2,3899.3,Agricultura,Médio
GO,Cerrado,-18.23401,-51.6634,Fevereiro,21.3,61.7,75.4,0.855,83,15.8,1564.5,Floresta,Baixo
CE,Caatinga,-5.03538,-40.03483,Janeiro,28.2,15.6,500.0,0.515,36,35.4,4590.6,Agricultura,Alto
MT,Cerrado/Amazônia,-9.83538,-56.59032,Março,25.6,42.3,42.6,-0.002,46,17.0,1654.5,Pastagem,Baixo
MT,Cerrado/Amazônia,-10.59118,-59.99369,Outubro,17.4,10.3,159.9,0.643,79,5.1,4315.8,Floresta,Médio
RS,Pampa,-28.80875,-52.30328,Junho,31.9,62.3,95.2,0.789,35,12.4,1769.1,Floresta,Médio
AM,Amazônia,-4.56731,-62.59254,Setembro,28.4,46.2,47.2,0.556,60,8.9,2534.1,Cerrado/Savana,Baixo
RS,Pampa,-32.16688,-50.56582,Novembro,22.4,20.8,11.3,0.184,56,27.5,1868.0,Área Urbana,Médio
GO,Cerrado,-15.54393,-49.44071,Maio,27.8,35.2,29.2,0.772,52,36.4,1941.6,Pastagem,Baixo
PR,Mata Atlântica,-23.55945,-49.27783,Março,35.9,58.4,182.7,0.445,33,29.3,3096.7,Agricultura,Médio
PR,Mata Atlântica,-25.43557,-50.83397,Maio,36.6,65.8,39.3,0.321,11,33.7,3467.7,Cerrado/Savana,Baixo
AM,Amazônia,-3.03052,-61.65358,Maio,32.5,49.3,18.7,0.434,36,32.2,4353.7,Cerrado/Savana,Baixo
GO,Cerrado,-15.2411,-47.45424,Maio,27.6,78.3,48.3,0.603,78,0.6,2849.6,Agricultura,Baixo
AM,Amazônia,-4.15952,-64.5086,Dezembro,30.5,19.6,105.3,0.595,82,5.0,1092.1,Cerrado/Savana,Médio
MG,Cerrado,-19.55681,-43.4141,Dezembro,25.4,17.2,145.9,0.652,35,16.9,4948.0,Floresta,Médio
PR,Mata Atlântica,-24.85501,-52.2514,Julho,18.4,13.8,58.8,0.734,47,4.5,3422.0,Floresta,Médio
MT,Cerrado/Amazônia,-14.29475,-56.58807,Maio,25.4,55.5,82.7,0.462,23,29.4,1880.0,Pastagem,Médio
PA,Amazônia,-4.57324,-52.27119,Julho,29.3,70.0,72.8,0.824,21,2.8,4841.3,Cerrado/Savana,Baixo
CE,Caatinga,-5.48,-39.43004,Setembro,31.2,21.1,1.1,0.645,48,16.6,4792.8,Cerrado/Savana,Baixo
GO,Cerrado,-15.61874,-49.55545,Maio,40.3,64.3,60.4,0.29,35,15.7,406.9,Pastagem,Médio
SP,Mata Atlântica,-25.32646,-46.33401,Fevereiro,36.0,50.5,106.2,0.237,51,21.7,108.9,Pastagem,Médio
AM,Amazônia,-4.13089,-60.65907,Maio,19.1,93.9,101.3,0.424,11,25.2,231.8,Cerrado/Savana,Médio
CE,Caatinga,-4.90062,-38.39678,Agosto,19.7,71.0,166.2,0.77,19,37.9,3429.7,Cerrado/Savana,Médio
SP,Mata Atlântica,-24.00267,-47.02857,Dezembro,17.7,65.9,133.2,-0.091,31,10.8,3557.3,Agricultura,Médio
CE,Caatinga,-2.85862,-38.9955,Abril,34.9,58.5,38.9,0.61,22,26.6,3622.9,Área Urbana,Médio
PA,Amazônia,-6.61177,-51.38454,Fevereiro,34.1,94.8,35.4,0.195,42,1.4,3154.9,Cerrado/Savana,Baixo
SP,Mata Atlântica,-24.34996,-46.29145,Outubro,41.6,93.3,74.9,0.864,35,0.0,1434.6,Floresta,Baixo
RS,Pampa,-27.27499,-53.37692,Março,29.1,55.7,158.4,0.837,60,1.0,844.0,Floresta,Médio
BA,Caatinga,-12.84367,-41.08759,Setembro,37.3,48.7,11.8,0.771,29,18.0,4640.0,Floresta,Baixo
RS,Pampa,-28.88295,-53.09185,Setembro,30.6,49.3,355.5,0.812,55,22.2,4566.6,Cerrado/Savana,Alto
PR,Mata Atlântica,-27.19369,-49.91388,Agosto,38.6,46.4,94.0,-0.039,34,0.2,1220.0,Pastagem,Médio
BA,Caatinga,-13.66062,-42.84342,Agosto,34.5,55.2,43.9,0.422,11,15.9,848.0,Pastagem,Baixo
RS,Pampa,-27.70463,-51.12545,Agosto,32.4,33.3,141.9,0.053,41,1.6,1883.0,Pastagem,Médio
BA,Caatinga,-12.46564,-41.9697,Agosto,30.3,88.8,5.5,0.843,17,26.1,251.5,Floresta,Baixo
BA,Caatinga,-14.41597,-40.68645,Agosto,34.5,51.7,79.5,0.565,31,25.2,819.1,Pastagem,Médio
MT,Cerrado/Amazônia,-12.06582,-56.66696,Janeiro,26.3,81.6,79.9,0.646,31,31.4,1907.7,Floresta,Médio
AM,Amazônia,-3.64448,-62.65848,Junho,17.6,50.4,21.2,0.658,12,21.9,1201.3,Floresta,Baixo
AM,Amazônia,-2.10127,-62.43194,Dezembro,16.1,71.1,218.0,0.731,27,24.9,3686.7,Agricultura,Alto
MT,Cerrado/Amazônia,-12.77609,-56.12516,Setembro,27.9,38.6,191.2,0.663,30,11.2,4525.7,Floresta,Médio
CE,Caatinga,-4.78806,-37.18659,Agosto,31.2,63.1,19.9,-0.093,121,3.4,4546.6,Cerrado/Savana,Médio
MG,Cerrado,-21.15205,-44.10014,Março,17.1,52.4,54.3,0.528,21,29.5,3025.3,Pastagem,Baixo
CE,Caatinga,-6.15841,-41.06313,Novembro,22.7,41.2,12.7,0.71,17,24.5,3520.4,Pastagem,Baixo
SP,Mata Atlântica,-24.2356,-46.54798,Janeiro,23.7,84.9,226.5,0.833,48,37.5,2475.2,Floresta,Alto
SP,Mata Atlântica,-23.4014,-48.90596,Fevereiro,30.2,19.6,46.9,0.867,13,39.6,742.0,Floresta,Médio
BA,Caatinga,-13.39163,-41.27817,Novembro,22.5,51.4,69.4,0.484,51,33.9,3178.8,Pastagem,Baixo
RS,Pampa,-31.3454,-52.90218,Fevereiro,17.6,96.8,47.0,-0.031,0,39.4,36.4,Corpo d'Água,Médio
RS,Pampa,-33.4142,-52.22479,Julho,19.5,87.1,44.5,-0.031,0,25.9,42.5,Corpo d'Água,Médio
AM,Amazônia,-5.19444,-63.6959,Dezembro,19.7,74.7,165.1,-0.173,0,3.7,13.3,Corpo d'Água,Médio
GO,Cerrado,-16.23773,-50.73974,Junho,37.8,63.8,165.2,0.079,105,3.6,999.9,Cerrado/Savana,Alto
CE,Caatinga,-6.84936,-42.82376,Novembro,22.7,24.1,87.5,0.868,12,32.3,4433.7,Floresta,Médio
PR,Mata Atlântica,-24.43653,-50.42076,Fevereiro,34.3,44.4,128.6,0.883,34,9.5,4670.4,Floresta,Baixo
PA,Amazônia,-6.13512,-53.12866,Agosto,30.3,86.4,86.0,0.11,35,2.4,819.2,Cerrado/Savana,Baixo
RS,Pampa,-30.02578,-48.86182,Setembro,41.4,24.1,3.5,0.507,50,18.9,156.8,Floresta,Médio
PA,Amazônia,-7.89156,-53.35173,Julho,22.4,66.4,8.2,0.816,58,12.6,30.2,Pastagem,Baixo
BA,Caatinga,-15.16296,-41.15652,Abril,19.3,27.4,58.1,0.059,42,23.5,4566.1,Cerrado/Savana,Baixo
PA,Amazônia,-5.75594,-52.42551,Janeiro,16.4,45.3,166.2,0.742,19,24.0,768.6,Floresta,Alto
PR,Mata Atlântica,-24.66032,-50.06394,Abril,21.5,56.0,293.3,0.219,54,27.3,2182.3,Pastagem,Alto
MT,Cerrado/Amazônia,-11.8728,-55.67424,Abril,33.5,59.1,3.6,0.291,62,23.1,295.2,Cerrado/Savana,Baixo
PR,Mata Atlântica,-26.4883,-49.76024,Agosto,17.3,61.2,55.1,0.054,77,15.2,1873.0,Cerrado/Savana,Baixo
PA,Amazônia,-6.62354,-53.7273,Abril,21.6,64.4,30.4,0.516,105,0.9,3929.3,Pastagem,Baixo
PR,Mata Atlântica,-24.48374,-51.09712,Abril,38.1,33.1,202.6,0.85,44,36.2,2039.3,Floresta,Alto
MG,Cerrado,-20.11779,-44.80992,Fevereiro,30.7,44.1,224.5,0.342,49,13.1,3880.1,Agricultura,Médio
BA,Caatinga,-10.34765,-43.9025,Dezembro,16.9,82.7,27.7,-0.036,0,20.3,0.8,Corpo d'Água,Médio
CE,Caatinga,-2.87217,-40.01255,Outubro,16.3,75.3,148.9,0.523,24,22.3,2591.4,Cerrado/Savana,Médio
MT,Cerrado/Amazônia,-16.18663,-58.9701,Julho,16.7,81.2,157.9,0.483,37,12.6,3691.2,Pastagem,Médio
RS,Pampa,-31.47522,-52.16589,Abril,40.4,26.9,23.4,0.074,24,12.3,4396.8,Cerrado/Savana,Médio
SP,Mata Atlântica,-23.70707,-50.68522,Novembro,37.9,93.4,68.2,0.083,0,10.4,32.8,Corpo d'Água,Médio
CE,Caatinga,-4.81979,-41.23264,Junho,37.8,13.6,116.2,0.7,51,9.7,3461.7,Floresta,Baixo
SP,Mata Atlântica,-21.46422,-47.03527,Março,40.0,92.5,3.2,0.105,112,1.2,3512.1,Agricultura,Médio
BA,Caatinga,-11.16573,-40.03448,Julho,28.6,78.6,62.2,0.22,13,38.3,813.9,Pastagem,Médio
MT,Cerrado/Amazônia,-11.05509,-57.76961,Junho,21.7,40.7,20.2,0.688,13,23.8,4753.9,Agricultura,Baixo
AM,Amazônia,-4.3388,-62.55746,Março,25.8,89.9,93.7,-0.063,0,4.3,49.7,Corpo d'Água,Médio
RS,Pampa,-29.07564,-51.99604,Abril,34.4,34.8,222.1,0.65,38,23.7,1751.3,Cerrado/Savana,Alto
MG,Cerrado,-18.68889,-44.13961,Outubro,38.7,60.8,89.3,0.674,69,9.3,2594.8,Floresta,Baixo
AM,Amazônia,-4.82734,-63.67216,Maio,26.7,71.0,4.4,0.452,76,12.4,639.6,Agricultura,Baixo
BA,Caatinga,-12.8174,-41.73873,Setembro,29.5,48.0,3.6,0.181,9,32.0,2971.9,Agricultura,Baixo
CE,Caatinga,-4.44917,-38.64217,Junho,40.2,84.3,111.6,0.886,30,35.4,921.6,Pastagem,Médio
MG,Cerrado,-20.15859,-45.76813,Abril,17.9,53.9,47.7,0.806,18,28.0,4617.6,Agricultura,Baixo
PR,Mata Atlântica,-26.34613,-49.43133,Novembro,38.3,22.3,102.0,0.628,44,37.3,4444.5,Agricultura,Médio
PA,Amazônia,-5.72041,-52.70581,Novembro,19.3,91.4,21.4,-0.067,0,36.2,17.4,Corpo d'Água,Médio
MG,Cerrado,-18.42334,-45.62351,Julho,28.1,49.3,180.0,0.742,41,22.0,2252.9,Pastagem,Alto
BA,Caatinga,-10.2336,-41.08346,Fevereiro,20.9,89.5,236.6,0.435,47,36.3,522.0,Cerrado/Savana,Alto
GO,Cerrado,-15.77061,-51.49788,Abril,31.3,43.3,264.0,0.608,30,21.8,4118.3,Pastagem,Alto
PA,Amazônia,-7.2829,-53.19336,Maio,30.1,44.2,43.5,0.752,50,4.2,1903.1,Floresta,Baixo
SP,Mata Atlântica,-24.59999,-48.23117,Abril,25.3,65.3,129.7,0.612,43,33.2,1239.2,Cerrado/Savana,Médio
RS,Pampa,-30.58644,-51.55464,Abril,38.3,54.8,39.3,0.814,41,5.2,4976.5,Agricultura,Baixo
SP,Mata Atlântica,-23.33732,-47.38588,Novembro,32.8,41.8,172.6,0.664,3,12.6,3344.8,Floresta,Médio
MG,Cerrado,-20.0214,-46.00938,Setembro,34.5,94.1,15.4,0.133,24,15.2,378.6,Cerrado/Savana,Baixo
SP,Mata Atlântica,-21.73054,-48.50764,Novembro,19.1,35.7,172.6,0.004,30,32.3,4008.5,Cerrado/Savana,Alto
BA,Caatinga,-12.03523,-40.92068,Fevereiro,38.8,33.6,69.5,0.167,32,3.3,3754.5,Cerrado/Savana,Baixo
PR,Mata Atlântica,-25.07191,-48.89826,Junho,19.5,83.5,232.2,0.436,24,17.8,2012.0,Pastagem,Alto
CE,Caatinga,-4.34742,-36.88565,Agosto,21.0,10.3,161.2,0.733,60,17.5,627.2,Cerrado/Savana,Médio
RS,Pampa,-31.0066,-52.18092,Agosto,18.5,27.1,56.7,0.179,41,23.3,2492.3,Agricultura,Baixo
SP,Mata Atlântica,-22.75869,-47.0222,Novembro,26.9,60.2,280.6,0.829,86,14.2,3819.0,Floresta,Alto
SP,Mata Atlântica,-21.0215,-46.11745,Julho,39.0,23.8,40.0,0.18,56,23.1,389.3,Cerrado/Savana,Médio
MG,Cerrado,-20.07686,-47.15522,Outubro,21.8,93.8,409.3,0.722,59,39.4,825.6,Floresta,Alto
CE,Caatinga,-5.21736,-39.78368,Novembro,25.1,49.5,174.9,0.756,52,2.9,3098.4,Floresta,Médio
AM,Amazônia,-2.99935,-60.40396,Abril,37.8,60.8,500.0,0.068,26,35.0,2802.1,Agricultura,Alto
SP,Mata Atlântica,-21.93133,-47.49835,Julho,31.7,23.6,6.6,0.727,16,12.3,4526.4,Floresta,Baixo
BA,Caatinga,-14.52073,-43.55118,Outubro,35.3,34.6,38.4,0.81,45,18.6,4075.8,Floresta,Baixo
GO,Cerrado,-16.9352,-50.3901,Junho,20.8,62.2,162.2,0.631,58,29.6,4595.0,Cerrado/Savana,Médio
RS,Pampa,-29.57241,-52.43145,Novembro,34.3,56.7,306.5,0.078,44,36.4,2335.1,Agricultura,Alto
SP,Mata Atlântica,-23.12941,-46.08694,Junho,21.1,76.7,3.5,0.898,100,0.4,3941.1,Pastagem,Baixo
BA,Caatinga,-12.36498,-43.39293,Fevereiro,41.7,32.9,0.0,0.724,15,26.5,253.1,Agricultura,Baixo
BA,Caatinga,-11.87826,-38.5781,Agosto,30.1,65.6,35.5,0.831,33,2.8,1479.5,Floresta,Baixo
RS,Pampa,-29.66115,-55.65961,Agosto,33.8,34.7,229.9,0.326,88,21.0,3224.9,Pastagem,Alto
AM,Amazônia,-1.60868,-63.27412,Novembro,18.2,59.9,174.9,0.159,32,30.0,3820.8,Cerrado/Savana,Médio
BA,Caatinga,-9.18143,-41.52545,Julho,21.8,61.4,49.9,0.667,34,6.8,2856.8,Área Urbana,Baixo
GO,Cerrado,-18.35705,-52.93705,Novembro,18.8,20.4,0.2,0.281,9,30.6,2408.9,Agricultura,Baixo
BA,Caatinga,-10.27039,-40.04114,Setembro,25.5,56.6,97.1,0.655,20,12.4,1174.0,Cerrado/Savana,Médio
BA,Caatinga,-9.24097,-41.68361,Agosto,22.7,11.0,32.6,-0.082,22,24.4,879.2,Pastagem,Médio
BA,Caatinga,-12.66479,-42.27408,Setembro,34.8,52.6,164.3,0.036,95,26.3,4378.7,Cerrado/Savana,Médio
PR,Mata Atlântica,-25.87744,-52.13864,Setembro,17.9,69.3,70.9,0.265,37,26.0,719.6,Cerrado/Savana,Médio
PR,Mata Atlântica,-24.56381,-52.81585,Junho,35.3,16.2,136.2,-0.1,47,0.7,2182.1,Pastagem,Médio
AM,Amazônia,-5.97393,-61.98019,Fevereiro,16.2,89.8,229.5,0.847,27,6.1,4443.5,Floresta,Alto
SP,Mata Atlântica,-24.84929,-51.48916,Dezembro,20.5,49.0,92.1,-0.049,24,34.2,747.1,Cerrado/Savana,Médio
BA,Caatinga,-11.75115,-43.36209,Julho,36.4,89.8,49.1,0.771,12,37.6,646.5,Floresta,Médio
CE,Caatinga,-4.10732,-38.69323,Março,35.1,19.1,176.1,0.461,25,22.5,3465.6,Agricultura,Médio
SP,Mata Atlântica,-23.12461,-42.88477,Julho,27.9,90.7,37.0,0.116,47,23.9,1664.6,Área Urbana,Médio
AM,Amazônia,-3.67708,-62.64846,Setembro,16.3,19.3,266.5,0.384,20,30.2,2184.2,Cerrado/Savana,Alto
MT,Cerrado/Amazônia,-11.65449,-57.00317,Outubro,31.5,49.2,8.9,0.889,22,16.2,3131.7,Floresta,Baixo
SP,Mata Atlântica,-21.80926,-48.53321,Outubro,26.0,89.7,216.6,0.866,20,13.1,1901.1,Floresta,Alto
SP,Mata Atlântica,-25.42826,-45.48129,Fevereiro,23.5,29.8,11.5,0.302,50,30.7,4001.2,Cerrado/Savana,Médio
PA,Amazônia,-7.28722,-51.81635,Junho,32.3,13.0,6.9,-0.067,35,1.1,4845.2,Cerrado/Savana,Médio
MG,Cerrado,-17.955,-45.59173,Junho,26.8,77.4,54.2,0.684,43,35.4,4666.0,Floresta,Baixo
PA,Amazônia,-4.98924,-54.58189,Setembro,17.5,60.7,376.3,0.366,131,17.6,2731.8,Agricultura,Alto
GO,Cerrado,-17.32985,-50.19578,Setembro,39.7,53.7,492.4,0.874,29,20.2,1780.5,Pastagem,Alto
PR,Mata Atlântica,-24.77161,-52.00546,Maio,36.0,12.9,27.1,0.674,63,25.4,2174.3,Floresta,Médio
PR,Mata Atlântica,-24.24033,-50.9673,Maio,16.5,65.5,19.3,0.851,35,11.0,1657.5,Floresta,Baixo
MG,Cerrado,-16.21595,-44.69293,Setembro,29.2,24.6,52.2,0.623,40,23.9,2214.2,Cerrado/Savana,Médio
RS,Pampa,-28.23815,-49.84891,Agosto,17.3,89.2,49.3,0.727,4,27.7,74.7,Floresta,Médio
RS,Pampa,-26.58903,-51.42089,Julho,37.6,68.3,171.1,-0.091,46,4.7,285.5,Pastagem,Médio
AM,Amazônia,-4.10054,-60.33346,Agosto,31.6,70.1,70.4,0.621,47,20.8,3859.0,Cerrado/Savana,Baixo
MG,Cerrado,-17.93185,-42.62751,Junho,19.7,29.8,181.6,0.359,9,13.2,1680.7,Área Urbana,Alto
SP,Mata Atlântica,-22.4748,-49.79014,Março,15.6,84.9,165.7,0.58,25,22.3,3974.1,Cerrado/Savana,Médio
RS,Pampa,-29.46552,-50.76318,Julho,15.9,55.7,103.6,0.506,10,0.9,2404.9,Pastagem,Baixo
BA,Caatinga,-12.38034,-41.89836,Agosto,28.7,82.9,215.1,0.885,129,29.7,4031.5,Agricultura,Médio
CE,Caatinga,-7.48822,-38.33873,Agosto,34.8,33.0,26.1,0.189,36,6.7,3321.3,Cerrado/Savana,Baixo
SP,Mata Atlântica,-22.98935,-44.97706,Janeiro,18.3,74.2,21.2,0.686,77,27.6,1013.0,Pastagem,Baixo
GO,Cerrado,-18.13813,-49.0793,Julho,21.0,58.8,166.7,0.816,38,30.8,2244.1,Floresta,Alto
BA,Caatinga,-12.93199,-41.48432,Março,23.8,14.1,33.7,0.336,24,30.1,3524.6,Cerrado/Savana,Baixo
BA,Caatinga,-12.91474,-40.88459,Fevereiro,20.9,44.5,0.3,0.875,25,32.7,1659.8,Cerrado/Savana,Baixo
MG,Cerrado,-18.75431,-46.12787,Fevereiro,25.6,25.6,291.6,0.666,21,12.3,974.6,Cerrado/Savana,Alto
AM,Amazônia,-3.34036,-62.54126,Agosto,30.1,40.5,117.0,0.729,78,38.7,2703.9,Floresta,Médio
GO,Cerrado,-15.95509,-54.62172,Setembro,33.5,42.6,70.6,0.519,28,1.0,1375.5,Cerrado/Savana,Baixo
RS,Pampa,-29.00605,-51.702,Março,41.0,50.4,155.2,-0.05,100,19.2,2975.8,Área Urbana,Alto
MG,Cerrado,-20.53223,-43.16615,Março,40.1,61.0,48.7,0.166,9,10.8,1366.0,Área Urbana,Médio
RS,Pampa,-29.07545,-51.72098,Junho,30.4,58.5,368.6,0.6,10,29.6,4533.8,Floresta,Alto
MG,Cerrado,-20.23825,-44.28295,Novembro,34.8,13.3,8.5,0.47,62,32.2,1726.1,Cerrado/Savana,Médio
MG,Cerrado,-18.32534,-43.1635,Outubro,40.7,73.8,122.9,0.72,6,32.9,4538.2,Floresta,Médio
MG,Cerrado,-19.1756,-42.75762,Janeiro,17.3,90.7,180.2,0.644,7,11.9,1404.6,Floresta,Alto
AM,Amazônia,-4.28038,-64.23875,Junho,15.2,39.6,76.0,0.298,6,11.0,3026.2,Cerrado/Savana,Baixo
MG,Cerrado,-20.20842,-44.64362,Dezembro,15.8,25.3,168.8,-0.074,58,27.1,659.8,Pastagem,Alto
MT,Cerrado/Amazônia,-12.77827,-56.42821,Março,30.2,55.9,313.9,0.72,94,37.1,3894.1,Floresta,Alto
CE,Caatinga,-5.23556,-38.18402,Novembro,35.6,69.9,163.5,0.696,77,10.2,1009.1,Floresta,Médio
RS,Pampa,-30.42164,-54.22441,Abril,24.9,67.7,44.4,0.757,53,36.4,4321.5,Agricultura,Baixo
SP,Mata Atlântica,-23.73165,-49.64017,Setembro,29.7,62.0,99.0,0.309,35,23.7,2267.7,Cerrado/Savana,Médio
PA,Amazônia,-5.13291,-51.14421,Março,28.9,22.4,291.1,-0.078,31,29.5,481.8,Pastagem,Alto
GO,Cerrado,-17.30934,-47.71216,Janeiro,17.6,81.1,71.5,0.536,38,17.6,1824.1,Cerrado/Savana,Médio
PR,Mata Atlântica,-23.62575,-49.74028,Março,23.7,46.2,137.4,0.641,22,32.3,3900.8,Pastagem,Médio
AM,Amazônia,-3.18565,-63.70915,Julho,15.5,28.8,75.2,0.194,12,38.8,390.7,Área Urbana,Alto
SP,Mata Atlântica,-22.37878,-47.5669,Julho,18.0,17.3,15.5,0.377,43,6.8,3132.4,Pastagem,Médio
BA,Caatinga,-12.40317,-41.95703,Novembro,36.9,45.4,7.2,0.892,43,15.4,2541.3,Pastagem,Baixo
MT,Cerrado/Amazônia,-10.99296,-55.82451,Maio,37.4,62.5,365.1,0.476,23,34.5,1556.2,Cerrado/Savana,Alto
PR,Mata Atlântica,-25.01085,-54.47741,Janeiro,36.7,66.6,113.8,0.661,104,7.1,3780.5,Floresta,Médio
PA,Amazônia,-6.49284,-51.67367,Novembro,34.6,91.8,13.2,0.527,2,16.5,271.7,Cerrado/Savana,Baixo
SP,Mata Atlântica,-23.12983,-48.88483,Agosto,36.4,23.0,233.8,-0.1,59,6.6,2493.2,Área Urbana,Alto
PR,Mata Atlântica,-27.59988,-51.25674,Outubro,33.1,93.8,88.8,0.099,17,25.9,2539.2,Pastagem,Médio
SP,Mata Atlântica,-25.13559,-48.07119,Agosto,33.1,65.6,177.4,0.825,24,9.5,441.2,Cerrado/Savana,Alto
MT,Cerrado/Amazônia,-11.67109,-55.11664,Outubro,33.0,48.6,16.3,0.139,19,15.2,688.8,Pastagem,Baixo
PA,Amazônia,-6.66605,-52.79714,Dezembro,28.9,85.5,284.9,0.211,10,19.6,2054.2,Pastagem,Alto
BA,Caatinga,-12.69137,-41.94631,Outubro,24.8,69.0,107.1,0.444,23,11.9,2687.2,Área Urbana,Médio
MG,Cerrado,-18.4491,-43.41525,Outubro,34.7,39.6,160.8,0.801,41,27.2,275.4,Floresta,Alto
RS,Pampa,-31.04089,-53.51792,Fevereiro,23.1,85.1,3.8,0.681,21,4.4,68.7,Área Urbana,Baixo
BA,Caatinga,-10.04499,-40.06587,Outubro,29.7,66.7,45.5,-0.056,19,35.2,971.1,Pastagem,Médio
MG,Cerrado,-20.16546,-44.34655,Março,26.7,69.4,37.3,0.888,14,19.3,2444.2,Floresta,Baixo
AM,Amazônia,-1.95395,-61.09643,Abril,22.5,86.2,358.5,0.404,23,22.9,211.0,Cerrado/Savana,Alto
CE,Caatinga,-4.40698,-39.90534,Janeiro,41.3,48.1,24.6,0.376,11,24.9,3668.8,Cerrado/Savana,Baixo
GO,Cerrado,-13.23904,-49.50871,Abril,22.0,65.8,147.3,0.82,14,2.4,768.1,Floresta,Médio
GO,Cerrado,-16.60244,-48.53339,Maio,23.4,73.3,5.2,0.096,41,30.3,3865.3,Pastagem,Baixo
RS,Pampa,-29.88591,-50.7053,Março,19.4,48.6,26.4,0.623,43,37.8,1031.6,Floresta,Médio
PA,Amazônia,-5.23528,-51.98484,Novembro,37.2,17.1,49.6,0.345,62,20.8,1739.6,Cerrado/Savana,Médio
MT,Cerrado/Amazônia,-14.14768,-59.09666,Outubro,30.8,75.6,189.9,0.266,7,15.6,2400.7,Cerrado/Savana,Alto
PA,Amazônia,-3.3888,-52.35562,Fevereiro,31.6,14.1,187.3,0.5,42,31.4,1742.9,Pastagem,Alto
MT,Cerrado/Amazônia,-11.52373,-59.55964,Junho,37.2,71.0,365.9,0.116,54,28.8,127.9,Agricultura,Alto
PA,Amazônia,-3.93998,-53.51223,Agosto,24.3,87.4,298.3,0.534,25,26.0,4543.8,Agricultura,Alto
CE,Caatinga,-6.30933,-39.74506,Julho,20.2,39.5,10.2,-0.072,16,38.6,1439.5,Área Urbana,Médio
AM,Amazônia,-4.93697,-62.2226,Novembro,20.4,18.7,212.5,0.241,15,23.3,688.8,Pastagem,Alto
AM,Amazônia,-3.67451,-60.62941,Janeiro,34.8,29.8,72.0,0.648,29,9.9,671.3,Pastagem,Baixo
MG,Cerrado,-16.23998,-42.32773,Abril,31.6,57.8,241.1,0.708,33,1.0,4873.3,Cerrado/Savana,Alto
PR,Mata Atlântica,-28.28677,-52.95275,Março,20.6,90.1,11.2,0.153,62,18.1,624.1,Agricultura,Baixo
AM,Amazônia,-6.88233,-64.01031,Junho,18.9,53.5,207.6,0.739,43,26.1,1739.3,Floresta,Alto
AM,Amazônia,-4.44428,-61.60416,Setembro,18.3,19.6,20.9,0.428,84,6.9,347.4,Cerrado/Savana,Médio
BA,Caatinga,-13.3599,-42.43811,Setembro,32.0,63.4,48.7,0.321,44,1.0,3680.0,Agricultura,Baixo
BA,Caatinga,-12.30735,-44.26396,Julho,15.0,72.3,3.5,0.128,66,36.4,2987.8,Agricultura,Baixo
MG,Cerrado,-19.76789,-45.30533,Dezembro,15.5,43.4,15.8,0.707,60,12.1,2672.5,Floresta,Baixo
PR,Mata Atlântica,-25.1936,-51.43457,Setembro,25.5,71.3,70.8,0.683,52,18.6,4280.6,Floresta,Baixo
RS,Pampa,-27.77903,-49.8675,Agosto,33.7,37.6,204.7,0.656,11,3.6,2871.0,Floresta,Médio
BA,Caatinga,-13.73397,-42.09199,Maio,33.8,77.1,178.3,0.429,6,15.3,4778.1,Área Urbana,Médio
RS,Pampa,-30.52416,-52.00123,Setembro,26.6,39.0,32.2,0.862,28,17.0,3117.7,Floresta,Baixo
SP,Mata Atlântica,-23.14123,-49.41967,Julho,33.7,81.7,19.7,0.05,0,36.1,36.1,Corpo d'Água,Baixo
BA,Caatinga,-11.25893,-39.15967,Maio,29.1,72.4,59.2,-0.051,0,34.6,41.1,Corpo d'Água,Médio
CE,Caatinga,-5.50476,-40.08405,Agosto,41.4,56.6,257.7,0.014,52,7.6,3629.1,Agricultura,Alto
PR,Mata Atlântica,-24.65443,-50.02092,Julho,19.4,34.2,11.5,0.667,55,22.2,1874.5,Agricultura,Médio
MG,Cerrado,-18.99644,-43.14908,Setembro,31.2,89.8,93.9,-0.134,0,29.2,26.4,Corpo d'Água,Médio
SP,Mata Atlântica,-22.81726,-43.08758,Outubro,28.3,68.7,11.2,0.807,12,11.7,4383.0,Floresta,Baixo
PR,Mata Atlântica,-25.38299,-54.514,Janeiro,20.3,28.8,76.2,0.741,24,15.8,48.2,Floresta,Médio
CE,Caatinga,-7.24941,-39.63211,Setembro,35.2,62.2,16.3,-0.081,24,39.4,3800.5,Agricultura,Baixo
PR,Mata Atlântica,-23.34818,-52.52876,Julho,22.4,84.0,10.0,0.811,18,30.4,2182.1,Floresta,Baixo
CE,Caatinga,-5.4464,-38.62274,Janeiro,25.3,69.2,25.4,0.61,43,17.5,629.1,Floresta,Baixo
CE,Caatinga,-6.54785,-40.5669,Janeiro,25.1,30.8,35.4,0.612,59,21.4,2916.5,Floresta,Baixo
RS,Pampa,-31.78159,-49.46266,Maio,21.6,65.2,38.8,0.155,71,25.0,2667.7,Cerrado/Savana,Baixo
PA,Amazônia,-3.22749,-55.09912,Agosto,26.6,62.6,124.4,0.139,46,20.0,4213.1,Cerrado/Savana,Médio
SP,Mata Atlântica,-23.76328,-44.51911,Setembro,27.8,79.8,6.8,0.869,30,16.5,2612.6,Floresta,Baixo
PR,Mata Atlântica,-24.29196,-52.28386,Dezembro,35.1,25.1,10.1,0.461,81,14.4,4138.5,Cerrado/Savana,Médio
MT,Cerrado/Amazônia,-14.99924,-55.19058,Junho,35.7,69.5,25.1,0.237,56,6.8,2727.0,Pastagem,Baixo
SP,Mata Atlântica,-23.00923,-48.83948,Dezembro,19.3,12.3,246.7,0.538,26,38.9,2240.3,Área Urbana,Alto
PA,Amazônia,-3.75516,-55.13061,Outubro,31.0,69.2,118.9,0.756,83,3.7,1862.2,Floresta,Médio
SP,Mata Atlântica,-23.88073,-47.02692,Dezembro,39.2,91.6,157.3,0.672,31,24.0,876.8,Floresta,Médio
AM,Amazônia,-1.04243,-62.61157,Agosto,17.9,24.8,55.5,-0.094,7,38.4,2924.3,Cerrado/Savana,Médio
MT,Cerrado/Amazônia,-13.07696,-58.96462,Junho,27.8,83.6,28.8,-0.119,0,15.0,19.7,Corpo d'Água,Baixo
PA,Amazônia,-6.5006,-53.95594,Novembro,35.3,59.5,4.6,0.25,54,10.1,4878.9,Cerrado/Savana,Médio
RS,Pampa,-31.17783,-51.22057,Junho,31.5,72.3,80.5,0.695,58,38.2,2067.9,Floresta,Médio
PR,Mata Atlântica,-28.54126,-53.81535,Abril,17.7,39.3,102.5,0.849,28,32.1,2113.4,Floresta,Médio
GO,Cerrado,-15.99653,-49.65812,Novembro,25.7,66.5,272.8,0.506,22,26.2,827.7,Pastagem,Alto
PA,Amazônia,-5.89015,-52.79119,Maio,28.7,86.4,256.5,0.547,61,24.5,2991.9,Cerrado/Savana,Alto
MG,Cerrado,-19.12367,-44.57776,Fevereiro,41.9,71.8,66.3,0.305,34,14.4,4240.8,Agricultura,Baixo
PR,Mata Atlântica,-24.23879,-50.9093,Março,19.8,70.4,66.1,0.413,40,25.7,1247.1,Pastagem,Médio
PA,Amazônia,-6.57344,-51.35736,Março,41.5,42.5,21.1,0.626,22,29.0,55.3,Pastagem,Baixo
AM,Amazônia,-3.23434,-60.37168,Dezembro,25.2,87.5,35.7,0.376,83,1.3,3460.5,Cerrado/Savana,Baixo
GO,Cerrado,-13.68069,-52.00409,Novembro,20.4,33.6,311.9,-0.086,18,4.7,166.6,Pastagem,Alto
AM,Amazônia,-4.75854,-60.99968,Maio,26.2,27.4,18.2,-0.087,17,12.6,2052.3,Pastagem,Baixo
GO,Cerrado,-18.32734,-47.70973,Maio,31.6,41.0,415.7,0.751,16,12.9,3067.4,Floresta,Alto
MG,Cerrado,-19.02582,-43.68745,Junho,20.8,65.3,84.3,0.747,22,36.0,1936.2,Agricultura,Médio
PR,Mata Atlântica,-25.06459,-53.63858,Maio,22.9,83.2,73.2,0.685,12,27.4,1310.3,Cerrado/Savana,Médio
RS,Pampa,-28.44668,-47.10392,Dezembro,38.1,21.2,23.0,0.01,53,14.9,3998.3,Agricultura,Médio
AM,Amazônia,-4.24251,-62.70354,Junho,42.0,79.2,130.0,0.755,73,32.4,1511.7,Floresta,Médio
AM,Amazônia,-7.44365,-60.19275,Agosto,23.6,79.1,73.9,0.134,62,12.9,908.4,Pastagem,Médio
CE,Caatinga,-3.73235,-42.25008,Fevereiro,19.0,59.9,55.6,0.724,22,39.6,1948.1,Floresta,Médio
GO,Cerrado,-18.92733,-52.76385,Abril,36.4,74.7,36.9,0.849,57,31.3,667.0,Floresta,Médio
BA,Caatinga,-11.61225,-40.58251,Junho,31.2,25.5,8.3,0.316,49,32.3,3455.1,Área Urbana,Médio
PR,Mata Atlântica,-26.275,-50.80111,Dezembro,17.7,24.4,87.9,0.581,40,10.4,3553.3,Cerrado/Savana,Baixo
GO,Cerrado,-15.59168,-50.3909,Maio,40.6,83.3,45.0,0.776,45,5.8,83.7,Pastagem,Baixo
CE,Caatinga,-3.6447,-41.4574,Janeiro,17.1,52.3,147.7,-0.049,47,15.6,3477.4,Área Urbana,Médio
SP,Mata Atlântica,-21.82869,-47.72278,Setembro,31.9,30.9,154.3,0.201,32,13.4,1501.9,Cerrado/Savana,Médio
GO,Cerrado,-13.15769,-51.34796,Março,26.4,68.5,48.4,0.469,50,30.8,3284.5,Pastagem,Baixo
RS,Pampa,-30.55736,-51.14212,Fevereiro,30.0,85.8,132.7,0.826,71,7.0,3535.4,Floresta,Médio
PR,Mata Atlântica,-24.81152,-50.81376,Setembro,20.8,63.7,35.9,0.86,76,21.1,1396.1,Floresta,Baixo
CE,Caatinga,-7.02852,-39.70597,Julho,33.6,39.5,155.9,0.564,5,25.1,935.1,Cerrado/Savana,Alto
SP,Mata Atlântica,-23.3428,-47.42161,Maio,40.9,51.1,1.9,0.428,61,15.4,4133.5,Agricultura,Baixo
MT,Cerrado/Amazônia,-12.07391,-58.93955,Dezembro,27.4,73.9,19.7,0.728,26,8.0,3698.5,Cerrado/Savana,Baixo
CE,Caatinga,-5.58968,-40.77978,Junho,29.1,15.7,33.7,0.797,49,35.8,4187.3,Floresta,Médio
MT,Cerrado/Amazônia,-13.16515,-54.74945,Dezembro,21.5,28.5,177.9,0.095,42,5.6,2184.2,Pastagem,Médio
PR,Mata Atlântica,-22.69032,-49.64438,Novembro,39.1,49.3,8.2,0.865,1,12.2,2287.3,Floresta,Baixo
AM,Amazônia,-4.16339,-60.85857,Abril,41.2,61.4,25.0,0.604,57,30.3,1727.4,Área Urbana,Médio
CE,Caatinga,-4.93146,-39.58162,Janeiro,36.2,38.8,53.3,0.692,50,24.2,2500.3,Pastagem,Médio
MG,Cerrado,-18.62604,-41.91237,Abril,29.7,89.0,1.1,-0.173,0,29.2,4.4,Corpo d'Água,Baixo
MT,Cerrado/Amazônia,-10.63124,-55.80266,Setembro,40.8,13.5,172.3,0.625,86,32.4,4074.6,Floresta,Médio
RS,Pampa,-30.28545,-51.17066,Janeiro,19.2,12.8,98.5,0.727,13,35.8,924.0,Floresta,Médio
MG,Cerrado,-17.71415,-45.33241,Outubro,27.9,33.7,277.1,0.16,68,12.2,2033.0,Cerrado/Savana,Alto
PA,Amazônia,-4.13253,-54.11187,Março,29.5,55.1,3.8,0.835,98,19.0,2311.4,Área Urbana,Médio
PA,Amazônia,-4.95223,-56.16457,Maio,28.3,57.3,38.0,0.387,6,27.5,2445.1,Pastagem,Baixo
SP,Mata Atlântica,-24.37593,-43.51348,Julho,36.7,52.0,157.7,0.011,15,31.8,2714.4,Área Urbana,Alto
AM,Amazônia,-1.91571,-59.9168,Setembro,33.1,44.8,134.9,0.841,22,23.1,4010.7,Floresta,Médio
PR,Mata Atlântica,-25.89096,-51.39434,Junho,18.4,31.4,33.4,0.772,35,20.5,4432.4,Pastagem,Baixo
CE,Caatinga,-3.17701,-38.70036,Março,24.4,44.1,108.7,0.747,72,27.7,804.2,Pastagem,Médio
BA,Caatinga,-11.81715,-39.25413,Julho,24.2,21.8,189.4,0.8,57,15.3,3566.3,Pastagem,Médio
RS,Pampa,-31.59068,-51.50636,Abril,30.3,19.8,4.1,0.289,46,35.7,2400.8,Cerrado/Savana,Médio
MT,Cerrado/Amazônia,-15.31113,-58.56266,Março,22.9,35.5,151.7,0.541,38,8.5,2094.4,Pastagem,Médio
PR,Mata Atlântica,-23.27872,-52.92602,Julho,18.2,94.6,34.9,0.178,10,35.4,575.6,Pastagem,Médio
MG,Cerrado,-17.40671,-42.06227,Novembro,32.6,37.8,354.4,0.609,43,25.7,330.0,Floresta,Alto
PA,Amazônia,-5.80691,-51.9502,Novembro,38.0,89.6,92.7,0.767,8,24.0,4889.3,Floresta,Médio
RS,Pampa,-28.91503,-53.06224,Julho,40.2,43.3,4.1,0.123,70,18.8,3215.4,Cerrado/Savana,Médio
BA,Caatinga,-13.50468,-43.20549,Abril,41.3,47.3,62.0,0.504,43,6.2,2267.6,Pastagem,Baixo
CE,Caatinga,-5.90508,-38.57583,Dezembro,36.1,77.8,406.9,0.804,66,34.6,3811.2,Pastagem,Alto
SP,Mata Atlântica,-24.4428,-46.68273,Julho,18.8,18.0,157.3,0.033,51,2.1,464.8,Cerrado/Savana,Médio
BA,Caatinga,-14.14369,-39.86037,Novembro,38.0,25.5,42.9,0.618,70,10.8,3041.2,Cerrado/Savana,Médio
RS,Pampa,-30.84766,-48.94553,Fevereiro,25.8,92.8,102.8,0.245,2,4.4,3306.5,Cerrado/Savana,Médio
BA,Caatinga,-12.48861,-43.8105,Janeiro,34.7,53.0,109.7,0.645,27,4.3,2265.8,Floresta,Médio
RS,Pampa,-30.28654,-52.82417,Dezembro,29.3,13.8,2.8,0.265,1,15.6,1270.5,Pastagem,Baixo
RS,Pampa,-29.14598,-51.62204,Fevereiro,37.4,14.0,23.6,0.109,61,6.4,4773.4,Agricultura,Médio
GO,Cerrado,-15.58518,-50.39403,Abril,26.5,87.1,96.3,0.159,31,23.3,1512.7,Área Urbana,Médio
MT,Cerrado/Amazônia,-13.51301,-58.38043,Agosto,16.7,71.0,61.9,-0.006,0,25.1,3.4,Corpo d'Água,Médio
PA,Amazônia,-4.28567,-52.98973,Março,30.0,49.0,25.3,0.626,65,35.3,3156.1,Floresta,Médio
GO,Cerrado,-16.30204,-50.13732,Outubro,19.6,23.9,177.8,0.856,31,12.0,2875.9,Floresta,Médio
CE,Caatinga,-6.11829,-40.11703,Junho,41.1,80.6,80.6,0.241,53,12.4,3776.3,Agricultura,Baixo
GO,Cerrado,-15.52156,-51.39121,Junho,29.2,37.6,44.5,0.665,37,9.9,3771.4,Pastagem,Baixo
AM,Amazônia,-4.80403,-60.15257,Setembro,29.9,45.6,21.2,0.878,53,31.3,3105.0,Floresta,Baixo
AM,Amazônia,-4.01413,-63.04734,Setembro,39.5,68.0,113.4,0.858,7,17.1,1045.6,Pastagem,Médio
PA,Amazônia,-7.55581,-51.45398,Abril,31.9,40.0,131.7,0.325,33,22.1,4436.9,Cerrado/Savana,Médio
BA,Caatinga,-14.16389,-41.72294,Setembro,23.2,94.5,132.9,-0.069,0,15.0,23.8,Corpo d'Água,Alto
MT,Cerrado/Amazônia,-15.24228,-55.69274,Junho,23.0,85.2,29.9,0.64,44,6.3,479.0,Área Urbana,Baixo
PA,Amazônia,-3.77472,-52.00322,Fevereiro,28.5,77.8,108.6,0.72,102,4.1,1514.5,Floresta,Médio
RS,Pampa,-32.33172,-49.97186,Outubro,38.4,42.4,283.0,0.759,7,34.7,2421.3,Floresta,Alto
MG,Cerrado,-19.75102,-46.30646,Novembro,36.5,34.5,52.3,0.397,12,10.6,1043.8,Cerrado/Savana,Baixo
MT,Cerrado/Amazônia,-13.25519,-57.52505,Junho,41.0,34.3,28.4,0.837,17,37.7,1675.0,Floresta,Baixo
MT,Cerrado/Amazônia,-13.43757,-55.00949,Fevereiro,16.9,39.6,177.5,0.667,52,37.9,2573.3,Floresta,Alto
RS,Pampa,-27.01226,-53.2837,Agosto,22.2,51.9,23.4,0.212,8,19.2,1621.5,Área Urbana,Baixo
RS,Pampa,-31.06325,-51.01588,Abril,17.2,45.4,35.1,0.856,22,38.3,455.7,Agricultura,Médio
SP,Mata Atlântica,-24.13307,-46.0309,Maio,35.3,21.3,12.7,0.126,82,1.1,994.1,Pastagem,Médio
PA,Amazônia,-4.16602,-51.60595,Agosto,18.8,23.9,37.4,0.087,50,3.7,3973.1,Agricultura,Médio
RS,Pampa,-29.1154,-48.74136,Novembro,17.7,39.1,63.4,0.744,61,9.7,4772.1,Floresta,Baixo
AM,Amazônia,-5.85342,-59.99984,Agosto,30.2,57.8,8.0,-0.066,7,8.4,750.7,Agricultura,Baixo
CE,Caatinga,-5.71949,-38.47231,Dezembro,26.1,60.4,246.4,0.416,25,10.1,3408.3,Pastagem,Alto
MG,Cerrado,-20.0545,-45.91274,Dezembro,34.3,51.3,86.5,0.494,23,18.1,4528.8,Agricultura,Baixo
PA,Amazônia,-4.54682,-55.6231,Junho,28.1,72.8,106.4,0.836,23,2.5,1502.7,Floresta,Médio
PR,Mata Atlântica,-23.40584,-49.66005,Abril,26.5,72.7,55.7,0.663,21,22.2,4149.0,Agricultura,Baixo
AM,Amazônia,-3.20332,-62.00736,Janeiro,26.5,46.3,133.0,0.036,15,12.4,4525.6,Área Urbana,Médio
BA,Caatinga,-13.83045,-40.68833,Dezembro,38.5,20.6,67.8,0.578,33,2.9,1504.5,Pastagem,Baixo
RS,Pampa,-29.5085,-52.61226,Julho,25.7,55.1,171.9,0.855,29,30.1,293.1,Cerrado/Savana,Alto
PR,Mata Atlântica,-25.47722,-51.789,Agosto,24.0,42.4,206.7,-0.099,35,26.1,4584.8,Área Urbana,Alto
RS,Pampa,-30.6192,-53.27437,Setembro,24.1,21.7,133.7,0.811,21,31.7,1659.1,Floresta,Médio
MT,Cerrado/Amazônia,-11.63147,-57.28527,Fevereiro,20.3,93.5,81.1,0.603,72,37.6,78.6,Floresta,Médio
AM,Amazônia,-3.44695,-63.0874,Janeiro,38.2,41.4,182.9,0.674,30,23.4,2379.8,Floresta,Alto
MT,Cerrado/Amazônia,-11.96709,-56.62196,Abril,19.0,63.2,81.8,0.139,72,31.5,588.2,Pastagem,Médio
SP,Mata Atlântica,-21.73082,-45.9091,Maio,39.5,51.7,14.2,0.347,28,8.0,4509.5,Agricultura,Baixo
MT,Cerrado/Amazônia,-12.98403,-58.02958,Outubro,22.7,22.1,14.8,0.85,50,16.4,783.4,Agricultura,Médio
SP,Mata Atlântica,-22.25107,-47.05386,Dezembro,39.3,14.7,356.1,-0.089,62,21.2,1529.0,Cerrado/Savana,Alto
SP,Mata Atlântica,-23.80758,-46.88796,Janeiro,36.4,94.5,28.8,-0.051,0,21.6,37.0,Corpo d'Água,Baixo
PR,Mata Atlântica,-25.49241,-51.78181,Maio,30.7,31.0,203.1,0.142,28,28.7,4033.7,Cerrado/Savana,Médio
RS,Pampa,-27.14069,-52.80173,Junho,33.1,89.1,34.0,-0.152,0,31.8,21.6,Corpo d'Água,Médio
BA,Caatinga,-13.80176,-39.62351,Março,23.8,91.3,67.6,0.83,43,26.7,2492.0,Área Urbana,Médio
MT,Cerrado/Amazônia,-13.24221,-57.59593,Dezembro,30.5,49.3,127.7,0.474,27,1.9,4933.7,Cerrado/Savana,Baixo
AM,Amazônia,-1.9177,-64.35029,Julho,22.9,12.5,20.8,0.779,21,14.0,2585.8,Floresta,Baixo
SP,Mata Atlântica,-22.31782,-46.56158,Junho,25.9,38.9,160.4,0.87,30,22.9,3955.6,Floresta,Médio
RS,Pampa,-29.3328,-50.56095,Abril,35.6,59.7,140.5,0.29,38,20.3,1815.9,Pastagem,Médio
MG,Cerrado,-19.45197,-42.97322,Março,21.6,37.9,94.0,-0.053,88,1.8,4707.0,Agricultura,Médio
PA,Amazônia,-6.36521,-52.11673,Maio,37.6,12.3,100.1,0.596,67,39.2,3428.2,Floresta,Médio
PR,Mata Atlântica,-23.03341,-49.48165,Março,25.1,47.8,13.4,0.026,11,38.2,394.7,Cerrado/Savana,Baixo
BA,Caatinga,-12.98069,-41.0053,Outubro,29.4,19.0,68.7,0.742,50,31.0,551.5,Pastagem,Médio
GO,Cerrado,-16.36923,-46.08431,Setembro,40.4,62.6,10.9,0.449,38,2.2,4455.1,Cerrado/Savana,Baixo
PR,Mata Atlântica,-23.71981,-51.42391,Setembro,33.4,62.7,44.2,0.745,13,17.2,4049.7,Pastagem,Baixo
MG,Cerrado,-18.04116,-43.93934,Junho,32.4,13.2,276.7,0.856,27,16.4,1657.2,Pastagem,Alto
PA,Amazônia,-4.88488,-53.09,Novembro,34.2,34.7,102.5,0.843,30,22.3,2612.8,Cerrado/Savana,Médio
MG,Cerrado,-19.10149,-44.77778,Junho,39.8,45.2,162.9,0.0,8,2.2,4265.2,Agricultura,Médio
MT,Cerrado/Amazônia,-14.38954,-55.84259,Dezembro,21.7,56.8,102.4,0.845,3,16.9,526.1,Agricultura,Médio
SP,Mata Atlântica,-24.75256,-48.21993,Abril,31.6,35.2,25.9,0.696,28,30.3,699.3,Pastagem,Baixo
BA,Caatinga,-12.60153,-41.89518,Abril,25.8,34.5,108.4,0.832,36,39.9,3580.5,Floresta,Médio
CE,Caatinga,-4.72555,-40.50231,Fevereiro,15.3,93.6,169.0,-0.01,15,23.8,420.2,Cerrado/Savana,Alto
SP,Mata Atlântica,-24.13881,-45.59182,Outubro,18.4,13.6,17.9,0.08,32,37.6,1769.3,Pastagem,Baixo
CE,Caatinga,-4.15317,-38.76571,Abril,23.8,94.1,203.7,0.727,57,39.9,1266.5,Floresta,Alto
PA,Amazônia,-5.48905,-52.47662,Agosto,30.3,14.1,97.3,0.113,10,17.4,3803.8,Agricultura,Baixo
RS,Pampa,-29.68434,-52.21406,Outubro,38.8,34.5,0.5,0.62,41,26.7,22.2,Floresta,Médio
GO,Cerrado,-13.61893,-47.84262,Fevereiro,36.4,52.0,88.0,0.718,28,8.5,585.8,Floresta,Médio
AM,Amazônia,-2.27863,-62.85879,Setembro,29.9,22.2,60.4,0.813,92,19.0,504.0,Cerrado/Savana,Médio
SP,Mata Atlântica,-22.74128,-45.16245,Janeiro,17.0,21.5,42.2,0.866,16,3.1,1597.2,Floresta,Baixo
BA,Caatinga,-14.4148,-39.15823,Fevereiro,22.7,31.8,177.0,0.602,53,1.2,1170.1,Floresta,Alto
MG,Cerrado,-21.11908,-43.49309,Fevereiro,24.9,92.7,275.7,0.234,11,35.7,1149.1,Cerrado/Savana,Alto
BA,Caatinga,-10.40008,-41.8696,Novembro,31.8,42.3,172.6,0.127,6,34.3,1858.3,Pastagem,Alto
PA,Amazônia,-5.7657,-51.72851,Junho,16.8,58.1,225.1,0.395,21,12.5,1078.1,Cerrado/Savana,Alto
CE,Caatinga,-2.32218,-40.0716,Julho,29.3,69.9,287.3,0.869,5,18.3,540.0,Floresta,Alto
MG,Cerrado,-19.68143,-45.18566,Março,39.3,73.1,292.5,0.797,44,19.7,2920.4,Floresta,Alto
AM,Amazônia,-5.79877,-60.87336,Novembro,34.0,68.5,14.6,0.246,74,20.8,4759.2,Pastagem,Baixo
AM,Amazônia,-4.24112,-62.53251,Setembro,36.5,38.6,73.1,0.118,33,5.4,3039.8,Agricultura,Baixo
SP,Mata Atlântica,-22.18557,-47.19537,Maio,33.4,19.5,0.0,0.175,24,31.0,3787.5,Agricultura,Médio
PA,Amazônia,-4.40136,-54.28713,Maio,20.6,33.9,84.7,0.573,57,13.9,4861.2,Pastagem,Baixo
RS,Pampa,-28.59192,-50.71714,Novembro,18.0,27.9,309.6,0.27,90,1.3,774.3,Pastagem,Alto
PA,Amazônia,-5.67287,-52.53366,Dezembro,37.4,21.6,26.6,-0.1,82,27.1,2304.5,Área Urbana,Médio
CE,Caatinga,-7.03014,-39.488,Abril,33.8,12.1,122.5,0.824,9,33.2,2913.4,Floresta,Médio
BA,Caatinga,-12.7925,-43.58915,Setembro,30.5,89.5,124.1,0.649,16,36.7,1617.3,Floresta,Médio
AM,Amazônia,-4.47661,-62.41387,Agosto,20.1,88.3,21.0,0.825,53,27.0,3069.5,Cerrado/Savana,Baixo
BA,Caatinga,-13.49094,-45.31817,Dezembro,31.3,14.3,32.7,0.279,6,7.7,3122.9,Pastagem,Baixo
BA,Caatinga,-10.96542,-41.91313,Abril,15.8,24.7,74.4,0.672,84,23.6,4212.7,Floresta,Baixo
BA,Caatinga,-15.99093,-38.49756,Abril,18.2,21.9,25.0,0.318,22,36.5,4164.3,Cerrado/Savana,Baixo
AM,Amazônia,-1.60791,-62.74347,Fevereiro,23.4,33.9,105.5,0.673,21,14.0,721.2,Floresta,Médio
PR,Mata Atlântica,-26.15375,-50.94521,Setembro,27.0,27.3,79.5,0.494,43,38.1,852.8,Pastagem,Médio
MT,Cerrado/Amazônia,-12.37651,-56.10687,Março,18.3,90.4,87.9,0.765,32,3.9,1119.6,Floresta,Baixo
CE,Caatinga,-6.35943,-38.00334,Abril,18.2,17.2,17.3,0.588,3,29.1,1313.5,Área Urbana,Médio
PR,Mata Atlântica,-25.60019,-50.52885,Julho,34.6,28.0,87.4,0.687,15,4.8,2826.8,Floresta,Baixo
CE,Caatinga,-6.29541,-35.67778,Outubro,30.4,16.9,6.1,0.072,51,32.0,1644.2,Agricultura,Médio
MG,Cerrado,-17.46671,-40.22365,Agosto,29.4,93.3,256.0,0.062,35,3.9,4765.3,Cerrado/Savana,Médio
PA,Amazônia,-4.2986,-53.5722,Agosto,27.2,88.1,50.5,0.447,61,13.0,600.3,Área Urbana,Médio
PA,Amazônia,-4.29593,-51.37913,Abril,41.4,70.9,232.8,0.559,25,31.1,1240.0,Agricultura,Alto
GO,Cerrado,-15.27001,-48.89441,Julho,16.3,46.2,145.1,0.844,21,18.4,4342.9,Floresta,Médio
PA,Amazônia,-4.39741,-54.22052,Outubro,19.9,26.2,174.4,0.704,6,35.3,2925.8,Floresta,Alto
AM,Amazônia,-5.06729,-63.41133,Janeiro,32.5,28.8,45.3,0.665,13,16.1,2741.7,Pastagem,Baixo
RS,Pampa,-29.83869,-51.56476,Junho,18.7,47.7,31.0,0.798,18,39.8,2975.8,Floresta,Baixo
SP,Mata Atlântica,-25.01336,-45.46703,Junho,30.9,75.3,62.7,0.79,3,0.7,1268.8,Área Urbana,Médio
GO,Cerrado,-15.40543,-49.58661,Junho,30.3,32.5,2.9,0.885,35,27.8,3809.6,Floresta,Baixo
SP,Mata Atlântica,-23.93698,-47.19734,Dezembro,41.2,36.4,301.2,0.529,66,36.6,2487.7,Cerrado/Savana,Alto
CE,Caatinga,-6.362,-38.24939,Fevereiro,38.9,61.0,58.7,0.782,48,21.4,222.6,Floresta,Médio
SP,Mata Atlântica,-24.60524,-46.31591,Agosto,40.5,30.2,500.0,-0.06,36,39.5,894.0,Cerrado/Savana,Alto
SP,Mata Atlântica,-21.05698,-47.12839,Maio,18.1,59.7,172.0,0.601,33,28.3,4085.0,Pastagem,Médio
GO,Cerrado,-14.38895,-48.98694,Maio,38.4,42.9,10.1,0.017,52,17.2,1731.8,Pastagem,Médio
MG,Cerrado,-18.0428,-43.90448,Fevereiro,18.5,12.9,129.5,0.027,26,20.6,3869.5,Agricultura,Médio
BA,Caatinga,-12.72236,-41.64784,Abril,32.1,44.2,37.9,0.088,14,35.1,3320.2,Agricultura,Baixo
PA,Amazônia,-6.36217,-52.66781,Dezembro,34.4,88.2,33.5,0.673,99,38.3,1514.3,Floresta,Baixo
PA,Amazônia,-6.41784,-51.22152,Setembro,19.3,34.9,35.6,0.525,19,22.2,643.9,Agricultura,Médio
AM,Amazônia,-6.01925,-61.49842,Setembro,32.1,37.4,297.3,0.849,39,12.3,4036.7,Floresta,Alto
GO,Cerrado,-15.32512,-49.47098,Junho,16.4,15.6,83.2,0.604,18,9.6,3219.0,Floresta,Baixo
AM,Amazônia,-1.93325,-62.64919,Novembro,22.9,62.3,132.8,0.677,35,19.1,1511.0,Floresta,Médio
RS,Pampa,-29.64685,-53.80481,Setembro,39.9,82.2,39.6,0.744,66,11.9,2621.1,Área Urbana,Baixo
RS,Pampa,-30.65298,-49.9464,Abril,19.6,40.0,88.8,0.827,30,16.8,3063.4,Pastagem,Baixo
AM,Amazônia,-5.47874,-61.98038,Novembro,16.8,30.4,51.7,0.387,84,33.4,20.6,Pastagem,Médio
GO,Cerrado,-16.84628,-50.00648,Janeiro,27.0,91.3,46.5,0.467,85,18.9,3355.9,Pastagem,Baixo
AM,Amazônia,-4.39652,-64.09079,Fevereiro,38.0,73.3,34.0,0.157,79,25.6,3283.8,Cerrado/Savana,Baixo
PA,Amazônia,-4.961,-52.8044,Janeiro,17.1,58.2,63.1,0.414,23,3.6,422.1,Cerrado/Savana,Médio
PR,Mata Atlântica,-23.97106,-50.35834,Agosto,24.6,36.0,129.5,0.716,29,30.5,3940.9,Floresta,Médio
MT,Cerrado/Amazônia,-10.84211,-56.71977,Setembro,39.3,28.8,30.1,0.192,42,19.3,4127.2,Cerrado/Savana,Médio
SP,Mata Atlântica,-21.64707,-48.09366,Outubro,18.2,70.8,403.8,0.202,2,14.4,1457.9,Pastagem,Alto
MT,Cerrado/Amazônia,-11.31656,-56.23091,Dezembro,23.4,54.4,16.0,0.482,74,24.4,819.4,Pastagem,Baixo
GO,Cerrado,-15.48036,-49.1729,Junho,36.0,54.3,78.5,0.615,34,4.1,3435.5,Floresta,Baixo
MT,Cerrado/Amazônia,-14.12111,-58.71512,Fevereiro,29.7,16.3,10.7,0.788,44,16.6,625.5,Cerrado/Savana,Baixo
RS,Pampa,-27.46526,-51.48308,Junho,37.5,53.5,2.8,0.669,38,32.4,4291.6,Cerrado/Savana,Baixo
CE,Caatinga,-5.37449,-41.30346,Setembro,18.0,79.9,307.2,0.176,28,10.5,2405.8,Pastagem,Alto
SP,Mata Atlântica,-25.77267,-46.76248,Dezembro,39.9,90.5,199.5,0.142,16,36.6,4549.9,Agricultura,Alto
BA,Caatinga,-13.09238,-41.6974,Março,40.2,19.1,142.2,0.539,73,24.1,3214.4,Pastagem,Médio
GO,Cerrado,-15.69927,-46.10581,Setembro,19.2,63.6,240.5,0.081,33,21.6,1432.6,Pastagem,Alto
SP,Mata Atlântica,-24.05787,-44.26009,Fevereiro,15.9,58.3,194.9,0.722,43,16.0,2345.5,Floresta,Alto
MT,Cerrado/Amazônia,-10.21696,-55.78956,Novembro,41.7,85.7,125.0,0.339,69,29.7,2651.4,Agricultura,Médio
RS,Pampa,-30.38269,-53.27221,Maio,28.0,73.9,225.5,0.368,23,22.6,4077.6,Agricultura,Alto
MG,Cerrado,-17.79308,-43.02178,Novembro,30.4,92.0,59.5,0.688,40,31.9,4310.7,Floresta,Baixo
PR,Mata Atlântica,-22.26847,-52.97494,Fevereiro,31.6,91.6,96.6,0.8,7,13.3,3418.2,Pastagem,Baixo
BA,Caatinga,-12.94529,-43.1158,Julho,36.3,29.2,179.7,-0.1,84,28.1,1478.0,Área Urbana,Alto
PR,Mata Atlântica,-25.84022,-50.55342,Novembro,36.9,71.7,10.6,0.683,22,37.7,2647.6,Cerrado/Savana,Baixo
SP,Mata Atlântica,-24.56896,-47.86641,Outubro,20.2,55.1,234.8,0.735,90,11.2,661.8,Área Urbana,Alto
RS,Pampa,-28.83451,-50.55389,Setembro,21.4,28.2,20.5,0.71,22,39.2,1158.2,Floresta,Médio
RS,Pampa,-29.50498,-52.20933,Julho,38.7,26.6,239.9,0.153,129,16.4,1522.3,Pastagem,Alto
MT,Cerrado/Amazônia,-10.74047,-56.89826,Dezembro,37.1,16.9,44.8,0.466,55,1.5,373.1,Floresta,Médio
PA,Amazônia,-1.96971,-52.48825,Maio,31.7,77.6,47.5,0.691,22,14.3,4426.1,Floresta,Baixo
MT,Cerrado/Amazônia,-16.18002,-60.48681,Abril,41.9,37.6,9.2,0.358,16,6.0,622.0,Área Urbana,Baixo
PA,Amazônia,-4.60408,-50.77926,Dezembro,34.8,82.8,260.5,0.404,7,12.2,3487.2,Cerrado/Savana,Alto
PA,Amazônia,-6.71574,-49.57853,Abril,20.8,61.7,23.0,0.793,31,3.8,2533.3,Floresta,Baixo
BA,Caatinga,-10.0855,-41.38418,Outubro,37.9,67.3,119.3,-0.068,63,7.1,4160.5,Pastagem,Baixo
MT,Cerrado/Amazônia,-11.87082,-55.5782,Agosto,26.2,96.5,123.9,-0.084,0,5.1,33.4,Corpo d'Água,Médio
MG,Cerrado,-15.67501,-43.5268,Outubro,16.0,48.9,39.6,0.859,35,1.7,3801.1,Floresta,Baixo
AM,Amazônia,-3.1881,-61.21155,Outubro,23.7,45.0,500.0,0.634,62,11.8,2097.5,Floresta,Alto
AM,Amazônia,-2.66396,-60.83338,Outubro,35.6,30.0,8.0,-0.093,94,37.6,4171.5,Cerrado/Savana,Médio
MT,Cerrado/Amazônia,-15.03503,-56.44622,Outubro,40.9,80.8,112.3,0.701,10,38.0,482.8,Agricultura,Médio
MT,Cerrado/Amazônia,-11.98934,-57.02927,Outubro,22.5,62.9,78.4,0.735,21,33.9,2227.7,Floresta,Médio
PR,Mata Atlântica,-23.71375,-48.66825,Janeiro,21.7,13.2,33.8,0.421,21,0.5,4973.1,Cerrado/Savana,Baixo
BA,Caatinga,-12.37267,-40.66242,Maio,30.2,79.7,21.4,0.862,15,1.1,4741.1,Cerrado/Savana,Baixo
MT,Cerrado/Amazônia,-10.2706,-56.67765,Fevereiro,36.9,19.0,160.3,-0.016,62,0.4,420.2,Cerrado/Savana,Alto
PR,Mata Atlântica,-26.22269,-50.62633,Novembro,35.2,44.3,297.7,0.655,29,14.7,2869.2,Floresta,Alto
PA,Amazônia,-8.8425,-56.17755,Setembro,30.1,58.6,13.7,0.475,5,39.2,1585.1,Área Urbana,Médio
RS,Pampa,-29.53048,-54.74746,Julho,32.0,10.7,25.9,0.601,15,35.9,3645.1,Agricultura,Médio
RS,Pampa,-32.00275,-51.80015,Outubro,21.5,91.5,500.0,-0.07,0,10.0,38.4,Corpo d'Água,Alto
PA,Amazônia,-6.62212,-52.95171,Agosto,26.7,66.1,1.8,0.179,37,16.4,10.5,Cerrado/Savana,Baixo
GO,Cerrado,-14.16069,-49.48228,Junho,21.9,65.5,85.2,0.671,29,33.0,4230.6,Floresta,Baixo
PR,Mata Atlântica,-26.14898,-49.51834,Setembro,38.9,23.9,87.1,0.506,123,30.3,1125.7,Floresta,Médio
PR,Mata Atlântica,-27.03329,-51.21717,Junho,18.0,31.7,36.6,0.123,18,5.3,4829.9,Cerrado/Savana,Baixo
PA,Amazônia,-7.85013,-52.35152,Julho,33.4,31.0,130.5,0.739,10,4.3,4528.1,Área Urbana,Médio
MG,Cerrado,-18.98794,-42.92664,Julho,22.0,88.1,347.9,0.022,0,21.7,0.1,Corpo d'Água,Alto
CE,Caatinga,-4.01897,-40.53071,Setembro,27.8,15.7,71.8,0.747,7,4.1,3185.3,Agricultura,Baixo
SP,Mata Atlântica,-24.71841,-47.10265,Novembro,23.1,46.4,166.1,0.836,63,33.0,1488.8,Floresta,Alto
PA,Amazônia,-2.72664,-50.3014,Agosto,23.7,84.1,124.6,0.457,28,10.1,523.9,Pastagem,Médio
MT,Cerrado/Amazônia,-14.1324,-55.71966,Janeiro,22.0,75.4,76.9,0.895,82,7.5,4371.3,Pastagem,Baixo
MT,Cerrado/Amazônia,-15.27715,-57.59101,Abril,35.3,79.9,6.1,0.852,8,7.4,912.3,Agricultura,Baixo
BA,Caatinga,-13.97135,-40.09608,Julho,24.9,92.6,162.5,0.172,12,1.8,2110.6,Pastagem,Médio
PA,Amazônia,-7.47608,-52.08597,Novembro,34.6,42.9,54.2,0.769,53,25.7,4621.7,Cerrado/Savana,Baixo
BA,Caatinga,-12.57893,-41.96317,Agosto,27.3,36.3,30.5,0.644,38,6.6,386.0,Floresta,Baixo
PA,Amazônia,-3.03263,-50.09045,Julho,29.8,12.6,355.4,-0.029,30,9.3,2757.4,Agricultura,Alto
PR,Mata Atlântica,-25.10659,-52.06887,Dezembro,29.7,22.8,178.2,0.476,88,30.1,2865.0,Pastagem,Médio
SP,Mata Atlântica,-25.81031,-46.63639,Março,41.3,57.8,393.3,0.877,54,2.3,3817.7,Pastagem,Alto
PR,Mata Atlântica,-21.96005,-51.7431,Abril,24.9,77.9,35.5,-0.065,0,8.1,46.4,Corpo d'Água,Baixo
CE,Caatinga,-4.00686,-41.74625,Dezembro,20.6,72.6,216.8,0.026,46,6.0,2126.5,Cerrado/Savana,Alto
RS,Pampa,-30.68216,-50.5363,Julho,39.6,13.2,112.3,0.471,63,0.2,3721.0,Cerrado/Savana,Médio
AM,Amazônia,-3.31121,-60.983,Agosto,19.7,32.1,478.8,0.703,34,21.6,4553.1,Cerrado/Savana,Alto
PA,Amazônia,-6.44401,-55.35498,Julho,37.5,69.1,351.0,0.75,32,7.6,4432.5,Floresta,Alto
CE,Caatinga,-3.41686,-41.05422,Junho,19.1,31.7,433.3,0.879,30,25.3,2514.1,Floresta,Alto
RS,Pampa,-29.27009,-50.55371,Setembro,32.8,71.9,363.8,0.771,80,20.1,3039.1,Floresta,Alto
GO,Cerrado,-18.32563,-48.26631,Setembro,19.1,94.6,0.9,0.745,41,26.7,3367.3,Floresta,Baixo
SP,Mata Atlântica,-24.39985,-46.54742,Novembro,39.9,77.8,162.2,0.861,58,39.3,4097.4,Floresta,Médio
BA,Caatinga,-13.11727,-39.26611,Julho,30.3,39.1,38.1,0.163,8,8.8,2543.6,Cerrado/Savana,Baixo
BA,Caatinga,-10.56476,-44.4185,Agosto,23.9,86.6,146.5,0.621,14,26.6,568.4,Floresta,Alto
PR,Mata Atlântica,-21.50176,-52.56746,Junho,18.8,14.4,473.2,0.09,9,33.3,1932.7,Área Urbana,Alto
MT,Cerrado/Amazônia,-9.52634,-57.30431,Janeiro,25.0,71.6,4.8,0.619,56,38.3,3603.8,Área Urbana,Baixo
RS,Pampa,-30.54138,-51.60099,Janeiro,34.0,12.0,100.4,0.359,12,24.9,3122.8,Pastagem,Médio
GO,Cerrado,-16.43118,-46.05341,Junho,25.4,24.8,159.3,0.343,44,5.2,3769.9,Agricultura,Médio
CE,Caatinga,-5.21454,-40.10344,Fevereiro,21.6,93.9,35.1,0.505,25,2.2,2504.8,Pastagem,Baixo
SP,Mata Atlântica,-23.43448,-48.081,Agosto,30.6,40.7,30.6,0.057,57,11.1,880.3,Agricultura,Médio
RS,Pampa,-27.63432,-53.43662,Janeiro,26.3,79.7,7.5,0.798,40,37.1,584.9,Pastagem,Médio
GO,Cerrado,-16.75101,-48.43501,Fevereiro,19.5,42.0,11.8,0.365,53,21.5,2411.5,Cerrado/Savana,Baixo
AM,Amazônia,-3.40647,-61.39618,Agosto,19.2,81.4,128.3,0.267,71,23.2,1036.6,Área Urbana,Alto
PA,Amazônia,-3.24025,-51.2243,Dezembro,34.1,92.1,84.4,0.027,71,24.4,4911.5,Cerrado/Savana,Baixo
BA,Caatinga,-12.37379,-38.56599,Junho,41.3,47.0,3.7,0.068,51,13.3,1001.8,Cerrado/Savana,Baixo
CE,Caatinga,-6.0425,-39.80046,Dezembro,21.3,57.5,419.4,0.82,26,7.3,2838.3,Pastagem,Alto
BA,Caatinga,-12.62566,-41.85363,Outubro,35.9,63.4,128.1,0.357,129,38.2,18.8,Área Urbana,Alto
CE,Caatinga,-6.70382,-42.02547,Fevereiro,17.4,89.5,86.9,0.622,84,30.2,1275.7,Cerrado/Savana,Médio
PR,Mata Atlântica,-24.2642,-52.50021,Fevereiro,25.3,31.8,38.2,-0.019,15,20.4,1303.1,Pastagem,Baixo
MT,Cerrado/Amazônia,-9.81829,-57.02881,Novembro,28.7,62.0,128.8,0.543,44,15.1,3692.6,Cerrado/Savana,Médio
CE,Caatinga,-5.47723,-38.00849,Julho,22.3,37.6,54.3,0.822,13,19.3,2483.2,Área Urbana,Médio
BA,Caatinga,-11.97671,-41.96328,Maio,29.3,28.4,145.5,0.2,36,1.3,70.3,Pastagem,Médio
PR,Mata Atlântica,-25.8511,-46.06345,Maio,38.8,17.2,137.7,0.279,47,9.9,1902.1,Cerrado/Savana,Médio
CE,Caatinga,-4.55732,-38.02336,Agosto,40.5,62.8,11.7,0.84,26,10.0,3227.5,Pastagem,Baixo
AM,Amazônia,-5.00442,-63.08698,Dezembro,17.7,85.0,288.0,0.634,4,17.8,3187.2,Floresta,Alto
MT,Cerrado/Amazônia,-9.51148,-54.8246,Dezembro,22.3,39.9,80.1,-0.038,3,9.5,278.9,Cerrado/Savana,Médio
CE,Caatinga,-4.41357,-40.22236,Julho,41.4,57.0,59.9,0.279,47,7.4,4645.3,Agricultura,Baixo
PR,Mata Atlântica,-25.24105,-52.56417,Dezembro,22.3,64.6,373.4,-0.014,51,30.6,1242.5,Pastagem,Alto
RS,Pampa,-31.76527,-49.84423,Setembro,33.7,45.2,69.2,0.761,18,35.7,4458.7,Cerrado/Savana,Baixo
MG,Cerrado,-17.70175,-43.44588,Abril,21.8,86.8,153.3,0.522,74,2.7,1074.9,Cerrado/Savana,Médio
GO,Cerrado,-16.33535,-49.45654,Outubro,24.6,40.8,127.8,0.856,21,8.4,2843.6,Agricultura,Médio
MG,Cerrado,-19.15807,-45.64096,Abril,20.2,20.6,21.7,-0.08,108,30.9,2036.3,Pastagem,Médio
MG,Cerrado,-16.00941,-44.36774,Fevereiro,38.1,22.2,500.0,0.616,22,32.6,2910.9,Floresta,Alto
SP,Mata Atlântica,-22.78882,-45.37637,Março,38.8,85.7,74.7,0.838,28,20.0,2494.3,Floresta,Baixo
AM,Amazônia,-3.26894,-61.85905,Janeiro,23.0,94.0,60.3,0.25,0,27.8,20.2,Cerrado/Savana,Médio
RS,Pampa,-31.65994,-52.57417,Janeiro,37.2,34.6,302.5,0.062,19,3.1,1763.1,Agricultura,Alto
PA,Amazônia,-6.96172,-51.82181,Julho,24.7,88.5,90.4,-0.049,0,34.0,38.6,Corpo d'Água,Médio
CE,Caatinga,-4.99366,-40.99405,Maio,17.7,51.0,146.5,0.745,96,33.3,3420.0,Floresta,Médio
GO,Cerrado,-14.95985,-49.02482,Março,35.5,70.3,224.7,0.061,63,27.7,4268.9,Agricultura,Alto
MT,Cerrado/Amazônia,-13.72245,-56.96174,Julho,31.1,62.1,32.2,0.374,40,36.7,1929.7,Pastagem,Baixo
RS,Pampa,-29.20929,-52.51753,Fevereiro,22.4,90.8,22.3,0.822,5,1.9,2628.8,Pastagem,Baixo
BA,Caatinga,-11.73066,-41.24846,Março,21.8,82.2,8.5,0.072,0,9.2,44.6,Corpo d'Água,Baixo
PA,Amazônia,-7.0388,-52.4003,Janeiro,41.3,83.9,272.9,0.151,27,14.5,1932.1,Cerrado/Savana,Alto
SP,Mata Atlântica,-23.00153,-47.569,Agosto,38.3,56.0,26.8,0.775,24,6.3,702.9,Floresta,Baixo
SP,Mata Atlântica,-24.37093,-48.14263,Fevereiro,36.9,37.8,44.1,0.161,47,32.6,332.9,Área Urbana,Médio
RS,Pampa,-30.7035,-51.24812,Julho,18.5,69.6,40.4,0.728,78,30.3,868.4,Floresta,Médio
PR,Mata Atlântica,-25.70678,-53.77733,Novembro,35.4,47.3,43.6,0.778,32,30.9,4355.5,Agricultura,Baixo
MG,Cerrado,-19.54288,-45.17594,Setembro,20.8,34.5,132.3,0.686,144,11.7,4911.2,Pastagem,Médio
BA,Caatinga,-11.35474,-40.80785,Junho,41.4,22.9,369.8,0.401,29,30.5,4397.3,Floresta,Alto
SP,Mata Atlântica,-22.29567,-47.73853,Fevereiro,16.4,54.9,48.0,0.646,25,4.9,4848.7,Floresta,Baixo
GO,Cerrado,-15.61767,-53.47457,Fevereiro,24.5,60.5,62.8,0.835,28,4.3,3656.7,Floresta,Baixo
SP,Mata Atlântica,-22.90662,-45.71365,Setembro,26.6,58.3,177.0,0.459,67,23.4,806.9,Agricultura,Alto
MT,Cerrado/Amazônia,-13.20744,-56.47686,Outubro,37.3,19.9,67.9,0.554,94,1.9,2820.2,Floresta,Médio
CE,Caatinga,-7.37239,-40.8516,Agosto,35.7,58.4,312.5,0.36,29,37.5,3660.7,Pastagem,Alto
SP,Mata Atlântica,-22.40183,-45.86312,Setembro,25.1,24.3,84.0,0.686,36,13.2,2572.2,Floresta,Baixo
MT,Cerrado/Amazônia,-13.29778,-55.70296,Abril,30.3,66.4,51.3,0.216,44,19.1,2777.8,Agricultura,Baixo
RS,Pampa,-29.82255,-51.98633,Abril,37.6,46.5,427.2,0.758,69,32.5,2935.1,Área Urbana,Alto
RS,Pampa,-30.30424,-51.91313,Fevereiro,15.5,82.1,66.6,0.798,80,16.0,2339.6,Pastagem,Baixo
PA,Amazônia,-7.31566,-50.84497,Outubro,36.7,80.5,31.5,-0.053,0,17.2,45.5,Corpo d'Água,Médio
SP,Mata Atlântica,-24.40204,-47.87854,Janeiro,40.6,71.6,23.5,0.398,7,13.9,3188.8,Cerrado/Savana,Baixo
GO,Cerrado,-18.12402,-53.79395,Outubro,15.9,69.6,500.0,0.769,118,14.1,277.0,Floresta,Alto
SP,Mata Atlântica,-22.49775,-45.43959,Abril,16.2,57.6,167.8,0.85,47,18.7,862.9,Floresta,Alto
GO,Cerrado,-14.04044,-50.06356,Outubro,24.3,15.2,63.0,0.884,43,37.8,4627.1,Cerrado/Savana,Baixo
AM,Amazônia,-3.95299,-62.98158,Outubro,17.4,65.7,210.1,0.806,27,37.4,2449.2,Floresta,Alto
PA,Amazônia,-6.16484,-51.05031,Novembro,27.9,49.7,95.0,0.349,87,21.8,4110.2,Área Urbana,Médio
AM,Amazônia,-3.50977,-61.65289,Agosto,34.7,49.9,45.8,0.818,18,18.2,3635.4,Agricultura,Baixo
SP,Mata Atlântica,-24.21301,-44.64873,Fevereiro,30.3,42.2,163.2,0.815,18,32.3,1610.3,Pastagem,Alto
PA,Amazônia,-8.39711,-54.56079,Dezembro,20.3,89.0,164.4,0.395,53,27.2,4020.2,Agricultura,Médio
AM,Amazônia,-2.90043,-59.59408,Novembro,32.7,31.2,83.2,0.664,136,35.3,465.7,Floresta,Médio
MG,Cerrado,-18.84765,-45.81356,Agosto,33.5,36.9,5.5,0.86,19,29.2,4376.1,Floresta,Baixo
SP,Mata Atlântica,-22.04901,-46.14445,Janeiro,40.2,91.9,9.6,0.485,27,38.1,3406.0,Pastagem,Baixo
AM,Amazônia,-1.53468,-64.15553,Janeiro,19.0,78.9,186.6,0.673,37,35.4,4636.1,Cerrado/Savana,Alto
MG,Cerrado,-16.6925,-46.87269,Abril,33.7,11.2,208.1,0.363,47,34.2,4478.6,Pastagem,Alto
MG,Cerrado,-18.94226,-43.93083,Julho,39.6,87.0,136.1,0.626,76,15.7,1907.5,Floresta,Médio
RS,Pampa,-29.75098,-49.63911,Setembro,28.5,29.3,219.2,-0.076,3,15.4,4285.6,Pastagem,Médio
SP,Mata Atlântica,-26.28999,-46.41849,Maio,24.8,70.0,152.5,0.459,45,29.6,2819.5,Agricultura,Médio
MG,Cerrado,-16.71054,-44.46106,Fevereiro,19.6,57.0,272.7,0.061,8,3.3,794.0,Pastagem,Alto
RS,Pampa,-31.74351,-49.71874,Dezembro,38.4,55.6,19.6,0.087,45,12.9,4149.5,Cerrado/Savana,Baixo
AM,Amazônia,-4.44247,-63.45648,Julho,25.6,71.0,58.9,0.735,69,37.3,4540.5,Floresta,Baixo
MT,Cerrado/Amazônia,-14.1052,-57.21803,Novembro,40.0,27.6,74.9,0.472,32,18.0,431.9,Floresta,Médio
SP,Mata Atlântica,-23.27541,-48.53365,Fevereiro,37.9,23.5,42.4,-0.026,55,10.8,4653.5,Pastagem,Médio
PA,Amazônia,-7.13547,-53.77172,Setembro,25.2,65.4,155.1,0.676,15,19.1,3010.3,Floresta,Médio
GO,Cerrado,-17.26248,-49.78486,Setembro,30.5,34.7,292.3,0.845,50,11.5,139.2,Agricultura,Alto
GO,Cerrado,-15.28817,-49.50419,Março,15.7,92.8,63.8,0.717,57,30.7,2713.6,Floresta,Médio
AM,Amazônia,-3.132,-59.71351,Agosto,22.1,48.4,340.7,0.251,21,34.0,3985.8,Pastagem,Alto
PR,Mata Atlântica,-24.25447,-50.37405,Novembro,34.2,19.5,87.3,0.205,134,31.3,2670.6,Cerrado/Savana,Médio
PR,Mata Atlântica,-25.51192,-50.13399,Abril,33.3,68.3,88.7,0.847,16,6.0,3539.2,Floresta,Baixo
AM,Amazônia,-4.16353,-61.60283,Março,24.5,95.1,110.0,-0.151,0,13.4,15.5,Corpo d'Água,Médio
MG,Cerrado,-20.56705,-44.30065,Janeiro,36.8,22.6,37.5,-0.1,54,8.6,4350.1,Agricultura,Médio
SP,Mata Atlântica,-25.01307,-45.22595,Maio,21.4,45.9,58.0,-0.09,64,1.7,902.6,Cerrado/Savana,Baixo
GO,Cerrado,-14.51619,-50.53994,Novembro,27.5,92.0,96.7,0.622,21,29.6,2141.4,Pastagem,Médio
GO,Cerrado,-12.75564,-50.26882,Abril,27.8,45.0,341.6,0.615,46,17.1,564.7,Agricultura,Alto
MG,Cerrado,-20.92803,-45.71868,Janeiro,24.2,39.5,123.5,0.318,48,11.1,2979.5,Pastagem,Médio
GO,Cerrado,-17.39621,-49.2706,Outubro,40.8,47.8,48.6,0.026,52,12.3,4774.1,Cerrado/Savana,Baixo
PA,Amazônia,-7.39304,-53.53882,Agosto,33.8,11.0,1.3,0.272,71,5.4,917.4,Área Urbana,Médio
SP,Mata Atlântica,-23.07817,-46.42203,Agosto,29.6,21.3,479.9,0.49,108,33.1,2024.1,Agricultura,Alto
CE,Caatinga,-5.11897,-39.461,Agosto,28.8,82.2,81.5,0.604,17,5.8,4770.6,Pastagem,Baixo
GO,Cerrado,-16.38575,-52.24563,Março,19.3,93.1,334.6,0.635,11,13.5,3753.1,Floresta,Alto
AM,Amazônia,-4.06526,-61.51688,Junho,25.0,23.4,95.6,0.639,25,0.3,365.1,Floresta,Médio
PA,Amazônia,-5.7454,-52.14277,Dezembro,33.2,55.5,111.6,0.176,31,17.5,2147.8,Pastagem,Médio
GO,Cerrado,-16.71017,-48.3485,Dezembro,40.0,92.1,149.3,0.517,93,14.2,4939.5,Área Urbana,Médio
PA,Amazônia,-9.37448,-52.51784,Julho,37.0,23.3,46.5,0.348,57,28.8,2271.7,Pastagem,Médio
RS,Pampa,-28.00668,-48.98345,Setembro,23.1,25.8,144.1,0.811,30,28.6,3150.7,Cerrado/Savana,Médio
CE,Caatinga,-5.44774,-41.6393,Maio,26.7,88.8,89.8,0.823,10,1.5,3507.9,Floresta,Baixo
BA,Caatinga,-10.53029,-41.7778,Setembro,17.2,70.0,133.9,0.438,13,4.6,3323.0,Pastagem,Médio
AM,Amazônia,-3.70845,-63.55928,Junho,17.8,22.9,216.8,0.168,6,36.2,2598.4,Cerrado/Savana,Alto
AM,Amazônia,-5.34483,-61.37421,Outubro,27.7,43.4,24.4,0.187,3,31.7,672.7,Pastagem,Baixo
SP,Mata Atlântica,-22.54519,-46.32768,Outubro,29.3,14.8,114.1,-0.054,76,15.6,3545.0,Agricultura,Médio
PA,Amazônia,-6.68607,-54.3275,Outubro,22.1,46.8,6.4,0.186,14,6.7,4667.3,Agricultura,Baixo
MG,Cerrado,-20.65837,-45.39082,Abril,32.4,76.1,12.9,-0.036,54,10.4,4709.1,Área Urbana,Baixo
AM,Amazônia,-4.97878,-64.78396,Janeiro,34.0,57.1,134.7,0.864,26,26.3,2971.0,Pastagem,Médio
PA,Amazônia,-4.56298,-54.7086,Janeiro,23.1,65.0,8.8,0.524,3,37.8,2466.1,Área Urbana,Médio
PA,Amazônia,-4.06412,-52.13889,Outubro,35.5,37.8,108.6,0.073,22,24.6,1676.5,Pastagem,Médio
MT,Cerrado/Amazônia,-12.23849,-54.42204,Maio,20.6,23.7,29.8,0.017,21,1.1,526.8,Agricultura,Baixo
MT,Cerrado/Amazônia,-14.6087,-55.60934,Março,29.7,11.1,43.5,0.27,18,26.0,4416.8,Pastagem,Médio
BA,Caatinga,-13.02646,-37.84339,Maio,36.7,79.8,16.7,0.208,33,37.8,693.9,Área Urbana,Médio
RS,Pampa,-30.60119,-52.04346,Maio,29.5,64.1,34.3,0.767,29,14.3,1446.8,Floresta,Baixo
BA,Caatinga,-11.9417,-42.01336,Janeiro,39.5,29.5,206.6,0.168,106,37.3,3704.6,Agricultura,Alto
GO,Cerrado,-16.96769,-51.29542,Agosto,16.6,45.6,122.2,0.736,52,26.8,3526.8,Floresta,Médio
MG,Cerrado,-16.32269,-46.29519,Maio,30.9,78.1,358.9,0.819,15,7.6,3408.3,Floresta,Alto
GO,Cerrado,-15.49537,-48.25572,Maio,30.2,55.8,6.0,0.421,6,5.8,3711.1,Cerrado/Savana,Baixo
PR,Mata Atlântica,-23.23326,-52.45248,Setembro,32.8,35.5,188.7,0.707,103,7.1,2714.5,Cerrado/Savana,Médio
GO,Cerrado,-16.13928,-50.44029,Agosto,37.5,32.7,144.1,-0.096,2,28.0,783.2,Pastagem,Médio
SP,Mata Atlântica,-25.85253,-45.82372,Janeiro,34.6,28.5,36.3,0.097,19,23.6,4991.8,Pastagem,Baixo
GO,Cerrado,-15.77224,-47.67912,Março,36.3,80.0,156.8,0.79,15,18.2,4461.8,Floresta,Médio
BA,Caatinga,-13.81481,-40.06696,Dezembro,22.8,59.5,151.3,0.605,23,10.5,2161.4,Pastagem,Médio
AM,Amazônia,-1.73115,-62.14939,Julho,25.5,75.7,73.8,-0.012,0,36.3,15.6,Corpo d'Água,Médio
AM,Amazônia,-6.72629,-62.98885,Janeiro,31.9,83.1,140.0,0.064,51,8.5,1973.8,Agricultura,Médio
MT,Cerrado/Amazônia,-10.00119,-56.47442,Janeiro,29.9,93.9,70.6,0.703,59,11.3,3193.5,Floresta,Baixo
MG,Cerrado,-17.4699,-44.68375,Maio,40.9,31.2,49.1,0.229,81,2.2,3658.4,Pastagem,Médio
MG,Cerrado,-18.84516,-47.35102,Setembro,20.0,25.4,75.4,0.842,15,11.0,1165.5,Floresta,Médio
SP,Mata Atlântica,-22.35789,-45.01048,Junho,24.5,49.3,270.6,0.791,15,36.9,2169.7,Cerrado/Savana,Alto
BA,Caatinga,-14.00629,-41.96828,Outubro,30.5,13.0,58.3,0.246,80,7.5,3204.8,Pastagem,Médio
MT,Cerrado/Amazônia,-13.15061,-56.28977,Fevereiro,38.4,77.1,62.0,0.033,0,8.2,2.8,Corpo d'Água,Médio
PR,Mata Atlântica,-25.70655,-50.15299,Novembro,40.1,85.1,112.5,0.611,25,24.0,1631.1,Agricultura,Médio
MG,Cerrado,-18.40301,-48.37413,Setembro,24.1,68.3,167.8,0.804,73,22.7,3727.6,Agricultura,Médio
AM,Amazônia,-2.80592,-60.72547,Junho,16.8,32.8,159.2,0.151,57,7.0,1739.9,Pastagem,Médio
GO,Cerrado,-17.55809,-49.22691,Maio,26.4,20.5,2.4,0.831,41,6.2,470.8,Pastagem,Médio
GO,Cerrado,-13.08506,-49.6719,Maio,25.6,81.5,139.5,0.03,0,4.7,11.0,Corpo d'Água,Alto
MT,Cerrado/Amazônia,-10.96756,-57.58323,Dezembro,41.6,80.8,71.9,0.635,32,34.4,3250.0,Floresta,Médio
BA,Caatinga,-12.60695,-42.00693,Março,26.6,39.6,89.1,0.336,117,26.2,2576.6,Cerrado/Savana,Médio
BA,Caatinga,-13.16068,-41.92158,Junho,23.3,12.9,99.0,0.604,52,38.1,3378.4,Floresta,Médio
RS,Pampa,-32.47602,-51.72632,Abril,24.9,33.3,157.9,-0.021,3,6.6,4397.7,Cerrado/Savana,Médio
CE,Caatinga,-3.09329,-41.09554,Dezembro,25.7,94.1,213.6,0.29,38,18.4,3785.0,Cerrado/Savana,Alto
MG,Cerrado,-20.1092,-44.45818,Outubro,37.2,67.5,124.7,0.289,21,29.7,4290.5,Cerrado/Savana,Médio
BA,Caatinga,-12.41323,-41.1338,Fevereiro,17.2,79.5,99.6,-0.072,0,8.5,34.8,Corpo d'Água,Médio
AM,Amazônia,-3.64061,-62.1122,Março,23.5,75.9,56.2,0.116,5,27.4,4004.4,Pastagem,Baixo
MT,Cerrado/Amazônia,-13.20633,-58.83369,Setembro,41.1,55.9,17.8,0.3,44,19.0,1806.4,Agricultura,Baixo
PR,Mata Atlântica,-24.99709,-50.4631,Novembro,19.1,22.6,382.1,0.31,76,17.2,113.1,Agricultura,Alto
RS,Pampa,-29.25742,-53.84636,Novembro,35.1,39.6,74.4,0.342,24,25.8,225.5,Área Urbana,Médio
PA,Amazônia,-5.16211,-54.06915,Setembro,24.6,59.6,100.2,0.769,34,18.7,3654.5,Agricultura,Baixo
SP,Mata Atlântica,-21.46175,-46.1406,Junho,30.7,84.0,166.9,0.893,41,32.8,1366.8,Floresta,Alto
PR,Mata Atlântica,-23.54557,-51.51825,Outubro,17.7,32.8,8.5,0.662,45,37.2,1544.8,Floresta,Baixo
PA,Amazônia,-5.63908,-50.48623,Outubro,23.3,79.4,231.7,-0.127,0,23.6,23.3,Corpo d'Água,Alto
GO,Cerrado,-14.37084,-49.66321,Setembro,28.5,57.5,191.4,0.662,48,12.0,3710.1,Pastagem,Médio
SP,Mata Atlântica,-23.8495,-49.19076,Abril,21.3,25.0,178.7,0.809,14,31.1,2798.8,Floresta,Alto
MG,Cerrado,-18.02315,-44.73916,Novembro,29.6,61.9,2.7,0.323,29,6.8,3534.8,Cerrado/Savana,Baixo
AM,Amazônia,-2.63907,-60.93327,Maio,20.9,72.9,89.7,-0.094,0,3.8,36.5,Corpo d'Água,Médio
SP,Mata Atlântica,-21.70062,-46.12451,Outubro,32.6,76.9,6.7,0.038,0,20.7,6.8,Corpo d'Água,Baixo
CE,Caatinga,-6.66954,-42.87397,Junho,39.4,43.9,96.1,0.376,56,25.9,1211.6,Cerrado/Savana,Médio
PA,Amazônia,-6.77705,-50.72977,Setembro,17.3,60.4,152.1,0.65,147,33.4,4534.9,Área Urbana,Médio
MG,Cerrado,-15.77476,-44.90685,Maio,20.8,56.4,15.6,0.203,25,38.2,1493.3,Pastagem,Baixo
CE,Caatinga,-7.29144,-40.62262,Agosto,37.8,30.8,142.4,0.679,10,34.9,3306.3,Pastagem,Médio
GO,Cerrado,-14.12329,-50.72652,Novembro,32.1,85.7,71.6,0.223,22,39.5,4374.8,Cerrado/Savana,Baixo
CE,Caatinga,-4.21631,-39.39716,Janeiro,17.1,19.3,200.3,0.33,21,19.0,3121.0,Área Urbana,Alto
RS,Pampa,-28.965,-48.50298,Maio,28.1,13.4,91.5,0.379,13,12.7,4032.9,Pastagem,Médio
RS,Pampa,-29.14533,-51.00963,Outubro,20.7,61.2,49.2,0.826,27,18.4,4637.5,Cerrado/Savana,Baixo
MT,Cerrado/Amazônia,-9.78744,-56.39567,Janeiro,20.4,20.5,48.4,-0.047,54,25.8,4835.0,Cerrado/Savana,Médio
PR,Mata Atlântica,-26.07942,-50.5188,Outubro,40.4,52.9,273.3,0.097,17,20.3,2059.1,Cerrado/Savana,Alto
PR,Mata Atlântica,-24.21882,-52.01185,Junho,35.6,90.9,72.4,0.606,18,25.4,4963.9,Cerrado/Savana,Baixo
MG,Cerrado,-19.28638,-44.99739,Julho,33.8,69.4,62.5,0.478,8,35.5,1365.7,Cerrado/Savana,Médio
GO,Cerrado,-16.62783,-50.23864,Dezembro,21.5,62.5,4.9,0.152,39,6.6,2316.3,Pastagem,Baixo
BA,Caatinga,-13.84419,-41.12077,Maio,18.2,58.9,54.4,0.758,102,4.8,3805.9,Floresta,Baixo
RS,Pampa,-29.5632,-50.7122,Janeiro,38.5,25.3,227.4,0.067,57,19.9,4851.1,Área Urbana,Alto
MG,Cerrado,-18.60355,-44.81649,Junho,15.2,46.8,171.7,0.35,120,39.3,274.2,Cerrado/Savana,Alto
BA,Caatinga,-10.41699,-41.59889,Outubro,25.5,39.1,30.0,0.718,5,2.4,4728.8,Agricultura,Baixo
PR,Mata Atlântica,-22.99435,-53.04462,Maio,22.5,91.0,63.9,-0.086,7,39.5,4993.4,Agricultura,Baixo
MT,Cerrado/Amazônia,-11.79623,-58.02205,Junho,30.4,30.6,26.3,0.798,32,38.7,4548.8,Cerrado/Savana,Baixo
CE,Caatinga,-5.93423,-40.26786,Novembro,21.8,50.1,370.1,0.652,19,11.7,550.8,Floresta,Alto
RS,Pampa,-30.7419,-51.93441,Outubro,23.4,89.7,109.4,0.13,17,35.6,4205.1,Pastagem,Médio
MG,Cerrado,-16.68409,-44.48188,Julho,38.0,77.1,168.5,0.408,22,0.3,3202.4,Área Urbana,Médio
SP,Mata Atlântica,-23.21242,-47.31574,Julho,31.3,92.0,150.1,0.877,12,18.2,57.5,Floresta,Médio
BA,Caatinga,-11.29459,-41.16742,Fevereiro,18.9,61.7,248.3,0.84,38,16.1,4922.0,Floresta,Alto
CE,Caatinga,-5.56339,-42.02643,Dezembro,34.6,75.8,357.9,-0.083,0,36.1,19.6,Corpo d'Água,Alto
RS,Pampa,-29.70556,-50.36648,Março,20.6,80.3,4.0,0.661,16,18.9,1990.1,Área Urbana,Baixo
PR,Mata Atlântica,-26.35827,-51.99309,Dezembro,26.7,34.8,444.1,0.066,122,16.7,161.1,Pastagem,Alto
GO,Cerrado,-15.02426,-52.19639,Junho,32.5,24.0,245.3,0.068,13,25.6,1554.5,Pastagem,Alto
BA,Caatinga,-13.55328,-41.13464,Março,22.3,70.0,57.9,0.104,34,15.0,2845.9,Cerrado/Savana,Baixo
PR,Mata Atlântica,-23.23247,-48.27133,Fevereiro,25.4,64.3,217.7,0.697,23,21.5,4655.0,Cerrado/Savana,Médio
RS,Pampa,-27.09202,-51.01435,Abril,34.8,84.7,160.1,0.172,10,38.2,4951.9,Cerrado/Savana,Médio
BA,Caatinga,-13.30634,-40.31532,Maio,40.3,91.8,189.1,0.696,39,8.1,2122.6,Cerrado/Savana,Médio
CE,Caatinga,-5.91539,-40.79314,Novembro,29.3,82.9,29.9,0.441,23,18.4,2146.6,Pastagem,Baixo
RS,Pampa,-30.4879,-51.87601,Outubro,15.3,15.1,125.5,0.667,49,0.6,810.1,Cerrado/Savana,Médio
PA,Amazônia,-4.92105,-53.6336,Setembro,24.1,66.5,3.2,0.664,41,33.7,2496.8,Floresta,Baixo
MG,Cerrado,-18.38232,-42.15757,Março,25.8,76.7,226.2,0.236,18,3.7,4701.0,Agricultura,Médio
CE,Caatinga,-4.91679,-37.37489,Março,24.2,93.5,362.0,0.768,84,3.8,835.3,Floresta,Alto
BA,Caatinga,-10.77692,-40.81194,Junho,26.8,41.8,130.2,0.615,145,35.3,1339.7,Agricultura,Médio
GO,Cerrado,-16.36123,-48.27924,Maio,32.1,24.4,86.3,0.772,58,16.4,4457.7,Floresta,Baixo
PR,Mata Atlântica,-25.26496,-51.55301,Junho,18.3,82.5,155.2,0.83,21,27.5,3135.9,Floresta,Médio
SP,Mata Atlântica,-23.0547,-46.63805,Julho,22.4,37.0,47.4,0.516,53,34.3,1659.2,Cerrado/Savana,Médio
PR,Mata Atlântica,-25.9704,-53.84065,Novembro,28.7,60.8,118.1,0.758,29,15.0,4065.6,Floresta,Baixo
BA,Caatinga,-11.1413,-40.84449,Março,23.5,43.1,152.3,0.324,39,10.5,553.7,Cerrado/Savana,Médio
PR,Mata Atlântica,-27.47092,-52.67018,Maio,41.8,44.2,18.5,0.704,39,6.8,4293.2,Floresta,Médio
MG,Cerrado,-18.2414,-43.88614,Agosto,26.6,72.3,18.1,0.9,16,24.3,2594.8,Cerrado/Savana,Baixo
RS,Pampa,-32.30768,-51.36386,Abril,38.5,40.7,151.1,0.873,71,10.1,3787.1,Floresta,Médio
SP,Mata Atlântica,-22.74052,-47.15727,Outubro,39.2,68.9,67.8,0.623,34,25.4,2596.8,Floresta,Médio
AM,Amazônia,-3.08626,-62.95133,Fevereiro,37.6,11.2,264.0,0.219,37,12.7,1238.9,Pastagem,Alto
BA,Caatinga,-11.21621,-42.89893,Abril,16.3,37.6,44.9,-0.05,50,13.9,3207.8,Pastagem,Baixo
MT,Cerrado/Amazônia,-14.39312,-56.87661,Fevereiro,40.6,37.1,5.2,0.878,90,10.0,782.4,Floresta,Médio
AM,Amazônia,-5.62029,-65.37767,Março,18.5,73.7,125.9,0.346,36,16.7,1157.1,Cerrado/Savana,Médio
PR,Mata Atlântica,-23.2644,-53.02634,Abril,15.9,36.7,138.3,0.808,44,6.5,2751.1,Floresta,Médio
BA,Caatinga,-14.58048,-42.91764,Abril,26.2,63.8,96.8,0.876,13,12.8,1956.0,Agricultura,Médio
PA,Amazônia,-6.82498,-52.94317,Outubro,20.3,68.5,138.0,0.882,117,31.1,3728.6,Pastagem,Médio
MT,Cerrado/Amazônia,-14.32023,-56.17272,Setembro,20.0,66.0,89.0,0.786,10,8.6,2922.0,Floresta,Médio
SP,Mata Atlântica,-22.58065,-48.54249,Outubro,22.8,61.3,141.6,0.438,18,37.9,1912.9,Área Urbana,Alto
GO,Cerrado,-16.75714,-50.62459,Junho,21.7,81.2,5.4,-0.007,0,19.7,49.2,Corpo d'Água,Baixo
PA,Amazônia,-5.78751,-51.10597,Setembro,33.5,41.7,55.1,0.138,37,4.3,4567.1,Cerrado/Savana,Baixo
AM,Amazônia,-1.75953,-58.4717,Abril,20.0,58.0,28.4,0.64,17,37.7,210.0,Floresta,Médio
RS,Pampa,-33.43406,-52.61644,Setembro,29.7,15.4,12.6,0.822,53,18.3,3458.2,Floresta,Médio
MG,Cerrado,-15.78899,-47.25105,Novembro,41.6,84.4,32.0,0.562,43,22.3,1965.6,Agricultura,Baixo
GO,Cerrado,-13.1431,-49.61897,Setembro,26.7,80.2,25.5,0.228,16,7.4,1893.0,Cerrado/Savana,Baixo
PA,Amazônia,-5.2638,-54.6497,Junho,32.3,39.4,434.0,0.726,33,13.3,3262.9,Floresta,Alto
RS,Pampa,-30.70674,-48.60894,Maio,41.2,58.2,40.5,0.784,43,28.1,4253.8,Área Urbana,Baixo
RS,Pampa,-30.10152,-51.89675,Março,18.7,89.2,31.5,0.616,55,5.0,3624.8,Pastagem,Baixo
BA,Caatinga,-11.97142,-41.98833,Maio,26.3,33.1,216.1,0.264,56,22.8,3353.9,Pastagem,Alto
PA,Amazônia,-5.02227,-54.00461,Março,38.0,73.1,65.2,0.692,25,27.7,2486.1,Agricultura,Baixo
SP,Mata Atlântica,-23.66573,-47.59161,Maio,40.2,17.0,65.7,0.016,78,0.1,2351.2,Agricultura,Médio
PR,Mata Atlântica,-27.59595,-50.82706,Maio,31.2,54.5,70.4,0.815,66,33.5,2309.0,Floresta,Médio
MT,Cerrado/Amazônia,-14.53066,-57.16711,Fevereiro,18.9,85.1,64.7,0.415,89,2.3,735.8,Pastagem,Baixo
MT,Cerrado/Amazônia,-11.2909,-59.16672,Setembro,39.3,56.9,47.4,0.897,1,9.9,2801.9,Pastagem,Baixo
AM,Amazônia,-2.56297,-62.66972,Julho,19.7,62.4,40.5,0.769,3,38.5,1584.2,Floresta,Baixo
AM,Amazônia,-4.91979,-59.18562,Junho,24.5,87.1,256.4,0.881,29,3.2,3095.0,Floresta,Alto
MT,Cerrado/Amazônia,-12.68083,-57.77214,Maio,25.1,70.8,21.2,0.352,17,33.0,2676.3,Cerrado/Savana,Baixo
SP,Mata Atlântica,-24.72032,-45.30826,Abril,27.1,69.1,24.0,0.212,5,26.1,4700.2,Área Urbana,Baixo
MG,Cerrado,-19.42808,-43.41522,Agosto,36.3,59.8,101.8,0.756,9,23.9,2180.3,Área Urbana,Médio
CE,Caatinga,-5.10372,-37.97572,Fevereiro,36.7,63.8,50.5,0.468,67,23.3,3325.3,Agricultura,Baixo
PR,Mata Atlântica,-26.45381,-52.90459,Agosto,34.4,71.5,65.7,0.074,0,6.7,9.6,Corpo d'Água,Baixo
MG,Cerrado,-18.93151,-44.8471,Janeiro,15.6,93.2,197.1,0.803,47,26.8,3425.1,Floresta,Alto
BA,Caatinga,-13.11184,-37.75284,Outubro,30.3,77.6,280.7,0.654,24,38.1,1342.2,Cerrado/Savana,Alto
CE,Caatinga,-2.00513,-39.20142,Janeiro,35.2,70.1,187.6,0.768,31,3.1,1293.7,Cerrado/Savana,Alto
CE,Caatinga,-4.47454,-40.00465,Março,27.0,21.5,32.1,0.291,64,13.3,2802.8,Pastagem,Médio
PA,Amazônia,-7.11474,-53.00311,Maio,40.5,79.5,469.3,-0.086,103,18.9,4246.8,Área Urbana,Alto
SP,Mata Atlântica,-22.39332,-44.67156,Junho,37.2,72.6,54.2,0.155,81,9.3,3602.8,Cerrado/Savana,Baixo
SP,Mata Atlântica,-22.05644,-48.89466,Abril,32.2,75.5,22.2,0.815,32,29.6,2449.8,Cerrado/Savana,Baixo
CE,Caatinga,-5.53384,-41.8533,Julho,16.7,29.6,83.1,0.588,61,27.5,1282.9,Pastagem,Médio
PA,Amazônia,-3.78673,-53.34858,Julho,32.6,86.8,155.0,0.637,28,4.7,3799.1,Agricultura,Médio
PR,Mata Atlântica,-24.96067,-50.82992,Fevereiro,39.6,18.3,10.4,0.677,97,22.8,4632.0,Floresta,Médio
CE,Caatinga,-0.95079,-39.24759,Fevereiro,25.2,88.0,120.7,-0.189,0,14.8,9.7,Corpo d'Água,Médio
GO,Cerrado,-16.18741,-51.70156,Fevereiro,37.6,66.4,234.3,0.766,16,9.1,3997.5,Floresta,Alto
AM,Amazônia,-1.28204,-62.49245,Fevereiro,23.5,67.3,36.4,0.715,23,33.9,870.5,Floresta,Baixo
AM,Amazônia,-0.98429,-60.56158,Setembro,30.4,36.6,141.8,0.869,12,2.2,4504.9,Cerrado/Savana,Médio
MG,Cerrado,-19.20443,-46.63841,Maio,32.5,69.6,61.3,0.254,27,18.7,3213.8,Agricultura,Baixo
BA,Caatinga,-12.17115,-42.62236,Novembro,33.3,96.1,64.2,-0.033,0,19.0,24.3,Corpo d'Água,Médio
AM,Amazônia,-3.41098,-60.64643,Agosto,38.8,10.0,39.6,0.069,89,22.8,190.9,Área Urbana,Médio
RS,Pampa,-32.51037,-50.83308,Maio,21.3,23.8,117.5,-0.008,38,7.9,3476.1,Pastagem,Médio
MG,Cerrado,-17.37061,-43.33783,Novembro,22.1,85.0,53.7,0.525,41,34.8,3034.4,Cerrado/Savana,Baixo
AM,Amazônia,-5.51531,-61.591,Maio,34.0,28.9,213.3,0.139,47,38.6,3060.5,Pastagem,Alto
BA,Caatinga,-10.7747,-41.18515,Janeiro,19.8,77.6,395.3,-0.117,0,22.0,48.3,Corpo d'Água,Alto
SP,Mata Atlântica,-23.72354,-44.92058,Junho,27.5,68.0,328.2,0.678,30,10.2,3076.1,Floresta,Alto
SP,Mata Atlântica,-24.59148,-48.92475,Abril,15.5,47.5,21.4,0.359,40,35.1,4367.4,Cerrado/Savana,Baixo
PR,Mata Atlântica,-25.1909,-50.74743,Março,18.8,77.7,1.7,0.546,40,39.5,4760.5,Pastagem,Baixo
CE,Caatinga,-3.54159,-38.85425,Junho,33.3,83.2,69.3,0.782,17,29.7,1729.1,Floresta,Baixo
GO,Cerrado,-14.57627,-48.27203,Fevereiro,35.2,81.9,156.6,0.131,14,13.3,2444.5,Cerrado/Savana,Médio
SP,Mata Atlântica,-24.05907,-46.85191,Agosto,18.1,36.6,455.1,0.866,52,9.4,1372.4,Pastagem,Alto
PA,Amazônia,-3.60925,-54.54524,Janeiro,21.1,53.0,183.6,0.522,5,6.3,2063.8,Área Urbana,Alto
AM,Amazônia,-2.8263,-63.29506,Dezembro,17.7,74.3,104.3,-0.189,0,9.4,1.1,Corpo d'Água,Médio
PA,Amazônia,-3.88961,-52.7569,Setembro,26.7,37.4,3.2,0.316,7,9.1,2130.7,Pastagem,Baixo
BA,Caatinga,-12.56861,-39.10668,Agosto,18.4,13.5,209.5,0.337,29,38.7,1964.3,Área Urbana,Alto
SP,Mata Atlântica,-25.16406,-46.30627,Janeiro,26.8,52.1,23.4,0.76,25,25.7,4252.1,Floresta,Baixo
GO,Cerrado,-16.10019,-49.04138,Outubro,34.8,11.1,6.9,0.205,32,6.7,16.3,Agricultura,Médio
BA,Caatinga,-9.686,-42.60786,Dezembro,33.5,90.8,227.9,0.231,33,19.5,4262.4,Cerrado/Savana,Alto
RS,Pampa,-31.8261,-52.44399,Setembro,22.6,77.7,100.2,-0.03,113,7.4,915.2,Agricultura,Médio
RS,Pampa,-30.37923,-51.13365,Fevereiro,33.2,26.3,16.5,0.184,30,24.2,1379.8,Área Urbana,Médio
PA,Amazônia,-5.36821,-50.02601,Março,40.0,34.4,58.6,0.747,44,13.7,1814.4,Floresta,Médio
CE,Caatinga,-2.66274,-37.69558,Fevereiro,24.4,93.5,10.7,0.535,34,7.8,4404.5,Área Urbana,Baixo
MG,Cerrado,-14.73834,-43.31385,Agosto,23.9,41.8,121.9,0.699,74,9.7,4544.3,Floresta,Baixo
CE,Caatinga,-3.43747,-38.44284,Fevereiro,30.4,76.6,39.8,0.015,13,27.0,3309.3,Agricultura,Baixo
PR,Mata Atlântica,-23.92864,-50.95841,Outubro,21.6,48.0,241.3,0.81,29,16.3,2202.8,Floresta,Alto
CE,Caatinga,-5.69529,-41.52017,Fevereiro,32.6,83.4,53.1,0.644,50,20.5,2585.5,Área Urbana,Baixo
PR,Mata Atlântica,-25.08598,-50.70134,Janeiro,37.5,69.8,81.9,0.788,35,32.9,2906.2,Floresta,Médio
PR,Mata Atlântica,-24.78161,-53.148,Julho,27.4,11.9,7.9,-0.085,28,26.2,4770.4,Cerrado/Savana,Médio
GO,Cerrado,-16.07882,-50.167,Dezembro,33.3,35.0,38.7,0.229,10,18.5,4846.1,Área Urbana,Baixo
SP,Mata Atlântica,-23.64353,-45.89363,Fevereiro,32.6,57.4,135.5,0.324,24,38.2,4238.2,Agricultura,Médio
GO,Cerrado,-14.77061,-50.59008,Outubro,16.0,88.7,159.9,0.811,10,8.6,2922.8,Agricultura,Médio
PR,Mata Atlântica,-23.41832,-49.85254,Maio,20.0,18.7,33.4,0.401,64,11.6,1959.8,Agricultura,Médio
BA,Caatinga,-12.09955,-40.70287,Maio,39.1,61.1,84.1,0.17,8,36.5,1159.1,Pastagem,Médio
RS,Pampa,-28.55365,-52.87647,Março,40.4,79.4,204.1,-0.02,0,34.1,16.4,Corpo d'Água,Alto
PR,Mata Atlântica,-23.3079,-52.73509,Março,36.1,85.6,57.3,0.336,31,5.2,1734.7,Agricultura,Baixo
GO,Cerrado,-16.86905,-49.54557,Dezembro,39.9,75.0,17.2,0.57,63,37.2,373.0,Cerrado/Savana,Médio
BA,Caatinga,-15.79606,-41.43657,Março,23.3,41.4,67.8,-0.059,83,0.4,2386.3,Agricultura,Médio
GO,Cerrado,-14.35733,-52.30889,Junho,21.7,85.2,110.1,0.062,0,32.9,13.6,Corpo d'Água,Médio
CE,Caatinga,-3.46649,-40.69818,Abril,25.4,11.0,0.9,0.547,9,11.2,3060.5,Área Urbana,Médio
AM,Amazônia,-3.15971,-63.05036,Março,16.5,62.8,51.4,0.763,21,7.5,378.3,Floresta,Baixo
PA,Amazônia,-4.68062,-51.19258,Fevereiro,36.9,44.5,112.2,0.492,43,17.9,2420.7,Agricultura,Médio
MG,Cerrado,-17.53948,-44.55597,Março,41.6,36.8,364.2,0.257,58,35.9,3283.0,Área Urbana,Alto
GO,Cerrado,-16.54378,-49.94395,Abril,37.2,93.8,63.0,0.659,51,31.4,4805.7,Cerrado/Savana,Baixo
MG,Cerrado,-17.52604,-43.5146,Junho,30.0,75.2,21.3,-0.12,0,38.7,14.1,Corpo d'Água,Médio
MT,Cerrado/Amazônia,-11.85376,-58.84387,Abril,23.0,73.7,91.7,0.818,44,21.6,3384.6,Cerrado/Savana,Médio
GO,Cerrado,-15.86453,-50.79014,Agosto,20.3,25.1,40.4,0.072,14,20.4,321.1,Cerrado/Savana,Médio
AM,Amazônia,-2.47261,-63.36746,Março,24.8,11.1,29.0,0.789,11,0.5,802.6,Floresta,Baixo
MG,Cerrado,-17.83192,-44.97328,Dezembro,33.0,45.5,107.1,0.755,23,7.2,874.8,Floresta,Médio
PR,Mata Atlântica,-27.70864,-50.15356,Março,27.1,66.6,297.1,0.769,45,19.9,1651.1,Pastagem,Alto
GO,Cerrado,-15.86793,-47.92603,Março,40.2,53.1,216.4,-0.007,13,30.1,4158.2,Pastagem,Alto
SP,Mata Atlântica,-26.04796,-47.06728,Agosto,38.1,85.7,24.2,0.809,6,32.9,4282.6,Cerrado/Savana,Baixo
PA,Amazônia,-5.86461,-52.32469,Abril,17.8,46.9,174.2,0.173,3,11.3,1881.0,Pastagem,Alto
AM,Amazônia,-5.45778,-61.40394,Janeiro,18.6,36.4,31.3,0.519,2,28.5,2162.2,Cerrado/Savana,Baixo
MG,Cerrado,-15.64251,-43.83819,Fevereiro,33.3,87.9,41.2,-0.031,32,33.1,1093.0,Área Urbana,Médio
AM,Amazônia,-3.33069,-64.28619,Outubro,21.2,95.4,303.2,-0.151,0,15.0,24.9,Corpo d'Água,Alto
BA,Caatinga,-13.74137,-41.78377,Fevereiro,36.4,32.9,290.4,0.351,12,27.8,1381.4,Pastagem,Alto
PA,Amazônia,-6.33466,-51.19062,Março,31.0,18.3,22.2,0.5,19,17.5,882.7,Agricultura,Baixo
PR,Mata Atlântica,-24.08945,-47.51143,Junho,21.2,77.4,8.0,0.425,73,39.4,800.8,Área Urbana,Médio
GO,Cerrado,-17.30129,-49.79033,Agosto,27.9,80.1,41.6,0.361,30,0.3,3880.5,Agricultura,Baixo
GO,Cerrado,-17.90524,-53.17366,Dezembro,26.0,12.8,104.6,0.838,73,16.6,593.6,Floresta,Médio
GO,Cerrado,-14.74592,-49.09508,Janeiro,38.6,40.5,251.4,0.699,37,10.5,3084.0,Floresta,Alto
PA,Amazônia,-6.82189,-52.59046,Setembro,15.9,73.7,15.2,0.058,32,34.0,845.7,Área Urbana,Médio
SP,Mata Atlântica,-24.4939,-47.37131,Janeiro,39.2,90.4,64.3,0.887,53,11.5,4190.8,Floresta,Baixo
MT,Cerrado/Amazônia,-13.16043,-58.26485,Outubro,32.6,42.1,38.1,0.826,1,21.8,1379.6,Floresta,Baixo
RS,Pampa,-31.10497,-52.26265,Fevereiro,34.9,84.1,1.8,0.736,45,29.6,234.0,Floresta,Baixo
CE,Caatinga,-4.46568,-43.81133,Março,15.1,43.5,186.4,0.384,28,19.9,2265.8,Pastagem,Médio
MG,Cerrado,-18.85144,-46.18152,Julho,32.0,25.3,201.4,0.21,20,16.4,4999.0,Pastagem,Médio
SP,Mata Atlântica,-25.12733,-47.41848,Setembro,30.9,10.3,30.0,0.83,19,1.7,4067.6,Pastagem,Baixo
PR,Mata Atlântica,-24.91151,-51.87162,Março,29.5,38.1,19.7,0.871,33,0.9,2855.6,Floresta,Baixo
MG,Cerrado,-20.10609,-43.46746,Agosto,36.2,42.2,18.7,0.815,13,38.3,955.3,Floresta,Baixo
GO,Cerrado,-17.18391,-50.94206,Setembro,30.0,90.3,74.8,0.134,49,25.7,596.4,Cerrado/Savana,Médio
AM,Amazônia,-3.04326,-61.73945,Outubro,38.1,27.5,34.0,-0.1,126,33.0,4194.4,Pastagem,Médio
PR,Mata Atlântica,-25.80755,-55.95424,Julho,21.3,42.5,85.9,0.264,31,19.2,3940.7,Pastagem,Baixo
MG,Cerrado,-19.83824,-44.30717,Abril,36.8,12.1,58.3,0.692,57,10.5,2316.3,Floresta,Médio
GO,Cerrado,-14.79709,-49.95894,Abril,19.8,74.9,28.4,0.782,47,11.8,2112.8,Floresta,Baixo
MG,Cerrado,-19.22848,-41.11018,Abril,37.0,87.8,166.9,0.713,33,1.7,3745.9,Agricultura,Médio
AM,Amazônia,-4.02873,-61.30165,Junho,40.4,30.2,19.6,0.098,77,31.6,2684.8,Área Urbana,Médio
GO,Cerrado,-17.83258,-51.47525,Abril,24.1,46.5,192.5,0.722,59,23.3,2026.8,Floresta,Alto
MT,Cerrado/Amazônia,-11.70901,-55.35316,Maio,29.3,20.4,98.9,0.875,4,19.2,1266.1,Pastagem,Médio
SP,Mata Atlântica,-24.13458,-49.40295,Setembro,32.8,48.8,214.1,-0.086,15,34.1,621.6,Cerrado/Savana,Alto
BA,Caatinga,-12.83134,-41.41589,Dezembro,17.1,21.3,0.6,0.76,7,17.8,2978.0,Floresta,Baixo
CE,Caatinga,-4.95177,-40.49508,Julho,28.3,54.5,166.0,0.729,92,37.9,4132.0,Área Urbana,Alto
PA,Amazônia,-5.76933,-53.85467,Agosto,24.7,72.4,6.3,0.693,99,0.5,3733.5,Floresta,Baixo
CE,Caatinga,-6.76776,-38.5165,Maio,38.6,57.0,359.7,0.614,58,39.4,3484.6,Floresta,Alto
PR,Mata Atlântica,-24.7433,-51.77603,Maio,38.7,30.8,145.6,0.097,10,32.6,4645.0,Cerrado/Savana,Médio
CE,Caatinga,-5.86072,-39.92026,Novembro,33.9,40.1,46.3,0.506,11,14.2,1978.6,Área Urbana,Médio
GO,Cerrado,-15.58953,-47.24698,Julho,32.7,64.3,46.3,0.641,48,23.8,694.7,Agricultura,Baixo
MT,Cerrado/Amazônia,-11.69819,-57.91946,Novembro,34.8,60.1,237.2,0.031,2,34.6,518.7,Pastagem,Alto
BA,Caatinga,-13.56365,-42.91752,Dezembro,24.9,21.6,279.8,0.698,10,19.3,4775.5,Pastagem,Alto
SP,Mata Atlântica,-23.85078,-47.84868,Agosto,25.9,81.8,266.6,0.109,20,2.0,2948.9,Cerrado/Savana,Alto
SP,Mata Atlântica,-22.83776,-50.59527,Setembro,30.0,50.4,198.5,0.392,99,36.1,4055.9,Área Urbana,Alto
AM,Amazônia,-2.66725,-61.80693,Fevereiro,40.3,23.8,205.1,0.612,79,20.7,2682.4,Floresta,Alto
PA,Amazônia,-3.64589,-51.41482,Março,34.5,20.4,102.1,0.76,85,21.8,1998.5,Floresta,Médio
MG,Cerrado,-19.53555,-43.40355,Dezembro,29.9,92.1,3.4,0.142,51,0.5,1009.3,Área Urbana,Baixo
MT,Cerrado/Amazônia,-12.9321,-59.82146,Dezembro,35.8,33.9,10.9,-0.037,0,4.0,4283.5,Área Urbana,Baixo
MG,Cerrado,-18.27175,-45.48638,Fevereiro,25.0,87.2,125.8,0.047,9,31.1,326.9,Cerrado/Savana,Médio
BA,Caatinga,-12.57967,-39.22283,Outubro,34.7,44.9,61.5,0.047,43,17.4,4502.2,Pastagem,Baixo
CE,Caatinga,-4.76282,-41.176,Julho,26.1,42.8,100.5,0.103,45,39.9,1033.0,Área Urbana,Alto
SP,Mata Atlântica,-22.10338,-46.08619,Dezembro,22.6,69.6,31.5,0.186,23,27.8,57.6,Área Urbana,Médio
BA,Caatinga,-14.28274,-44.10936,Fevereiro,31.5,10.8,125.8,0.715,42,38.0,528.4,Área Urbana,Alto
CE,Caatinga,-6.56601,-38.39555,Dezembro,33.5,38.7,33.4,0.816,12,11.2,4418.7,Cerrado/Savana,Baixo
SP,Mata Atlântica,-24.0024,-46.50829,Fevereiro,27.4,35.7,74.1,0.306,44,7.0,377.8,Agricultura,Baixo
CE,Caatinga,-7.10779,-38.35517,Fevereiro,30.3,83.8,78.2,0.699,26,15.1,1782.7,Floresta,Médio
PA,Amazônia,-8.56278,-53.71307,Dezembro,33.7,55.0,23.5,0.124,42,10.6,1259.1,Cerrado/Savana,Baixo
MT,Cerrado/Amazônia,-12.0523,-58.60395,Abril,35.7,41.0,250.7,0.881,80,24.5,193.9,Floresta,Alto
PR,Mata Atlântica,-23.96881,-52.85379,Janeiro,39.2,32.6,89.5,0.709,25,29.8,2662.0,Floresta,Médio
BA,Caatinga,-14.41911,-39.77028,Fevereiro,24.6,60.2,241.9,0.867,99,16.1,4991.7,Pastagem,Alto
BA,Caatinga,-12.3491,-40.92145,Março,40.7,22.9,36.5,0.674,53,3.6,4266.5,Floresta,Médio
RS,Pampa,-28.50269,-55.15895,Julho,32.2,30.9,22.7,0.721,72,1.1,852.8,Floresta,Médio
GO,Cerrado,-14.87783,-50.98154,Outubro,36.3,35.0,2.2,0.888,37,8.7,4422.7,Floresta,Baixo
PA,Amazônia,-6.48391,-52.07384,Janeiro,33.9,74.5,11.8,-0.06,0,29.3,4.4,Corpo d'Água,Baixo
PA,Amazônia,-6.08456,-51.83822,Junho,20.6,41.7,19.1,0.82,72,8.9,1373.5,Floresta,Baixo
MG,Cerrado,-18.57126,-44.29769,Março,16.9,53.0,9.9,0.644,59,36.4,3205.1,Floresta,Baixo
CE,Caatinga,-5.83533,-41.2474,Março,34.6,65.3,272.6,0.566,27,26.1,1091.3,Pastagem,Alto
GO,Cerrado,-16.94048,-49.99424,Abril,28.8,91.3,290.9,0.734,6,34.5,4399.5,Agricultura,Alto
MT,Cerrado/Amazônia,-9.92414,-54.71214,Abril,34.0,75.0,332.4,0.182,54,15.4,3124.7,Pastagem,Alto
MT,Cerrado/Amazônia,-13.65994,-56.82961,Julho,27.9,85.7,385.8,0.081,0,39.3,20.1,Corpo d'Água,Alto
PA,Amazônia,-5.97158,-52.5346,Março,23.4,73.6,81.2,0.333,30,27.2,2857.5,Cerrado/Savana,Médio
MT,Cerrado/Amazônia,-12.29163,-56.12873,Agosto,22.7,90.7,90.6,0.115,21,14.3,2556.8,Cerrado/Savana,Médio
RS,Pampa,-34.38171,-50.68025,Agosto,34.7,52.4,16.8,0.33,25,8.5,2362.6,Agricultura,Baixo
BA,Caatinga,-13.17838,-42.75741,Novembro,22.5,44.9,17.7,0.891,63,34.7,1831.2,Pastagem,Baixo
AM,Amazônia,-2.27861,-60.01976,Julho,34.3,16.6,177.8,0.805,30,12.7,2376.3,Floresta,Médio
PR,Mata Atlântica,-23.8565,-52.32783,Fevereiro,25.4,85.9,232.3,0.594,9,1.8,2934.2,Cerrado/Savana,Alto
MG,Cerrado,-20.12401,-49.05937,Maio,35.8,80.7,184.3,-0.14,0,11.1,1.7,Corpo d'Água,Alto
CE,Caatinga,-4.82623,-38.78148,Junho,18.9,15.4,215.9,0.721,116,7.2,4590.2,Área Urbana,Médio
PR,Mata Atlântica,-25.0428,-50.14938,Dezembro,20.5,55.7,38.9,0.863,30,12.8,231.5,Floresta,Baixo
CE,Caatinga,-7.08029,-39.90686,Outubro,33.5,81.9,75.3,0.728,67,24.5,2851.0,Floresta,Baixo
SP,Mata Atlântica,-23.92545,-46.79516,Abril,30.1,44.6,73.8,0.376,50,20.0,3762.4,Agricultura,Baixo
PR,Mata Atlântica,-23.1381,-51.70726,Outubro,20.5,76.6,500.0,0.828,9,28.4,586.6,Floresta,Alto
AM,Amazônia,-3.91219,-63.62504,Maio,39.4,81.1,357.5,0.26,23,13.4,4558.4,Cerrado/Savana,Alto
PA,Amazônia,-3.54713,-54.87679,Setembro,22.5,48.6,109.5,0.875,42,4.8,1232.5,Floresta,Médio
RS,Pampa,-30.8595,-48.68909,Novembro,26.4,60.2,17.8,0.796,2,6.4,4168.3,Floresta,Baixo
BA,Caatinga,-11.87764,-41.73026,Julho,20.5,55.4,35.9,0.595,63,31.9,3313.4,Área Urbana,Baixo
BA,Caatinga,-12.54746,-43.11957,Fevereiro,25.5,89.8,54.3,0.488,130,3.9,2802.1,Agricultura,Baixo
RS,Pampa,-30.13279,-51.7548,Novembro,28.3,71.7,247.8,0.102,24,31.9,4347.5,Cerrado/Savana,Alto
GO,Cerrado,-15.56056,-52.09936,Janeiro,23.0,88.7,22.5,0.713,68,8.5,4846.5,Floresta,Baixo
SP,Mata Atlântica,-22.95322,-45.10506,Fevereiro,35.8,28.7,29.8,0.128,60,27.1,4985.7,Agricultura,Médio
CE,Caatinga,-5.40573,-38.67935,Março,25.6,36.4,51.6,0.466,48,24.9,3419.6,Cerrado/Savana,Baixo
AM,Amazônia,-3.00448,-63.13161,Novembro,34.7,16.0,313.9,0.603,43,3.9,1702.3,Pastagem,Alto
MT,Cerrado/Amazônia,-14.26779,-58.29758,Fevereiro,20.6,52.5,84.1,0.514,3,26.6,4374.7,Cerrado/Savana,Baixo
PR,Mata Atlântica,-24.45066,-51.63422,Novembro,25.2,84.3,124.9,0.211,45,17.9,3275.2,Cerrado/Savana,Médio
SP,Mata Atlântica,-21.63736,-45.44369,Março,15.2,37.8,58.8,0.698,35,28.3,1623.4,Pastagem,Médio
PR,Mata Atlântica,-23.70682,-51.15538,Outubro,35.5,20.9,25.1,-0.1,36,33.4,4662.5,Agricultura,Médio
AM,Amazônia,-4.9133,-61.73199,Novembro,31.9,15.8,30.2,0.469,37,1.6,3740.8,Agricultura,Médio
MG,Cerrado,-18.41422,-46.25757,Novembro,37.1,48.0,194.7,0.173,18,25.9,2269.6,Cerrado/Savana,Alto
MG,Cerrado,-16.69508,-42.89657,Dezembro,27.3,23.9,268.7,0.708,48,4.2,2277.9,Floresta,Alto
SP,Mata Atlântica,-25.26622,-47.58669,Dezembro,36.6,39.4,81.5,0.77,24,15.2,4979.7,Floresta,Baixo
PA,Amazônia,-6.36493,-51.81522,Setembro,32.5,79.7,53.0,0.672,10,0.5,1874.8,Cerrado/Savana,Baixo
AM,Amazônia,-2.72791,-62.15339,Abril,15.1,42.6,197.9,0.128,26,13.1,479.5,Agricultura,Alto
AM,Amazônia,-3.05921,-64.15145,Dezembro,21.8,61.8,134.2,0.73,16,6.8,2697.4,Floresta,Médio
RS,Pampa,-29.45796,-51.38133,Setembro,28.3,52.7,5.0,0.645,16,22.3,4425.4,Floresta,Baixo
PA,Amazônia,-6.55856,-55.02876,Novembro,31.7,71.1,51.8,0.262,23,20.5,2926.8,Pastagem,Baixo
CE,Caatinga,-5.05956,-39.11456,Março,16.8,23.3,137.5,0.834,37,31.7,3967.5,Floresta,Médio
CE,Caatinga,-7.65372,-39.62227,Dezembro,34.0,88.2,102.3,0.602,126,25.6,283.8,Área Urbana,Alto
MT,Cerrado/Amazônia,-12.49664,-57.75134,Janeiro,29.7,64.7,458.4,-0.01,55,28.6,3370.2,Pastagem,Alto
BA,Caatinga,-12.01024,-41.89899,Novembro,29.2,33.0,241.3,0.749,2,3.7,405.2,Floresta,Alto
MG,Cerrado,-18.08524,-43.74863,Maio,22.9,20.5,7.4,0.036,24,1.1,2786.2,Cerrado/Savana,Médio
CE,Caatinga,-4.29779,-38.12477,Outubro,31.1,22.7,155.3,0.462,15,38.8,2493.9,Agricultura,Alto
PA,Amazônia,-5.03251,-53.44556,Outubro,15.7,76.5,49.2,0.049,9,17.1,4728.6,Área Urbana,Baixo
AM,Amazônia,-4.44169,-63.81496,Fevereiro,16.7,60.0,137.5,0.178,54,15.8,671.0,Área Urbana,Alto
CE,Caatinga,-4.87323,-37.66803,Abril,34.8,42.4,115.2,0.657,73,1.4,57.4,Floresta,Médio
AM,Amazônia,-4.00768,-61.54559,Fevereiro,23.7,38.3,83.9,0.868,65,4.8,695.4,Floresta,Médio
CE,Caatinga,-6.22842,-39.35779,Fevereiro,24.4,82.7,230.0,0.08,30,37.6,861.8,Pastagem,Alto
MG,Cerrado,-16.62098,-43.52063,Março,20.6,84.4,148.0,0.83,37,27.8,1262.0,Cerrado/Savana,Alto
PR,Mata Atlântica,-27.24622,-50.69396,Maio,27.0,59.4,264.4,0.856,28,16.4,4077.3,Floresta,Alto
CE,Caatinga,-4.17566,-39.38977,Abril,16.4,97.2,39.7,-0.032,0,36.2,46.4,Corpo d'Água,Médio
PA,Amazônia,-4.53872,-53.98025,Fevereiro,23.1,79.4,51.3,-0.055,33,23.6,4205.4,Agricultura,Baixo
CE,Caatinga,-5.00511,-37.98474,Novembro,29.2,73.7,116.7,0.486,67,29.9,1366.9,Pastagem,Médio
BA,Caatinga,-11.05008,-40.87793,Outubro,27.6,44.0,407.4,0.869,18,17.3,4304.1,Floresta,Alto
MG,Cerrado,-19.83449,-46.1107,Fevereiro,42.0,17.0,55.7,0.44,111,17.3,50.4,Floresta,Médio
PA,Amazônia,-5.36818,-52.45884,Junho,25.5,75.3,3.9,0.587,64,2.7,4673.3,Pastagem,Baixo
RS,Pampa,-30.18056,-52.43718,Julho,25.4,24.3,70.8,0.874,81,29.4,3732.8,Agricultura,Médio
PA,Amazônia,-4.88456,-52.56475,Dezembro,28.6,11.4,94.2,0.749,36,4.0,2069.5,Área Urbana,Médio
BA,Caatinga,-12.14526,-40.80985,Outubro,20.1,81.7,193.7,0.383,53,30.6,2890.9,Pastagem,Alto
PR,Mata Atlântica,-25.30047,-52.28314,Junho,38.7,59.2,156.5,0.57,59,7.6,4665.8,Cerrado/Savana,Médio
MG,Cerrado,-16.84865,-45.68604,Julho,30.5,85.8,401.1,0.712,23,9.9,2917.0,Pastagem,Alto
RS,Pampa,-30.73376,-49.37863,Janeiro,20.2,51.2,183.2,0.829,41,36.7,1150.6,Floresta,Alto
BA,Caatinga,-13.40054,-41.84793,Junho,36.4,88.8,42.6,-0.039,20,18.9,2868.6,Pastagem,Baixo
BA,Caatinga,-13.19795,-44.37483,Novembro,15.9,40.1,123.1,0.37,18,5.0,4358.5,Área Urbana,Médio
SP,Mata Atlântica,-23.73496,-48.14593,Março,41.5,71.6,133.9,0.031,16,36.2,4937.4,Pastagem,Médio
MG,Cerrado,-18.12813,-42.89154,Janeiro,38.4,35.6,500.0,0.824,40,18.1,2924.6,Floresta,Alto
PA,Amazônia,-8.86126,-53.34038,Agosto,30.7,10.1,17.9,0.581,11,5.2,786.7,Pastagem,Baixo
AM,Amazônia,-2.79152,-65.49502,Abril,18.0,42.3,25.5,0.893,76,15.6,3861.0,Agricultura,Baixo
PR,Mata Atlântica,-22.8856,-50.98016,Outubro,20.8,72.7,20.3,0.529,5,23.6,4984.6,Pastagem,Baixo
AM,Amazônia,-1.84518,-63.06592,Agosto,22.5,22.8,106.7,0.7,26,14.5,2373.4,Agricultura,Médio
PA,Amazônia,-6.20498,-52.9714,Outubro,21.5,52.9,17.4,0.704,31,37.0,1924.8,Floresta,Baixo
PA,Amazônia,-2.33269,-50.75284,Novembro,28.4,28.0,128.1,0.24,48,10.8,2767.0,Cerrado/Savana,Médio
MG,Cerrado,-18.31148,-44.1684,Abril,40.5,16.3,195.4,0.617,53,7.0,832.2,Agricultura,Alto
PA,Amazônia,-4.58764,-49.14267,Abril,27.0,62.5,68.0,0.655,26,8.8,4856.7,Pastagem,Baixo
SP,Mata Atlântica,-22.97592,-46.56106,Dezembro,32.9,83.2,98.7,0.025,0,3.3,8.1,Corpo d'Água,Médio
RS,Pampa,-30.5379,-50.87763,Outubro,33.6,36.4,292.6,0.611,45,18.1,573.8,Floresta,Alto
PA,Amazônia,-6.42053,-51.98586,Abril,38.5,59.4,101.2,0.81,50,35.1,4726.0,Floresta,Baixo
AM,Amazônia,-5.61889,-62.61075,Junho,15.9,91.1,28.1,0.898,16,12.2,4714.7,Floresta,Baixo
PA,Amazônia,-4.43805,-52.17631,Setembro,25.9,85.9,50.4,-0.096,0,10.3,40.5,Corpo d'Água,Baixo
SP,Mata Atlântica,-24.24394,-46.97804,Maio,36.2,67.2,90.6,0.606,20,33.5,3099.5,Área Urbana,Médio
CE,Caatinga,-3.547,-41.4656,Dezembro,37.0,25.2,20.2,0.456,59,12.2,562.7,Floresta,Médio
CE,Caatinga,-6.90689,-41.04445,Outubro,40.0,51.9,113.8,0.019,86,19.1,430.1,Cerrado/Savana,Médio
BA,Caatinga,-12.59602,-43.73511,Agosto,34.0,41.2,500.0,0.788,29,1.2,2514.0,Floresta,Alto
PR,Mata Atlântica,-23.4605,-52.93644,Agosto,21.6,50.0,126.9,0.067,33,11.5,257.9,Pastagem,Médio
MT,Cerrado/Amazônia,-12.34347,-57.78861,Abril,28.7,78.1,55.9,0.153,1,5.2,4375.7,Cerrado/Savana,Baixo
RS,Pampa,-30.12825,-53.63502,Novembro,15.9,49.2,48.4,0.771,6,4.2,4641.2,Floresta,Baixo
GO,Cerrado,-14.32803,-51.28225,Outubro,32.5,15.3,321.9,0.642,143,17.3,345.9,Pastagem,Alto
BA,Caatinga,-14.17933,-38.13149,Setembro,30.0,87.0,246.2,0.154,45,11.1,246.0,Agricultura,Alto
PR,Mata Atlântica,-24.05854,-50.10638,Setembro,33.0,56.3,76.7,0.841,7,6.7,1114.9,Cerrado/Savana,Médio
CE,Caatinga,-4.41166,-40.32872,Maio,40.1,88.6,52.3,0.115,33,20.5,4650.5,Agricultura,Baixo
AM,Amazônia,-5.43027,-62.66823,Junho,33.6,58.7,148.7,0.894,20,31.4,3847.4,Cerrado/Savana,Médio
GO,Cerrado,-17.29724,-51.21717,Maio,23.7,15.9,45.3,0.829,11,29.4,3385.7,Floresta,Baixo
PR,Mata Atlântica,-27.26478,-51.37829,Março,20.4,57.0,15.3,0.293,8,10.0,3884.0,Cerrado/Savana,Baixo
PR,Mata Atlântica,-22.52988,-50.71279,Novembro,38.1,58.9,44.6,0.03,15,10.5,1005.4,Pastagem,Baixo
BA,Caatinga,-12.73869,-41.76086,Agosto,20.2,28.2,68.4,0.221,102,29.3,1290.4,Cerrado/Savana,Baixo
GO,Cerrado,-20.40167,-50.47575,Setembro,19.4,50.0,35.4,0.672,15,22.3,1595.0,Floresta,Baixo
MG,Cerrado,-20.65001,-44.34838,Abril,20.6,49.1,29.3,0.784,9,29.7,3029.3,Floresta,Baixo
MT,Cerrado/Amazônia,-13.06996,-58.22396,Setembro,28.7,62.9,0.7,0.257,36,0.1,3045.0,Área Urbana,Baixo
MG,Cerrado,-18.34215,-44.39508,Setembro,18.4,32.1,119.6,0.672,24,3.5,1051.0,Floresta,Médio
GO,Cerrado,-13.55206,-48.81037,Julho,40.3,59.4,114.4,0.657,31,32.1,2189.3,Agricultura,Médio
MG,Cerrado,-18.18454,-45.97127,Agosto,41.1,30.5,25.0,0.131,19,34.0,3453.2,Cerrado/Savana,Médio
SP,Mata Atlântica,-25.16016,-45.73173,Março,41.3,87.5,345.1,-0.146,0,13.7,13.5,Corpo d'Água,Alto
CE,Caatinga,-5.4001,-39.27595,Maio,16.1,84.4,63.2,0.014,0,38.3,34.7,Corpo d'Água,Médio
SP,Mata Atlântica,-22.083,-48.89971,Março,40.5,13.2,3.1,0.415,49,12.1,995.0,Agricultura,Médio
PA,Amazônia,-3.44445,-51.27593,Julho,41.9,37.2,29.8,0.525,57,35.6,832.0,Pastagem,Médio
MG,Cerrado,-21.59166,-41.02036,Junho,40.4,33.3,141.3,0.698,36,16.9,3163.4,Pastagem,Médio
PA,Amazônia,-5.05794,-53.44781,Novembro,33.1,44.6,27.0,-0.032,21,22.5,352.1,Cerrado/Savana,Baixo
AM,Amazônia,-2.69141,-63.68621,Março,33.9,91.8,6.7,0.733,13,25.7,4424.9,Floresta,Baixo
RS,Pampa,-29.21081,-52.42024,Setembro,18.3,54.4,115.4,0.899,14,5.3,431.1,Floresta,Médio
AM,Amazônia,-0.43946,-62.12985,Dezembro,38.6,57.0,87.7,0.091,69,1.5,2993.6,Cerrado/Savana,Médio
GO,Cerrado,-14.85527,-51.0191,Janeiro,16.6,89.2,171.9,0.007,0,17.1,15.9,Corpo d'Água,Alto
PR,Mata Atlântica,-23.66526,-51.56887,Outubro,23.6,88.3,177.7,0.628,5,6.4,321.5,Floresta,Alto
CE,Caatinga,-7.21778,-40.00814,Março,41.8,85.1,386.1,0.493,19,22.0,1921.7,Cerrado/Savana,Alto
MG,Cerrado,-15.61333,-43.26153,Novembro,26.4,18.3,7.0,0.743,64,18.1,1646.4,Pastagem,Médio
BA,Caatinga,-13.14846,-44.50375,Outubro,18.5,63.9,4.8,0.318,39,4.9,1727.6,Cerrado/Savana,Baixo
RS,Pampa,-31.27874,-53.33971,Novembro,41.2,78.7,500.0,0.885,45,26.6,3005.6,Floresta,Alto
MT,Cerrado/Amazônia,-15.44751,-55.74161,Julho,41.6,81.0,124.2,0.891,3,0.8,1317.9,Cerrado/Savana,Médio
MT,Cerrado/Amazônia,-12.58642,-54.22734,Março,20.1,59.1,150.8,0.432,34,5.1,146.3,Agricultura,Médio
MT,Cerrado/Amazônia,-14.17646,-56.92342,Março,38.3,11.5,12.2,0.274,56,28.0,4811.8,Área Urbana,Médio
MG,Cerrado,-20.60126,-45.44231,Fevereiro,25.5,92.8,8.7,0.623,15,21.1,3746.4,Floresta,Baixo
MT,Cerrado/Amazônia,-13.01316,-57.48198,Setembro,25.3,50.1,21.0,0.894,28,11.3,684.3,Área Urbana,Baixo
SP,Mata Atlântica,-23.46969,-45.17259,Novembro,22.1,43.5,66.9,0.324,28,7.2,2281.2,Área Urbana,Médio
RS,Pampa,-28.73037,-52.384,Abril,16.2,43.6,14.0,0.535,32,25.7,323.0,Cerrado/Savana,Baixo
SP,Mata Atlântica,-23.59553,-45.43886,Outubro,22.2,46.1,70.9,0.774,15,8.2,149.0,Floresta,Médio
PR,Mata Atlântica,-23.3364,-52.54174,Junho,16.5,30.6,98.9,0.621,27,39.4,247.1,Agricultura,Alto
RS,Pampa,-28.96775,-50.73328,Fevereiro,40.0,37.8,0.0,0.703,11,34.8,3781.3,Floresta,Médio
SP,Mata Atlântica,-25.14898,-45.42976,Setembro,32.9,93.8,14.6,0.21,45,5.3,2230.2,Agricultura,Baixo
RS,Pampa,-29.80269,-53.84209,Julho,38.9,41.3,56.4,0.719,12,34.4,4223.5,Pastagem,Baixo
PR,Mata Atlântica,-25.33078,-51.49021,Outubro,34.4,54.8,6.6,0.605,17,13.8,1533.0,Floresta,Baixo
PA,Amazônia,-6.44874,-50.88766,Maio,18.5,82.1,17.2,0.18,50,19.6,3878.9,Pastagem,Baixo
MG,Cerrado,-16.6133,-45.12374,Julho,40.4,54.8,31.6,0.697,49,5.7,398.9,Agricultura,Baixo
MG,Cerrado,-19.24834,-44.74685,Abril,39.3,37.6,67.4,0.327,7,4.7,3179.2,Cerrado/Savana,Baixo
MT,Cerrado/Amazônia,-12.98012,-57.80875,Outubro,24.4,54.5,150.6,0.02,85,34.6,1809.4,Agricultura,Médio
AM,Amazônia,-9.03319,-59.58778,Julho,18.0,19.7,17.1,0.893,29,25.2,1390.9,Cerrado/Savana,Baixo
MT,Cerrado/Amazônia,-12.67937,-57.18747,Fevereiro,34.0,79.9,160.7,-0.171,0,18.4,47.7,Corpo d'Água,Alto
GO,Cerrado,-15.34225,-49.96009,Julho,34.7,69.0,231.8,0.646,21,1.4,269.1,Floresta,Alto
SP,Mata Atlântica,-24.19547,-48.13847,Abril,39.2,88.0,126.5,0.708,22,36.9,4748.2,Agricultura,Médio
RS,Pampa,-32.78792,-53.26157,Abril,16.4,71.7,5.4,0.861,30,15.0,3929.9,Agricultura,Baixo
AM,Amazônia,-5.14501,-61.24362,Janeiro,18.8,16.3,69.7,0.773,28,16.7,1784.5,Pastagem,Baixo
PR,Mata Atlântica,-23.80307,-52.8727,Dezembro,31.2,44.2,129.5,0.425,21,11.6,4956.8,Cerrado/Savana,Médio
GO,Cerrado,-19.82548,-49.82632,Março,31.7,10.2,460.8,0.446,39,35.7,1020.4,Cerrado/Savana,Alto
PR,Mata Atlântica,-25.52231,-52.21939,Maio,15.9,53.5,363.9,0.181,28,13.8,2018.0,Pastagem,Alto
MG,Cerrado,-17.07609,-44.34202,Maio,25.7,26.4,60.4,0.363,145,7.0,4425.5,Pastagem,Médio
MG,Cerrado,-19.97457,-46.35962,Fevereiro,30.8,83.8,114.8,0.847,17,20.0,4984.1,Agricultura,Baixo
MT,Cerrado/Amazônia,-13.07392,-58.27962,Abril,34.9,18.9,265.8,0.627,65,31.3,1203.2,Cerrado/Savana,Alto
SP,Mata Atlântica,-23.6586,-45.09079,Janeiro,23.5,10.1,213.4,0.682,30,14.9,3718.1,Floresta,Alto
AM,Amazônia,-5.53967,-62.08833,Setembro,28.1,48.3,78.3,0.017,120,26.1,1535.6,Pastagem,Médio
CE,Caatinga,-3.72743,-39.77928,Janeiro,37.0,23.2,36.3,0.698,34,12.2,3834.7,Floresta,Baixo
GO,Cerrado,-14.74763,-50.27091,Junho,40.8,72.7,17.7,0.749,14,28.8,635.2,Pastagem,Baixo
GO,Cerrado,-15.57376,-49.17882,Julho,21.2,88.2,80.3,0.386,42,26.7,1687.5,Pastagem,Médio
MT,Cerrado/Amazônia,-13.538,-53.93399,Março,21.8,13.6,154.0,0.517,22,27.2,384.2,Agricultura,Alto
MG,Cerrado,-17.64363,-42.59552,Dezembro,40.4,43.6,419.9,0.19,66,25.8,2464.6,Pastagem,Alto
MT,Cerrado/Amazônia,-11.07346,-56.42907,Janeiro,25.7,94.7,237.5,0.693,20,6.3,3510.5,Cerrado/Savana,Alto
RS,Pampa,-27.95132,-50.94813,Julho,34.4,72.3,27.4,0.813,55,35.5,1899.3,Floresta,Baixo
AM,Amazônia,-4.56466,-62.19777,Março,31.5,91.0,152.7,0.719,32,23.4,3077.4,Floresta,Médio
SP,Mata Atlântica,-25.05925,-49.78256,Outubro,22.7,23.9,40.9,0.275,39,15.3,2849.7,Pastagem,Baixo
PA,Amazônia,-6.81881,-52.62068,Dezembro,32.6,28.8,138.0,0.33,98,6.9,1480.0,Área Urbana,Alto
BA,Caatinga,-10.98711,-42.98328,Dezembro,32.7,23.2,131.5,0.108,52,31.3,2439.0,Cerrado/Savana,Médio
BA,Caatinga,-11.06476,-43.51602,Junho,31.0,35.7,38.2,0.848,45,20.4,354.4,Pastagem,Baixo
MT,Cerrado/Amazônia,-14.05928,-54.74627,Dezembro,17.7,71.6,32.0,0.847,40,5.9,2305.0,Pastagem,Baixo
RS,Pampa,-29.95857,-51.49043,Junho,41.9,24.0,13.2,0.518,96,36.9,2296.4,Cerrado/Savana,Médio
AM,Amazônia,-3.11708,-64.0296,Dezembro,25.8,54.6,6.2,0.731,85,4.2,153.3,Floresta,Médio
CE,Caatinga,-5.59627,-39.64601,Abril,32.2,32.9,234.6,0.565,98,21.0,2574.2,Pastagem,Alto
BA,Caatinga,-10.73293,-44.20563,Dezembro,38.9,80.5,6.1,0.857,54,24.4,3691.1,Floresta,Baixo
AM,Amazônia,-0.82551,-62.40697,Novembro,26.4,10.6,11.2,0.66,112,40.0,2266.7,Pastagem,Médio
SP,Mata Atlântica,-25.21583,-48.56745,Junho,35.9,29.0,32.8,0.025,52,5.6,3233.7,Agricultura,Médio
PR,Mata Atlântica,-24.48028,-53.57081,Novembro,41.2,61.4,262.3,0.748,71,24.5,2666.8,Floresta,Alto
RS,Pampa,-30.87019,-51.60485,Outubro,24.7,18.2,48.6,0.174,106,19.1,3928.0,Cerrado/Savana,Médio
MG,Cerrado,-16.79449,-43.02232,Abril,25.9,49.6,25.6,0.324,59,10.3,2577.1,Agricultura,Médio
AM,Amazônia,-4.43449,-62.53902,Agosto,39.5,47.1,150.9,0.579,18,37.7,1664.7,Pastagem,Alto
SP,Mata Atlântica,-25.94308,-49.68864,Setembro,19.3,82.5,46.1,0.823,22,31.6,4139.6,Floresta,Baixo
CE,Caatinga,-6.94358,-37.96535,Fevereiro,15.8,63.2,48.7,0.005,152,31.1,347.4,Pastagem,Médio
PA,Amazônia,-4.36988,-52.15485,Julho,39.5,64.4,161.2,0.584,3,36.0,1454.4,Agricultura,Alto
MG,Cerrado,-20.69644,-45.61749,Setembro,37.2,90.9,34.8,0.68,2,29.0,2961.5,Cerrado/Savana,Médio
PA,Amazônia,-6.82673,-52.979,Setembro,41.3,93.5,272.5,0.665,66,20.3,4281.6,Floresta,Alto
CE,Caatinga,-5.44358,-41.15294,Dezembro,16.6,65.5,98.9,0.082,37,15.7,370.0,Pastagem,Médio
SP,Mata Atlântica,-23.02617,-46.28658,Maio,19.2,54.4,92.6,0.331,36,28.2,489.3,Cerrado/Savana,Médio
BA,Caatinga,-13.67323,-41.24358,Janeiro,17.8,61.7,36.9,0.658,30,24.1,1419.1,Agricultura,Baixo
PA,Amazônia,-3.85357,-50.58791,Junho,33.5,42.5,216.3,0.586,15,21.7,1729.4,Agricultura,Alto
MG,Cerrado,-17.77401,-43.8581,Agosto,31.4,93.9,102.0,0.01,40,23.6,4219.3,Cerrado/Savana,Baixo
MT,Cerrado/Amazônia,-13.04021,-55.37543,Janeiro,24.7,69.9,20.3,0.869,95,26.2,4794.9,Cerrado/Savana,Baixo
GO,Cerrado,-17.43553,-48.46922,Fevereiro,16.6,34.7,27.7,0.123,19,38.7,96.0,Área Urbana,Médio
AM,Amazônia,-3.90141,-59.98359,Janeiro,32.3,14.9,75.8,0.853,12,30.1,86.6,Floresta,Médio
BA,Caatinga,-11.69769,-41.8018,Maio,30.4,13.8,181.5,0.36,48,7.1,4325.4,Agricultura,Médio
PA,Amazônia,-5.89473,-51.94158,Fevereiro,18.0,27.4,336.2,0.227,72,18.7,686.7,Cerrado/Savana,Alto
PR,Mata Atlântica,-24.17431,-52.14751,Outubro,39.5,29.8,130.7,0.447,41,27.1,1703.3,Floresta,Médio
AM,Amazônia,-3.33225,-60.87541,Outubro,20.4,45.3,84.7,0.777,54,7.0,1383.3,Floresta,Baixo
MT,Cerrado/Amazônia,-14.72503,-55.83118,Abril,35.1,28.3,34.6,0.621,104,37.3,1416.5,Floresta,Médio
CE,Caatinga,-4.31818,-37.87003,Janeiro,38.9,63.6,134.1,0.283,12,3.1,1649.7,Pastagem,Médio
GO,Cerrado,-16.90348,-49.83143,Julho,30.6,28.0,483.7,0.393,24,24.4,1686.9,Área Urbana,Alto
SP,Mata Atlântica,-23.2424,-45.52181,Agosto,21.7,26.0,77.6,-0.084,8,39.0,3104.6,Cerrado/Savana,Médio
MT,Cerrado/Amazônia,-12.03632,-58.77933,Maio,23.3,50.1,21.2,0.69,25,29.1,3147.6,Floresta,Baixo
MT,Cerrado/Amazônia,-12.24343,-53.91366,Fevereiro,38.9,85.5,13.1,0.158,16,27.1,2619.2,Cerrado/Savana,Baixo
CE,Caatinga,-4.18236,-37.19293,Agosto,23.1,49.8,37.6,0.831,3,39.9,4294.1,Floresta,Baixo
RS,Pampa,-28.46541,-49.1864,Janeiro,35.1,45.2,101.1,0.644,24,31.7,4229.9,Floresta,Médio
CE,Caatinga,-4.63505,-38.86723,Julho,41.7,77.1,352.1,-0.138,0,38.8,21.7,Corpo d'Água,Alto
RS,Pampa,-29.64672,-51.22349,Janeiro,42.0,31.9,42.7,0.467,32,28.0,2722.8,Pastagem,Baixo
RS,Pampa,-28.91671,-52.0115,Dezembro,29.4,40.0,43.7,0.297,37,26.6,3921.3,Agricultura,Baixo
BA,Caatinga,-9.75193,-43.09202,Junho,37.3,28.2,78.7,0.406,55,30.5,4335.7,Floresta,Baixo
BA,Caatinga,-11.36292,-39.63199,Junho,41.7,58.6,300.9,0.36,8,7.6,1283.4,Pastagem,Alto
MG,Cerrado,-18.77493,-46.21947,Maio,25.1,69.3,65.2,0.199,61,32.2,2475.6,Pastagem,Baixo
PA,Amazônia,-3.80671,-52.42491,Fevereiro,21.8,67.3,30.3,0.529,71,38.8,2629.9,Agricultura,Baixo
PA,Amazônia,-4.32003,-52.89418,Fevereiro,18.1,31.7,21.4,0.814,11,24.5,3501.2,Floresta,Baixo
SP,Mata Atlântica,-20.95211,-49.80551,Setembro,18.8,76.3,73.3,0.298,8,0.5,1658.0,Área Urbana,Médio
PA,Amazônia,-4.97573,-50.71738,Maio,38.0,31.8,193.5,0.706,28,2.9,1474.3,Floresta,Alto
BA,Caatinga,-12.42199,-41.24646,Maio,30.9,22.8,41.3,-0.006,19,9.4,3530.9,Área Urbana,Baixo
MG,Cerrado,-19.16102,-44.51897,Julho,38.6,39.7,86.2,0.837,87,19.6,2002.7,Floresta,Médio
MG,Cerrado,-21.01778,-45.62765,Junho,36.3,60.8,110.9,-0.043,48,16.6,30.1,Pastagem,Médio
RS,Pampa,-31.21013,-50.22631,Fevereiro,33.2,22.1,71.8,0.809,85,39.2,4689.9,Floresta,Médio
CE,Caatinga,-5.95705,-40.46371,Novembro,31.5,65.1,25.5,0.084,4,37.8,756.7,Cerrado/Savana,Médio
SP,Mata Atlântica,-24.11689,-47.75297,Janeiro,16.3,83.4,305.7,0.772,4,15.7,751.7,Floresta,Alto
RS,Pampa,-29.62647,-50.66355,Maio,38.6,34.9,100.0,0.173,66,31.8,4093.6,Cerrado/Savana,Médio
CE,Caatinga,-3.86247,-38.67087,Abril,26.3,48.3,156.7,-0.062,13,25.5,1684.2,Pastagem,Médio
PA,Amazônia,-4.71086,-53.22345,Dezembro,30.1,29.4,121.3,0.077,37,9.7,1647.6,Cerrado/Savana,Médio
RS,Pampa,-30.61966,-52.53682,Março,15.6,40.7,500.0,0.706,34,37.2,3115.8,Floresta,Alto
AM,Amazônia,-4.80387,-61.92861,Fevereiro,40.3,11.9,73.1,0.199,53,10.4,304.6,Área Urbana,Médio
PA,Amazônia,-6.61912,-50.52751,Outubro,39.4,91.1,66.4,0.85,13,34.8,1192.4,Floresta,Médio
CE,Caatinga,-5.15625,-37.39791,Fevereiro,29.7,76.0,53.6,-0.022,0,25.5,48.5,Corpo d'Água,Médio
SP,Mata Atlântica,-22.69235,-47.79585,Abril,30.6,77.1,53.9,0.789,26,24.8,1464.6,Área Urbana,Médio
CE,Caatinga,-5.19307,-42.16018,Fevereiro,34.0,22.1,38.7,0.896,41,33.5,4351.0,Pastagem,Médio
RS,Pampa,-29.74436,-52.25865,Abril,22.1,79.1,473.3,0.821,53,19.8,4547.6,Floresta,Alto
RS,Pampa,-31.70019,-48.94678,Março,21.0,83.1,245.6,0.812,105,34.1,1554.1,Floresta,Alto
MT,Cerrado/Amazônia,-11.13412,-55.41544,Setembro,33.2,70.8,45.7,0.136,10,22.0,946.1,Pastagem,Médio
SP,Mata Atlântica,-22.37683,-48.48233,Julho,17.8,86.8,43.7,0.68,94,39.4,685.0,Floresta,Baixo
PR,Mata Atlântica,-25.49072,-52.05926,Novembro,27.3,24.2,13.1,0.192,100,26.4,1978.2,Agricultura,Médio
PA,Amazônia,-8.10461,-53.5655,Dezembro,28.3,50.5,251.5,0.422,13,15.0,4133.8,Agricultura,Alto
MG,Cerrado,-19.32915,-44.361,Março,25.3,88.7,55.8,-0.106,0,30.5,29.7,Corpo d'Água,Médio
SP,Mata Atlântica,-19.75142,-46.66134,Agosto,20.0,60.7,102.0,0.261,52,20.4,239.2,Pastagem,Médio
MG,Cerrado,-18.32023,-44.92532,Setembro,24.6,94.6,276.8,-0.006,0,32.2,8.0,Corpo d'Água,Alto
SP,Mata Atlântica,-22.44343,-48.24088,Julho,24.1,28.3,62.9,0.635,20,33.3,1023.8,Floresta,Médio
SP,Mata Atlântica,-20.70594,-46.81624,Junho,28.5,24.9,197.3,0.408,63,24.7,4143.9,Agricultura,Médio
CE,Caatinga,-5.69278,-38.19494,Abril,33.2,31.5,67.5,0.883,30,34.9,2286.9,Cerrado/Savana,Baixo
SP,Mata Atlântica,-24.88638,-45.55112,Maio,41.1,85.8,144.9,0.84,27,16.1,1848.3,Cerrado/Savana,Médio
MT,Cerrado/Amazônia,-10.57224,-57.28201,Agosto,18.9,90.0,67.7,0.769,62,2.3,4783.5,Floresta,Baixo
PR,Mata Atlântica,-21.81074,-50.58356,Março,38.6,58.4,59.9,0.75,60,26.5,4627.5,Floresta,Baixo
RS,Pampa,-29.04496,-49.1812,Fevereiro,22.7,52.6,500.0,0.155,29,30.6,2206.1,Cerrado/Savana,Alto
GO,Cerrado,-13.3839,-49.44724,Março,31.0,95.3,113.7,-0.079,0,2.9,27.9,Corpo d'Água,Médio
MG,Cerrado,-17.31464,-42.45549,Dezembro,29.8,62.4,54.9,0.131,24,30.8,863.3,Cerrado/Savana,Médio
RS,Pampa,-31.77272,-53.82425,Julho,30.0,24.5,35.8,0.886,57,25.6,569.3,Cerrado/Savana,Médio
GO,Cerrado,-15.91633,-52.47024,Agosto,34.5,68.3,4.9,0.77,5,4.7,3405.7,Floresta,Baixo
PR,Mata Atlântica,-25.36099,-51.07844,Janeiro,25.3,48.4,147.1,0.267,25,21.6,2777.9,Cerrado/Savana,Médio
PR,Mata Atlântica,-25.30346,-51.76239,Julho,23.6,54.0,55.9,0.71,18,4.3,2787.7,Floresta,Baixo
MG,Cerrado,-20.0125,-43.36778,Setembro,38.0,97.7,206.6,-0.097,0,12.9,31.2,Corpo d'Água,Alto
MG,Cerrado,-20.1052,-47.70435,Dezembro,20.9,75.0,54.3,0.147,24,32.2,3968.4,Pastagem,Baixo
PR,Mata Atlântica,-25.20101,-50.17747,Março,19.9,81.0,56.1,0.54,56,4.0,2682.5,Agricultura,Baixo
GO,Cerrado,-15.71025,-51.5872,Março,15.4,62.7,181.2,-0.024,58,18.4,463.9,Pastagem,Alto
SP,Mata Atlântica,-23.39707,-45.97254,Agosto,20.7,73.6,80.7,0.473,28,24.2,3738.2,Agricultura,Baixo
PA,Amazônia,-5.40452,-53.12688,Abril,29.0,54.4,259.4,0.719,49,37.6,4906.7,Pastagem,Alto
AM,Amazônia,-2.74094,-64.82764,Agosto,29.5,62.6,107.0,0.667,25,29.5,2211.5,Agricultura,Médio
RS,Pampa,-31.37093,-53.18781,Maio,21.9,43.5,33.0,0.051,82,5.6,587.1,Pastagem,Baixo
CE,Caatinga,-3.07742,-38.58195,Março,17.0,77.3,100.8,0.815,15,38.8,516.0,Pastagem,Médio
RS,Pampa,-29.75231,-53.40593,Abril,35.1,49.8,0.5,0.848,26,19.1,139.1,Floresta,Baixo
CE,Caatinga,-3.98378,-37.57019,Abril,35.5,67.8,44.9,0.734,30,14.8,3854.3,Floresta,Baixo
GO,Cerrado,-14.97276,-49.89277,Agosto,41.9,62.8,28.0,0.637,55,5.1,3473.1,Área Urbana,Baixo
CE,Caatinga,-4.15242,-39.24063,Junho,39.3,69.7,127.4,0.658,19,37.3,2925.4,Floresta,Médio
MG,Cerrado,-17.12089,-43.19447,Julho,40.0,76.7,17.5,0.397,27,23.4,3830.5,Pastagem,Baixo
PA,Amazônia,-5.8716,-53.72096,Setembro,36.6,53.6,41.1,-0.054,11,39.5,4996.5,Pastagem,Baixo
PA,Amazônia,-6.13973,-51.92622,Junho,31.6,79.1,48.3,0.48,42,7.0,2015.2,Agricultura,Baixo
MG,Cerrado,-19.01916,-45.67579,Março,18.5,52.3,0.4,0.697,37,21.8,3532.0,Floresta,Baixo
MT,Cerrado/Amazônia,-12.68143,-55.25881,Março,31.8,91.3,5.7,0.171,68,4.4,1892.0,Pastagem,Baixo
GO,Cerrado,-15.62734,-50.25433,Novembro,16.5,74.0,44.7,0.567,34,21.0,1766.8,Pastagem,Baixo
MT,Cerrado/Amazônia,-12.19935,-56.79394,Março,38.9,24.5,30.2,0.054,103,35.6,4256.1,Agricultura,Médio
MT,Cerrado/Amazônia,-15.58046,-55.87486,Dezembro,28.0,80.5,14.9,0.474,14,4.4,2878.1,Pastagem,Baixo
RS,Pampa,-29.41881,-51.20574,Outubro,33.8,56.9,20.1,0.285,13,10.8,611.9,Pastagem,Baixo
PR,Mata Atlântica,-23.29646,-49.7305,Fevereiro,16.4,93.7,216.6,0.204,62,27.3,2023.5,Área Urbana,Alto
RS,Pampa,-28.83185,-52.50545,Janeiro,29.4,71.1,138.0,0.756,29,3.1,3984.8,Cerrado/Savana,Baixo
PR,Mata Atlântica,-26.11357,-49.874,Novembro,23.1,17.2,79.4,0.769,8,18.2,4700.6,Floresta,Baixo
AM,Amazônia,-6.28584,-62.44327,Outubro,22.7,43.6,287.5,0.245,16,13.3,3076.0,Agricultura,Alto
CE,Caatinga,-4.44026,-42.27561,Janeiro,25.5,54.0,3.6,0.646,49,33.5,1977.1,Floresta,Baixo
PR,Mata Atlântica,-24.53849,-50.11836,Abril,15.0,81.3,50.8,0.592,17,2.0,1267.4,Pastagem,Baixo
MG,Cerrado,-20.73836,-42.06274,Março,27.6,72.0,208.1,0.711,16,34.5,2115.9,Pastagem,Alto
RS,Pampa,-31.54475,-50.3679,Maio,28.1,41.4,118.8,0.716,83,28.1,2832.6,Floresta,Médio
GO,Cerrado,-15.95539,-49.73573,Dezembro,38.3,65.5,480.0,0.63,1,11.9,32.0,Floresta,Alto
CE,Caatinga,-7.02524,-37.75929,Setembro,27.1,59.0,347.0,0.854,94,7.9,1350.7,Cerrado/Savana,Alto
AM,Amazônia,-2.98117,-59.78874,Dezembro,24.8,20.7,22.4,0.674,80,38.0,3360.9,Cerrado/Savana,Médio
PR,Mata Atlântica,-26.77613,-51.82185,Agosto,41.9,30.0,429.0,-0.1,45,22.2,3369.4,Cerrado/Savana,Alto
AM,Amazônia,-3.15571,-62.12943,Dezembro,30.4,39.0,349.2,0.458,44,13.8,3268.5,Pastagem,Alto
GO,Cerrado,-14.82982,-50.13088,Setembro,27.8,26.6,56.1,0.31,103,1.8,4750.2,Agricultura,Médio
MT,Cerrado/Amazônia,-9.49696,-56.86024,Maio,28.4,22.8,488.1,0.788,45,6.6,2847.0,Floresta,Alto
PA,Amazônia,-9.86623,-52.6037,Agosto,36.8,14.9,4.4,0.402,95,23.9,1355.9,Floresta,Médio
GO,Cerrado,-13.9378,-51.22496,Abril,24.2,84.2,129.7,0.311,78,20.5,4059.9,Pastagem,Médio
BA,Caatinga,-14.06013,-42.96058,Maio,25.5,34.6,37.1,0.218,37,30.3,1953.0,Pastagem,Baixo
GO,Cerrado,-17.44472,-50.5591,Dezembro,35.4,34.7,16.6,0.041,53,33.4,1204.1,Agricultura,Médio
AM,Amazônia,-2.10605,-59.9305,Março,17.0,27.5,103.4,0.279,23,15.9,2788.2,Pastagem,Médio
MG,Cerrado,-22.14638,-45.11768,Maio,38.4,50.4,43.9,0.573,21,4.0,1452.3,Cerrado/Savana,Baixo
RS,Pampa,-29.57595,-50.92598,Dezembro,26.6,53.7,131.9,0.262,58,31.7,1986.8,Cerrado/Savana,Médio
MG,Cerrado,-15.66009,-47.56604,Março,30.7,27.7,93.2,0.48,22,22.1,3468.9,Área Urbana,Médio
AM,Amazônia,-7.3536,-59.12668,Maio,35.5,61.7,59.8,0.615,19,39.2,4979.8,Floresta,Baixo
RS,Pampa,-28.89985,-52.08706,Novembro,22.2,71.5,24.1,0.487,80,31.9,3227.2,Cerrado/Savana,Baixo
BA,Caatinga,-12.3226,-41.33517,Maio,39.0,41.8,110.3,0.43,9,13.2,1389.6,Agricultura,Médio
PA,Amazônia,-6.43328,-52.51733,Junho,41.4,59.8,212.1,0.017,58,17.1,461.4,Cerrado/Savana,Alto
CE,Caatinga,-4.56778,-36.6267,Setembro,28.3,52.7,110.0,0.118,18,9.4,1816.2,Cerrado/Savana,Médio
AM,Amazônia,-2.02482,-59.61102,Janeiro,40.3,26.6,113.2,0.5,62,20.5,106.4,Cerrado/Savana,Médio
PR,Mata Atlântica,-26.90536,-52.0708,Dezembro,15.0,72.1,86.1,0.402,31,28.4,2329.1,Área Urbana,Médio
AM,Amazônia,-3.10663,-65.10165,Outubro,39.1,78.1,59.0,0.606,14,24.5,3303.3,Pastagem,Baixo
AM,Amazônia,-1.69721,-61.25669,Junho,23.4,65.1,73.4,0.868,7,13.7,2563.9,Floresta,Baixo
RS,Pampa,-30.58074,-51.505,Janeiro,23.4,37.5,500.0,-0.061,2,32.9,4327.8,Agricultura,Alto
SP,Mata Atlântica,-21.6692,-47.82316,Junho,21.2,88.8,166.2,0.647,6,4.2,2475.3,Floresta,Médio
GO,Cerrado,-13.88872,-50.21806,Fevereiro,23.6,48.7,67.6,-0.036,68,5.7,2317.3,Cerrado/Savana,Médio
SP,Mata Atlântica,-22.41601,-46.49985,Agosto,20.8,32.6,73.3,0.843,30,16.2,1555.3,Área Urbana,Médio
BA,Caatinga,-9.23021,-43.03109,Novembro,39.5,44.7,83.1,0.115,21,28.1,4189.7,Pastagem,Baixo
PR,Mata Atlântica,-25.74992,-53.80919,Março,39.3,68.8,129.2,0.412,7,27.8,4519.0,Agricultura,Médio
PA,Amazônia,-7.18514,-51.66031,Outubro,17.8,81.9,75.3,-0.036,74,14.7,4889.8,Área Urbana,Baixo
MT,Cerrado/Amazônia,-10.27975,-55.68028,Junho,18.9,40.3,139.1,0.795,14,27.9,4906.2,Agricultura,Médio
BA,Caatinga,-12.58809,-43.04042,Junho,38.3,29.8,47.9,0.629,39,2.4,4902.3,Floresta,Médio
MT,Cerrado/Amazônia,-11.33237,-58.3429,Abril,25.8,63.3,63.4,0.767,14,11.6,3562.7,Floresta,Baixo
MT,Cerrado/Amazônia,-14.70343,-57.3827,Maio,19.6,88.3,239.5,0.196,13,27.8,2817.6,Cerrado/Savana,Alto
PA,Amazônia,-8.59091,-54.80208,Fevereiro,28.8,25.6,47.9,0.783,14,7.4,870.0,Floresta,Baixo
MG,Cerrado,-15.68101,-46.90021,Outubro,26.3,78.3,400.4,0.687,41,8.5,3837.6,Pastagem,Alto
SP,Mata Atlântica,-25.33222,-46.52225,Outubro,20.9,50.5,22.7,0.211,7,3.5,3677.1,Pastagem,Baixo
AM,Amazônia,-3.28414,-62.57194,Agosto,34.5,78.0,33.2,0.489,15,14.6,4213.6,Pastagem,Baixo
CE,Caatinga,-8.10506,-38.37727,Outubro,32.0,53.0,74.8,-0.061,37,33.0,2317.6,Pastagem,Médio
MT,Cerrado/Amazônia,-13.34458,-55.08933,Julho,17.7,42.1,191.6,0.615,22,33.5,4463.2,Cerrado/Savana,Alto
PR,Mata Atlântica,-25.85723,-50.07626,Outubro,40.0,69.2,157.8,0.429,38,34.5,3596.2,Área Urbana,Alto
BA,Caatinga,-10.63587,-42.40041,Junho,30.1,86.6,23.0,0.625,33,1.5,863.9,Agricultura,Baixo
MG,Cerrado,-17.18932,-46.54282,Julho,21.8,37.2,32.4,0.69,54,39.7,1042.4,Pastagem,Médio
MT,Cerrado/Amazônia,-12.28447,-55.08666,Dezembro,20.6,49.2,102.8,0.662,30,20.1,4073.2,Floresta,Baixo
MG,Cerrado,-17.73226,-40.94066,Janeiro,18.7,29.5,42.0,0.478,102,34.9,2134.2,Pastagem,Médio
MG,Cerrado,-17.64846,-45.09791,Maio,26.5,25.6,65.8,0.55,23,36.2,1252.6,Pastagem,Médio
MT,Cerrado/Amazônia,-8.41867,-54.46945,Julho,18.7,76.1,80.0,0.417,5,20.6,2118.7,Pastagem,Médio
RS,Pampa,-32.43436,-52.40625,Janeiro,26.2,27.1,108.2,0.082,25,2.0,815.3,Cerrado/Savana,Médio
GO,Cerrado,-17.38724,-48.87156,Fevereiro,19.0,77.4,34.7,0.696,38,23.9,4459.8,Agricultura,Baixo
PR,Mata Atlântica,-24.03326,-50.70482,Setembro,32.7,46.5,21.4,0.897,89,13.4,367.0,Cerrado/Savana,Médio
AM,Amazônia,-5.91486,-63.17714,Dezembro,36.2,94.6,61.0,0.869,37,8.3,1772.7,Área Urbana,Baixo
AM,Amazônia,-3.69393,-64.95288,Março,29.8,26.8,10.3,0.69,62,7.3,2789.1,Floresta,Médio
PR,Mata Atlântica,-26.19774,-49.51535,Junho,33.4,17.9,89.8,0.318,20,22.4,4369.5,Cerrado/Savana,Baixo
RS,Pampa,-32.36111,-49.04711,Julho,40.3,16.4,219.6,0.432,58,4.2,3909.9,Floresta,Médio
AM,Amazônia,-1.83328,-62.65611,Setembro,32.2,81.0,15.2,-0.031,90,32.9,121.9,Cerrado/Savana,Médio
MG,Cerrado,-19.48331,-43.30226,Maio,24.8,47.2,14.4,0.316,14,9.1,4128.0,Cerrado/Savana,Baixo
PA,Amazônia,-6.72161,-53.837,Abril,27.1,10.3,10.0,0.056,9,22.0,3194.2,Agricultura,Baixo
BA,Caatinga,-12.6158,-44.89535,Novembro,38.2,84.4,226.0,0.686,9,5.0,675.4,Floresta,Alto
SP,Mata Atlântica,-25.72496,-47.10349,Dezembro,18.5,84.5,10.1,0.792,58,34.4,3091.2,Pastagem,Baixo
AM,Amazônia,-2.75646,-63.42236,Fevereiro,23.8,78.5,492.3,0.869,71,27.7,4091.3,Cerrado/Savana,Alto
PR,Mata Atlântica,-25.18642,-53.97019,Março,30.6,31.1,53.2,0.849,43,8.3,3014.5,Pastagem,Baixo
PA,Amazônia,-4.14127,-52.39988,Maio,33.3,41.7,47.8,0.093,16,28.6,4995.7,Agricultura,Baixo
MT,Cerrado/Amazônia,-12.21718,-56.18762,Novembro,35.6,73.3,11.5,0.801,38,3.3,2539.9,Cerrado/Savana,Baixo
GO,Cerrado,-15.71281,-50.56566,Fevereiro,23.6,51.6,105.7,0.042,37,30.9,3368.9,Cerrado/Savana,Médio
PR,Mata Atlântica,-23.19552,-51.31468,Abril,18.9,23.1,105.8,0.617,57,19.6,361.2,Floresta,Médio
MG,Cerrado,-18.75858,-44.56298,Janeiro,40.8,30.6,81.7,0.544,31,4.8,4067.9,Pastagem,Baixo
GO,Cerrado,-15.87495,-50.10365,Abril,17.1,92.7,44.7,0.362,11,22.0,3124.3,Cerrado/Savana,Baixo
BA,Caatinga,-11.91084,-43.10379,Julho,17.6,22.8,55.2,0.852,47,8.0,2810.6,Agricultura,Baixo
BA,Caatinga,-13.87419,-40.8611,Dezembro,28.4,71.7,46.4,0.233,32,26.9,3547.0,Cerrado/Savana,Baixo
RS,Pampa,-30.24786,-49.77291,Março,37.1,94.3,66.6,0.053,0,28.3,45.6,Corpo d'Água,Médio
CE,Caatinga,-4.48668,-40.47894,Outubro,35.9,73.6,50.2,0.823,85,30.4,3834.6,Floresta,Baixo
RS,Pampa,-29.16736,-49.43421,Agosto,40.3,66.2,135.1,0.813,20,35.8,2921.7,Floresta,Médio
PA,Amazônia,-4.86953,-51.73162,Junho,18.8,47.3,42.1,0.313,26,26.2,2605.1,Cerrado/Savana,Baixo
GO,Cerrado,-16.08766,-48.35044,Junho,25.1,40.1,51.8,0.743,16,19.7,683.7,Floresta,Médio
CE,Caatinga,-5.97104,-39.14219,Janeiro,22.6,84.3,68.6,0.057,0,34.2,1.5,Corpo d'Água,Médio
MT,Cerrado/Amazônia,-8.82574,-56.11168,Maio,38.2,37.5,0.5,0.576,41,36.0,2695.8,Pastagem,Baixo
MG,Cerrado,-19.14107,-45.18494,Março,28.2,77.0,81.3,0.775,74,31.3,3126.6,Floresta,Médio
GO,Cerrado,-15.93701,-48.56313,Outubro,15.7,67.8,35.5,0.178,43,37.7,2284.9,Pastagem,Baixo
RS,Pampa,-29.81133,-52.20279,Janeiro,34.1,59.1,6.9,0.525,34,39.2,741.8,Agricultura,Baixo
SP,Mata Atlântica,-24.52545,-46.40193,Agosto,25.5,41.3,290.3,0.717,23,10.1,760.3,Floresta,Alto
CE,Caatinga,-5.03641,-38.96754,Julho,29.3,27.4,46.7,0.734,121,7.3,3607.7,Pastagem,Médio
CE,Caatinga,-3.72377,-35.55896,Julho,39.1,70.4,66.6,0.009,33,17.9,3310.6,Cerrado/Savana,Baixo
MG,Cerrado,-20.70305,-43.51971,Dezembro,21.9,17.8,210.8,-0.077,54,39.9,1304.9,Pastagem,Alto
AM,Amazônia,-3.32254,-64.98686,Outubro,21.5,92.5,21.9,0.756,6,3.5,2234.8,Floresta,Baixo
BA,Caatinga,-10.7057,-41.06824,Outubro,22.1,93.2,227.9,0.676,12,28.5,1541.7,Pastagem,Alto
BA,Caatinga,-11.38029,-44.24913,Outubro,24.1,21.1,33.2,0.214,99,34.0,913.3,Pastagem,Médio
SP,Mata Atlântica,-23.88063,-48.2488,Abril,17.9,18.8,106.7,0.601,39,39.9,1637.6,Pastagem,Médio
PA,Amazônia,-2.29535,-51.01317,Novembro,33.8,45.1,138.9,0.832,29,24.8,1320.8,Área Urbana,Alto
PA,Amazônia,-6.56145,-55.03496,Junho,20.6,91.9,282.5,0.359,13,15.2,421.3,Área Urbana,Alto
MT,Cerrado/Amazônia,-12.38892,-55.28137,Setembro,40.0,44.0,112.3,0.732,9,6.7,2527.4,Floresta,Médio
GO,Cerrado,-18.43258,-51.23766,Março,20.8,40.9,72.4,0.749,28,39.3,2259.9,Floresta,Médio
PR,Mata Atlântica,-26.54838,-50.24958,Setembro,21.9,69.8,101.9,0.372,52,37.0,3575.9,Cerrado/Savana,Médio
AM,Amazônia,-4.02474,-62.7119,Abril,23.0,25.2,27.1,0.633,5,32.2,3105.3,Floresta,Baixo
RS,Pampa,-29.76802,-52.54742,Maio,35.8,40.9,140.2,0.253,12,37.8,1723.5,Pastagem,Alto
PR,Mata Atlântica,-27.05553,-49.49547,Julho,26.5,34.8,24.8,0.604,8,2.4,2486.6,Floresta,Baixo
PR,Mata Atlântica,-22.69627,-51.28063,Junho,37.1,61.1,97.8,0.574,38,25.3,2685.1,Pastagem,Médio
CE,Caatinga,-4.72177,-37.75848,Outubro,36.2,23.8,125.2,0.502,67,11.0,4588.6,Floresta,Baixo
SP,Mata Atlântica,-23.31502,-47.25862,Agosto,40.1,56.6,274.6,0.675,15,30.6,4908.7,Floresta,Alto
BA,Caatinga,-12.52099,-39.61025,Agosto,35.4,82.9,71.8,0.644,38,3.8,4079.6,Agricultura,Baixo
MT,Cerrado/Amazônia,-12.60002,-57.92407,Agosto,16.4,53.7,179.2,0.881,70,10.3,2814.9,Floresta,Alto
PA,Amazônia,-5.3195,-51.74567,Março,37.6,68.1,22.0,0.846,66,34.0,4641.3,Floresta,Baixo
SP,Mata Atlântica,-22.74562,-45.80076,Outubro,40.3,16.4,20.4,0.396,36,30.0,898.8,Cerrado/Savana,Médio
CE,Caatinga,-6.34002,-38.49484,Junho,41.8,48.2,89.3,0.817,33,39.7,3485.5,Floresta,Médio
RS,Pampa,-29.9873,-52.29769,Julho,18.4,18.1,108.9,0.141,6,25.8,2307.7,Agricultura,Médio
MT,Cerrado/Amazônia,-11.53677,-57.60046,Setembro,31.6,61.0,120.1,0.091,12,12.1,732.3,Cerrado/Savana,Médio
CE,Caatinga,-7.46145,-41.1509,Outubro,20.4,33.9,164.3,0.57,24,21.9,385.3,Pastagem,Alto
BA,Caatinga,-12.85246,-40.83255,Outubro,22.1,34.4,41.9,0.521,20,37.8,2408.9,Agricultura,Baixo
BA,Caatinga,-13.8761,-42.06099,Dezembro,35.1,16.5,116.9,0.147,87,26.1,1202.5,Agricultura,Médio
BA,Caatinga,-14.40491,-40.22695,Abril,41.4,36.4,25.0,0.833,28,35.3,1260.0,Floresta,Baixo
SP,Mata Atlântica,-20.974,-44.21608,Maio,31.1,53.1,29.7,0.895,102,0.9,1607.9,Floresta,Médio
SP,Mata Atlântica,-22.10253,-45.33624,Agosto,38.0,59.7,8.4,0.74,60,14.8,3594.6,Floresta,Baixo
PA,Amazônia,-8.64782,-52.46424,Janeiro,15.2,15.7,164.9,0.73,92,37.4,828.8,Floresta,Alto
PA,Amazônia,-6.28414,-51.4093,Dezembro,16.0,65.4,84.9,0.758,10,1.6,3590.6,Pastagem,Baixo
RS,Pampa,-33.8364,-50.94055,Junho,31.1,51.6,32.6,0.683,60,20.8,3915.7,Floresta,Baixo
MT,Cerrado/Amazônia,-13.00167,-55.24236,Abril,25.5,55.6,97.5,0.8,44,13.9,2976.5,Floresta,Baixo
MG,Cerrado,-16.18802,-45.94327,Maio,39.0,80.8,52.5,0.834,20,25.8,1245.3,Pastagem,Baixo
MG,Cerrado,-19.83557,-44.20426,Novembro,23.2,39.1,217.8,0.065,34,6.5,267.1,Pastagem,Alto
CE,Caatinga,-2.49936,-39.55978,Maio,26.7,24.8,90.1,0.443,32,26.1,2045.6,Agricultura,Médio
BA,Caatinga,-14.49874,-42.6088,Fevereiro,29.3,56.9,3.6,0.741,12,39.7,4238.8,Floresta,Baixo
MT,Cerrado/Amazônia,-12.376,-56.5597,Agosto,22.4,90.3,500.0,0.259,35,10.8,518.3,Pastagem,Alto
PR,Mata Atlântica,-25.94613,-52.48869,Fevereiro,39.5,54.0,9.3,0.65,14,18.5,3726.7,Floresta,Baixo
SP,Mata Atlântica,-25.02235,-44.91824,Abril,27.5,80.5,142.9,-0.056,0,1.2,44.5,Corpo d'Água,Médio
GO,Cerrado,-17.08216,-50.53719,Dezembro,26.5,74.3,69.0,0.831,62,17.4,4495.2,Floresta,Baixo
AM,Amazônia,-4.20988,-64.62894,Maio,37.9,54.1,34.4,0.511,2,16.2,1787.4,Cerrado/Savana,Baixo
RS,Pampa,-31.32512,-49.38779,Janeiro,23.4,79.2,135.4,0.01,0,22.6,7.0,Corpo d'Água,Médio
BA,Caatinga,-14.39393,-43.14546,Junho,37.1,44.6,16.1,0.859,59,10.3,3703.2,Floresta,Baixo
BA,Caatinga,-14.57882,-41.83592,Fevereiro,18.3,55.1,234.4,0.498,43,13.1,1001.7,Agricultura,Alto
BA,Caatinga,-9.75178,-41.89904,Maio,19.9,53.1,34.6,0.703,30,24.4,799.2,Floresta,Baixo
SP,Mata Atlântica,-23.44986,-47.82317,Junho,40.7,70.3,53.8,0.778,34,36.3,472.7,Floresta,Médio
SP,Mata Atlântica,-23.64243,-44.78642,Novembro,37.7,44.8,120.2,0.777,6,9.4,3510.9,Floresta,Médio
AM,Amazônia,-3.25564,-59.02234,Agosto,25.5,18.5,0.1,-0.083,11,27.1,2745.3,Área Urbana,Baixo
PR,Mata Atlântica,-23.00078,-51.67947,Setembro,32.2,77.0,76.8,0.878,30,21.0,442.7,Floresta,Médio
MT,Cerrado/Amazônia,-12.83868,-54.47362,Dezembro,40.5,68.2,269.6,0.652,18,4.2,1548.6,Floresta,Alto
BA,Caatinga,-12.37401,-39.58662,Junho,20.7,83.0,136.9,0.031,0,22.6,8.7,Corpo d'Água,Alto
MG,Cerrado,-15.50564,-44.85633,Maio,16.6,46.4,58.9,0.436,85,28.4,472.5,Pastagem,Médio
PA,Amazônia,-5.01207,-51.25999,Dezembro,29.5,16.6,129.6,0.892,27,23.9,1500.9,Cerrado/Savana,Médio
MG,Cerrado,-17.35875,-43.40926,Abril,18.9,20.3,330.9,-0.001,12,4.2,490.5,Cerrado/Savana,Alto
CE,Caatinga,-7.10021,-40.92263,Fevereiro,20.1,75.7,25.0,0.851,30,34.2,1308.3,Floresta,Baixo
MG,Cerrado,-19.2529,-42.72837,Fevereiro,39.1,15.8,91.1,0.231,102,1.6,2768.1,Agricultura,Médio
CE,Caatinga,-6.95306,-37.36516,Julho,15.2,87.2,32.1,-0.031,38,9.4,2808.9,Agricultura,Baixo
GO,Cerrado,-14.66025,-48.10865,Maio,37.1,33.9,231.1,0.612,8,24.6,848.3,Floresta,Alto
PA,Amazônia,-6.9343,-52.62155,Julho,29.0,86.4,153.2,0.187,3,8.7,963.2,Cerrado/Savana,Médio
MG,Cerrado,-18.06159,-44.16755,Novembro,30.1,75.7,193.8,0.004,38,4.1,4276.3,Área Urbana,Médio
GO,Cerrado,-15.38651,-50.25479,Janeiro,33.1,84.1,343.8,0.813,64,20.5,843.0,Floresta,Alto
RS,Pampa,-29.82719,-49.67965,Janeiro,26.6,28.2,31.7,0.724,41,28.9,238.2,Pastagem,Médio
MT,Cerrado/Amazônia,-14.42977,-54.59942,Maio,18.1,60.6,6.0,0.004,26,16.4,1231.7,Cerrado/Savana,Baixo
GO,Cerrado,-14.35715,-51.2878,Fevereiro,17.8,18.0,41.3,0.367,26,27.9,2886.4,Agricultura,Baixo
MT,Cerrado/Amazônia,-12.10425,-55.56775,Agosto,35.4,27.2,61.1,0.446,96,34.4,46.1,Floresta,Médio
MG,Cerrado,-20.36294,-44.48703,Março,21.0,36.3,117.8,0.062,33,38.4,4925.1,Agricultura,Médio
PR,Mata Atlântica,-25.00777,-52.51837,Janeiro,15.8,73.0,191.8,0.723,59,9.3,1159.6,Floresta,Alto
GO,Cerrado,-15.69146,-50.74043,Fevereiro,41.4,12.1,51.7,0.541,76,24.2,1198.2,Floresta,Médio
PA,Amazônia,-3.47854,-53.66997,Outubro,41.5,86.8,77.0,0.138,38,10.7,3695.7,Pastagem,Baixo
MG,Cerrado,-17.32203,-47.03308,Outubro,25.2,16.0,184.7,0.636,17,34.8,1248.4,Floresta,Alto
BA,Caatinga,-12.82271,-41.68153,Julho,15.7,42.0,30.6,0.701,39,35.6,1986.8,Agricultura,Baixo
SP,Mata Atlântica,-23.84144,-47.22448,Junho,34.6,16.9,29.4,0.44,52,12.9,2724.2,Cerrado/Savana,Médio
GO,Cerrado,-16.83127,-48.70819,Dezembro,37.4,75.4,106.8,0.057,28,25.8,119.1,Pastagem,Médio
PA,Amazônia,-4.04081,-52.85324,Agosto,18.4,22.0,68.7,0.371,44,35.5,4188.1,Pastagem,Baixo
RS,Pampa,-31.67496,-48.53908,Julho,18.7,85.2,356.9,-0.032,20,20.3,2565.1,Área Urbana,Alto
BA,Caatinga,-13.8997,-43.88913,Outubro,37.2,55.1,53.0,0.48,16,28.8,1571.5,Agricultura,Baixo
RS,Pampa,-33.04893,-51.08082,Agosto,39.9,90.6,171.0,0.24,33,32.0,2004.9,Cerrado/Savana,Alto
MG,Cerrado,-18.83612,-43.00357,Março,36.4,34.7,105.0,0.004,11,34.9,288.6,Cerrado/Savana,Médio
SP,Mata Atlântica,-22.63337,-46.1947,Junho,20.4,48.6,6.7,0.084,30,20.6,3592.7,Pastagem,Baixo
GO,Cerrado,-16.23705,-48.17503,Julho,26.1,69.0,10.6,0.246,7,37.7,2702.1,Agricultura,Baixo
GO,Cerrado,-13.02892,-48.32653,Outubro,31.2,80.7,27.3,0.779,12,25.2,4570.8,Floresta,Baixo
PR,Mata Atlântica,-25.5853,-50.37765,Novembro,19.3,45.8,18.5,0.63,31,6.1,2326.3,Floresta,Baixo
PR,Mata Atlântica,-25.49313,-53.2076,Janeiro,20.7,85.9,47.9,0.01,23,24.5,4143.7,Cerrado/Savana,Baixo
MG,Cerrado,-19.85856,-45.08727,Janeiro,22.6,20.0,103.8,0.824,57,11.9,949.8,Floresta,Médio
MG,Cerrado,-18.35406,-41.45913,Julho,28.8,70.2,110.7,0.619,8,14.9,292.0,Floresta,Médio
SP,Mata Atlântica,-24.87253,-44.64477,Novembro,28.8,39.6,106.3,-0.01,65,32.4,4742.7,Pastagem,Médio
PR,Mata Atlântica,-25.36589,-54.57458,Março,37.0,18.6,15.0,0.627,50,38.9,1292.2,Floresta,Médio
PA,Amazônia,-6.29859,-50.96495,Março,35.3,42.9,110.0,0.889,11,34.8,4169.6,Floresta,Médio
PA,Amazônia,-5.023,-52.12332,Maio,39.7,84.8,63.3,0.086,13,13.0,1294.1,Pastagem,Baixo
SP,Mata Atlântica,-21.55724,-48.1845,Novembro,37.5,93.3,280.0,0.216,52,18.1,787.7,Cerrado/Savana,Alto
PA,Amazônia,-7.11763,-56.12559,Junho,21.9,43.4,291.6,-0.063,70,39.3,3665.3,Cerrado/Savana,Alto
CE,Caatinga,-3.78438,-38.80627,Fevereiro,23.9,85.3,175.4,0.552,22,36.9,3894.2,Cerrado/Savana,Médio
MT,Cerrado/Amazônia,-11.59405,-58.69452,Março,28.5,53.3,145.7,0.888,44,39.1,4219.6,Pastagem,Médio
SP,Mata Atlântica,-25.95637,-48.60943,Junho,15.4,70.9,14.7,0.876,48,17.3,4325.7,Floresta,Baixo
SP,Mata Atlântica,-24.93386,-44.29906,Março,39.4,13.9,10.6,0.432,59,32.0,2420.8,Floresta,Médio
AM,Amazônia,-1.96981,-62.90733,Maio,16.2,57.4,220.5,0.568,14,34.8,2007.1,Agricultura,Alto
BA,Caatinga,-12.13112,-42.71754,Setembro,23.7,16.0,66.8,0.472,54,1.8,3757.3,Pastagem,Baixo
BA,Caatinga,-12.03358,-43.40714,Dezembro,30.4,32.8,72.0,0.687,66,10.6,2851.2,Floresta,Baixo
CE,Caatinga,-3.97462,-40.92455,Março,29.0,58.2,225.9,0.522,13,35.3,4826.8,Cerrado/Savana,Alto
PR,Mata Atlântica,-23.68113,-52.19113,Dezembro,32.7,78.6,116.6,0.658,52,15.5,1885.4,Floresta,Médio
MG,Cerrado,-19.69511,-42.1305,Novembro,29.2,57.7,23.7,0.874,128,11.1,223.9,Floresta,Médio
MG,Cerrado,-18.24458,-45.03327,Junho,21.2,89.6,28.4,0.316,89,10.9,2950.6,Agricultura,Baixo
RS,Pampa,-28.89273,-53.23999,Novembro,20.4,78.9,0.8,0.244,72,15.0,1773.8,Cerrado/Savana,Baixo
CE,Caatinga,-3.4397,-39.85917,Maio,39.5,23.3,148.8,-0.1,60,9.8,1719.9,Pastagem,Médio
SP,Mata Atlântica,-22.64882,-48.95181,Maio,22.1,43.1,79.8,0.636,58,0.1,2827.0,Floresta,Baixo
CE,Caatinga,-5.67364,-39.64313,Novembro,22.6,66.8,359.4,0.782,7,6.9,4609.7,Floresta,Alto
CE,Caatinga,-3.55455,-38.62938,Junho,26.1,89.8,150.2,0.5,52,35.3,1342.1,Área Urbana,Alto
CE,Caatinga,-5.68872,-39.17308,Junho,18.8,94.0,13.1,0.835,133,3.0,1904.2,Agricultura,Médio
BA,Caatinga,-10.69515,-41.99998,Janeiro,28.7,74.9,21.1,0.139,33,16.5,4457.3,Agricultura,Baixo
CE,Caatinga,-5.5633,-42.48456,Novembro,33.0,58.8,83.6,0.052,32,18.3,4477.1,Cerrado/Savana,Baixo
MT,Cerrado/Amazônia,-13.09861,-59.52944,Setembro,36.2,74.3,310.6,0.769,102,31.1,1180.6,Pastagem,Alto
MG,Cerrado,-18.6815,-43.0678,Maio,34.2,33.2,34.1,0.842,133,10.1,3534.6,Cerrado/Savana,Médio
RS,Pampa,-33.20946,-49.37869,Janeiro,19.0,89.3,209.6,0.047,0,12.4,9.0,Corpo d'Água,Alto
MT,Cerrado/Amazônia,-13.17533,-56.96075,Agosto,27.3,65.6,44.9,0.687,8,0.6,4680.6,Floresta,Baixo
RS,Pampa,-30.78363,-53.79986,Julho,16.0,84.1,37.7,0.385,36,36.1,3663.9,Área Urbana,Médio
AM,Amazônia,-4.64448,-59.07388,Julho,15.5,92.4,278.0,0.009,37,27.4,2476.8,Agricultura,Alto
RS,Pampa,-31.67407,-53.61281,Maio,26.9,39.0,5.8,0.783,12,10.5,4088.9,Cerrado/Savana,Baixo
MG,Cerrado,-18.29806,-44.67866,Janeiro,21.8,77.7,129.7,0.764,14,35.5,4989.4,Floresta,Médio
MG,Cerrado,-18.99499,-44.52833,Setembro,33.5,82.4,5.3,0.141,32,3.5,2240.7,Agricultura,Baixo
CE,Caatinga,-4.1337,-40.53075,Novembro,34.6,63.0,193.6,0.787,48,14.7,1873.8,Agricultura,Alto
GO,Cerrado,-15.53838,-48.30419,Setembro,39.2,39.5,212.2,0.538,36,22.5,3039.1,Cerrado/Savana,Alto
AM,Amazônia,-4.96293,-65.70327,Agosto,35.5,62.6,268.6,0.787,67,20.2,3418.6,Floresta,Alto
SP,Mata Atlântica,-22.54379,-42.87556,Maio,16.3,59.7,24.7,0.88,13,26.2,3525.2,Cerrado/Savana,Baixo
PA,Amazônia,-5.55103,-52.4271,Março,25.0,61.6,16.0,-0.097,22,11.9,2373.2,Cerrado/Savana,Baixo
RS,Pampa,-30.47371,-48.84791,Agosto,22.4,62.6,84.0,0.02,69,30.3,1668.1,Agricultura,Médio
GO,Cerrado,-15.94664,-50.11985,Janeiro,25.4,87.2,38.0,-0.178,0,16.2,36.8,Corpo d'Água,Baixo
CE,Caatinga,-3.7337,-40.37641,Março,19.3,24.5,111.9,0.856,5,5.0,4791.7,Pastagem,Baixo
BA,Caatinga,-14.50704,-40.37655,Dezembro,17.6,41.2,86.5,0.894,47,29.6,4321.3,Agricultura,Baixo
SP,Mata Atlântica,-24.43732,-48.09319,Novembro,29.1,59.8,18.8,0.467,18,36.5,3414.9,Cerrado/Savana,Baixo
PR,Mata Atlântica,-21.73993,-51.8179,Julho,34.5,34.1,161.3,0.074,95,14.6,1807.1,Pastagem,Médio
GO,Cerrado,-15.08866,-49.79571,Abril,34.0,93.1,195.4,0.654,31,23.6,3116.2,Floresta,Alto
BA,Caatinga,-13.90948,-40.66585,Julho,27.2,32.4,395.8,0.664,4,27.5,514.8,Agricultura,Alto
AM,Amazônia,-2.99813,-63.20907,Dezembro,29.1,49.9,60.4,0.492,40,33.3,2674.2,Cerrado/Savana,Baixo
CE,Caatinga,-4.45021,-40.42147,Novembro,28.9,84.6,49.5,0.674,22,7.9,3908.3,Floresta,Baixo
SP,Mata Atlântica,-25.20674,-48.4385,Maio,33.7,96.3,25.6,-0.122,0,22.8,20.4,Corpo d'Água,Baixo
SP,Mata Atlântica,-23.14491,-47.2041,Junho,16.3,79.8,23.9,0.625,93,29.6,2512.7,Área Urbana,Médio
SP,Mata Atlântica,-21.29744,-46.69444,Julho,34.2,58.5,46.5,0.759,25,8.0,375.6,Floresta,Baixo
AM,Amazônia,-4.6478,-61.98327,Outubro,30.7,12.7,480.9,0.203,54,18.9,4194.1,Cerrado/Savana,Alto
RS,Pampa,-31.9714,-51.3562,Dezembro,20.3,86.7,11.6,0.121,34,18.6,1757.7,Área Urbana,Baixo
PR,Mata Atlântica,-24.41125,-51.25649,Julho,16.3,13.3,36.0,0.57,90,33.6,2915.2,Agricultura,Médio
AM,Amazônia,-1.5158,-58.32372,Julho,17.9,53.8,10.8,0.815,99,31.1,1898.9,Área Urbana,Baixo
PA,Amazônia,-4.5329,-50.96181,Julho,29.2,14.2,38.4,0.248,8,9.3,2992.0,Pastagem,Baixo
PR,Mata Atlântica,-21.07481,-53.05934,Novembro,35.5,16.1,11.6,0.617,39,9.3,3723.5,Floresta,Médio
MG,Cerrado,-18.31406,-45.26699,Julho,24.0,85.4,85.2,0.778,40,28.9,1640.8,Floresta,Médio
CE,Caatinga,-3.83601,-39.24257,Março,25.2,75.1,69.2,0.154,31,29.6,2601.1,Pastagem,Baixo
AM,Amazônia,-4.69765,-62.20358,Dezembro,40.2,26.7,22.9,-0.1,76,7.2,3976.4,Área Urbana,Médio
BA,Caatinga,-11.00962,-43.65559,Março,20.8,62.7,23.1,0.497,32,16.4,3442.4,Pastagem,Baixo
PR,Mata Atlântica,-26.08602,-52.97091,Julho,17.8,77.5,118.1,0.861,15,33.0,294.8,Floresta,Médio
PA,Amazônia,-5.05041,-50.86923,Fevereiro,24.3,85.6,58.8,0.515,3,3.2,2848.1,Pastagem,Baixo
MG,Cerrado,-21.5246,-44.4084,Fevereiro,35.1,49.8,6.9,-0.017,27,15.0,1887.9,Pastagem,Baixo
RS,Pampa,-31.41633,-49.7219,Março,31.9,86.3,303.4,0.015,85,25.8,3546.8,Pastagem,Alto
BA,Caatinga,-12.93545,-41.50399,Abril,26.2,53.2,62.3,0.436,67,30.8,93.2,Pastagem,Médio
PR,Mata Atlântica,-24.89201,-49.86367,Junho,41.0,68.5,107.3,0.712,3,26.1,1659.7,Floresta,Médio
CE,Caatinga,-2.02705,-41.352,Agosto,34.8,93.2,260.0,0.829,28,15.9,441.6,Floresta,Alto
BA,Caatinga,-14.00883,-41.21775,Outubro,16.7,30.1,61.7,0.727,39,39.7,4603.3,Agricultura,Baixo
MG,Cerrado,-19.7346,-43.14962,Outubro,35.1,24.3,206.2,0.472,37,1.7,4383.7,Floresta,Médio
BA,Caatinga,-10.93882,-42.51986,Julho,15.6,39.1,295.5,0.811,62,19.8,4840.8,Floresta,Alto
MT,Cerrado/Amazônia,-13.82531,-57.33217,Abril,32.6,24.0,22.9,0.456,14,20.4,3220.9,Cerrado/Savana,Médio
GO,Cerrado,-15.67397,-49.36774,Fevereiro,20.7,34.2,267.6,0.767,32,9.6,4037.2,Agricultura,Alto
RS,Pampa,-33.40923,-52.68118,Fevereiro,33.8,73.2,15.3,0.608,15,22.3,3063.2,Floresta,Baixo
MG,Cerrado,-19.11615,-45.74548,Abril,23.4,50.6,38.6,0.808,58,8.8,2465.3,Floresta,Baixo
BA,Caatinga,-16.87706,-44.53256,Junho,38.6,41.9,198.2,0.48,18,17.7,4170.8,Cerrado/Savana,Médio
GO,Cerrado,-17.78804,-50.01293,Março,24.1,41.3,277.1,0.882,21,17.3,3883.1,Floresta,Alto
GO,Cerrado,-16.4843,-50.78735,Junho,31.7,26.5,138.3,0.609,18,30.9,3669.1,Agricultura,Médio
BA,Caatinga,-11.38523,-40.5058,Maio,22.7,48.0,13.3,0.149,15,37.7,4470.6,Pastagem,Baixo
CE,Caatinga,-4.87512,-39.46982,Maio,39.8,63.1,88.8,0.723,47,8.1,4644.4,Agricultura,Baixo
MT,Cerrado/Amazônia,-13.96499,-58.02549,Fevereiro,36.1,21.8,102.0,0.454,46,39.7,2232.0,Floresta,Médio
AM,Amazônia,-6.03147,-62.59613,Agosto,21.6,92.7,39.7,0.893,18,37.6,1421.3,Pastagem,Baixo
MT,Cerrado/Amazônia,-11.50139,-54.88851,Maio,40.6,47.7,500.0,0.216,45,4.5,2563.8,Agricultura,Alto
BA,Caatinga,-12.94717,-40.9625,Novembro,24.6,90.6,49.1,0.809,37,36.5,474.4,Floresta,Médio
RS,Pampa,-34.31398,-51.87939,Fevereiro,32.6,21.4,28.3,0.669,14,22.6,4691.4,Floresta,Baixo
AM,Amazônia,-4.15454,-59.98325,Julho,35.1,75.2,14.0,0.146,72,35.2,4919.4,Pastagem,Médio
MG,Cerrado,-17.9206,-43.80862,Setembro,15.6,62.5,57.1,0.126,6,37.8,3267.0,Pastagem,Baixo
MT,Cerrado/Amazônia,-12.01651,-56.85184,Setembro,40.9,79.7,141.6,0.75,31,34.4,3733.3,Cerrado/Savana,Médio
BA,Caatinga,-10.28145,-45.15792,Janeiro,24.3,61.1,31.6,0.825,23,16.1,1625.1,Floresta,Baixo
MT,Cerrado/Amazônia,-12.46068,-55.2253,Julho,20.1,91.8,176.1,0.239,2,25.5,4332.7,Cerrado/Savana,Médio
AM,Amazônia,-6.30709,-60.96312,Setembro,38.0,63.3,17.5,0.097,66,18.6,4502.5,Pastagem,Baixo
PA,Amazônia,-6.68174,-52.56528,Junho,34.0,76.7,69.7,0.861,23,14.7,393.7,Agricultura,Médio
PR,Mata Atlântica,-26.06054,-50.11127,Janeiro,17.3,84.6,145.4,0.145,46,10.0,665.9,Cerrado/Savana,Alto
MT,Cerrado/Amazônia,-13.11254,-55.6513,Fevereiro,18.2,70.7,17.4,0.147,45,17.7,1311.7,Pastagem,Baixo
MG,Cerrado,-17.85701,-45.74069,Abril,34.3,54.6,109.3,0.844,54,32.2,3521.3,Pastagem,Médio
MG,Cerrado,-17.75721,-45.54535,Abril,17.0,33.2,192.5,0.801,44,33.8,925.0,Cerrado/Savana,Alto
SP,Mata Atlântica,-23.45381,-47.08989,Fevereiro,39.8,82.6,108.6,0.86,32,38.3,1108.2,Floresta,Médio
MT,Cerrado/Amazônia,-11.33013,-56.10952,Agosto,35.0,50.8,86.0,0.844,45,11.6,1915.5,Floresta,Médio
PR,Mata Atlântica,-24.93608,-52.57857,Fevereiro,24.1,62.8,218.6,0.15,64,26.0,3062.1,Agricultura,Alto
CE,Caatinga,-7.00349,-39.44652,Março,24.8,16.7,500.0,-0.016,104,27.8,4881.8,Cerrado/Savana,Alto
GO,Cerrado,-16.77844,-52.65699,Abril,28.7,52.3,24.0,0.72,25,7.7,3921.6,Pastagem,Baixo
PR,Mata Atlântica,-26.88504,-49.11119,Setembro,24.7,69.3,141.1,0.672,45,14.7,2795.9,Cerrado/Savana,Médio
GO,Cerrado,-16.81996,-48.21676,Outubro,36.2,59.6,10.1,0.195,60,13.7,256.4,Agricultura,Baixo
GO,Cerrado,-16.36497,-47.98063,Janeiro,41.3,48.1,5.3,-0.01,44,39.4,2589.0,Cerrado/Savana,Médio
PA,Amazônia,-3.78925,-53.96854,Agosto,30.8,92.5,39.6,-0.122,0,38.3,20.7,Corpo d'Água,Médio
SP,Mata Atlântica,-26.53196,-49.48498,Dezembro,27.0,36.3,424.5,0.68,41,32.9,1507.3,Floresta,Alto
PR,Mata Atlântica,-26.10299,-48.71555,Maio,21.0,69.6,96.4,0.65,14,18.9,1261.8,Floresta,Médio
PR,Mata Atlântica,-25.50584,-51.33213,Julho,32.6,29.1,37.5,0.159,31,10.6,1743.8,Cerrado/Savana,Baixo
PA,Amazônia,-3.58499,-52.56452,Agosto,33.5,62.8,17.1,0.718,27,36.6,320.7,Área Urbana,Médio
MT,Cerrado/Amazônia,-12.56616,-55.98601,Maio,33.5,60.1,303.4,0.128,50,10.7,2888.4,Área Urbana,Alto
MT,Cerrado/Amazônia,-12.24655,-57.0692,Agosto,15.7,92.5,54.0,0.873,1,20.9,238.3,Floresta,Médio
MT,Cerrado/Amazônia,-13.76217,-56.80227,Outubro,39.3,15.2,44.0,-0.1,91,9.8,3306.3,Pastagem,Médio
RS,Pampa,-28.3884,-48.55699,Novembro,24.1,19.2,234.2,0.485,55,38.9,3656.7,Pastagem,Alto
GO,Cerrado,-15.39159,-48.70726,Agosto,35.1,53.0,111.3,0.633,30,1.7,2435.5,Floresta,Médio
RS,Pampa,-29.6254,-51.36099,Setembro,35.5,54.8,22.2,0.889,30,7.0,3908.5,Floresta,Baixo
SP,Mata Atlântica,-22.77861,-44.846,Fevereiro,32.6,13.4,65.7,0.19,12,30.6,4837.3,Cerrado/Savana,Médio
PA,Amazônia,-6.86954,-54.9071,Março,25.7,80.2,316.1,0.298,112,6.1,1706.9,Agricultura,Alto
PR,Mata Atlântica,-25.68951,-51.23251,Janeiro,31.4,52.1,277.8,0.878,54,39.2,3098.3,Floresta,Alto
GO,Cerrado,-14.52519,-51.32426,Abril,16.1,39.5,8.7,0.338,50,12.9,1625.4,Cerrado/Savana,Baixo
RS,Pampa,-33.76286,-51.99417,Maio,35.6,37.1,37.5,0.138,25,36.7,2222.5,Cerrado/Savana,Baixo
RS,Pampa,-30.32087,-52.97341,Novembro,17.7,83.2,20.1,0.448,15,26.5,113.9,Área Urbana,Médio
BA,Caatinga,-13.71414,-40.39907,Janeiro,25.7,26.7,91.6,0.74,14,25.4,381.0,Cerrado/Savana,Médio
RS,Pampa,-29.91282,-50.71157,Agosto,17.8,23.6,166.3,0.725,14,36.6,3989.7,Floresta,Médio
CE,Caatinga,-5.63352,-40.78117,Fevereiro,37.6,28.1,42.0,-0.1,95,20.5,708.1,Pastagem,Médio
PR,Mata Atlântica,-25.43435,-50.80168,Janeiro,29.9,63.1,170.3,0.283,32,16.0,3498.8,Agricultura,Médio
CE,Caatinga,-7.33698,-37.17474,Fevereiro,33.7,78.9,132.6,0.854,15,8.7,3547.2,Agricultura,Médio
PR,Mata Atlântica,-24.02771,-52.35382,Maio,33.4,38.1,156.3,-0.028,46,5.8,4981.2,Agricultura,Baixo
PA,Amazônia,-4.31989,-50.89648,Setembro,37.7,24.7,355.3,0.108,82,31.7,3481.0,Cerrado/Savana,Alto
PR,Mata Atlântica,-25.38551,-51.87488,Setembro,18.6,27.8,66.3,0.899,49,5.1,652.4,Floresta,Baixo
CE,Caatinga,-2.85979,-36.47154,Fevereiro,32.8,62.6,50.3,-0.021,23,15.8,3136.4,Agricultura,Baixo
PR,Mata Atlântica,-24.84585,-53.28732,Fevereiro,30.5,30.9,138.2,0.245,19,16.4,2625.5,Área Urbana,Alto
PA,Amazônia,-6.2459,-51.18048,Março,15.8,84.6,197.8,0.622,22,26.6,4587.8,Floresta,Médio
PA,Amazônia,-7.08532,-53.04242,Julho,20.4,18.8,25.5,0.738,27,11.1,3453.8,Floresta,Baixo
SP,Mata Atlântica,-23.11112,-48.01407,Novembro,22.2,12.8,225.1,0.864,16,33.5,2597.2,Floresta,Alto
PR,Mata Atlântica,-23.24535,-50.50905,Março,17.0,17.5,7.2,0.741,4,8.3,3124.8,Agricultura,Baixo
BA,Caatinga,-9.56568,-40.52781,Janeiro,24.6,81.9,0.8,0.846,23,31.6,2222.9,Floresta,Baixo
MT,Cerrado/Amazônia,-14.12133,-56.12445,Junho,15.7,65.4,20.7,0.115,27,34.0,2547.0,Agricultura,Baixo
MG,Cerrado,-17.02797,-42.99078,Março,29.9,91.4,461.7,0.741,38,7.7,3614.5,Floresta,Alto
PA,Amazônia,-6.70526,-54.07451,Janeiro,20.7,38.6,89.0,0.783,10,32.4,400.9,Floresta,Médio
AM,Amazônia,-5.17946,-59.8129,Abril,22.7,28.1,5.7,0.013,21,28.5,3080.5,Área Urbana,Médio
MT,Cerrado/Amazônia,-11.74568,-58.15183,Janeiro,39.6,57.8,500.0,0.112,31,35.0,450.2,Agricultura,Alto
GO,Cerrado,-15.63922,-50.02553,Janeiro,28.6,55.7,163.9,0.521,52,20.4,4276.8,Pastagem,Médio
PR,Mata Atlântica,-26.34887,-51.49572,Dezembro,22.3,60.2,218.4,0.789,51,9.4,4712.9,Floresta,Médio
CE,Caatinga,-4.81396,-36.75312,Fevereiro,31.2,39.5,28.7,0.633,57,36.5,3903.2,Floresta,Médio
MG,Cerrado,-19.49353,-47.1141,Outubro,20.4,10.5,13.4,0.685,32,31.6,3593.0,Floresta,Médio
AM,Amazônia,-5.04343,-63.55897,Agosto,17.0,13.0,86.9,0.32,22,0.8,4719.3,Pastagem,Baixo
MT,Cerrado/Amazônia,-13.32039,-58.48976,Fevereiro,15.6,66.4,177.5,0.782,40,37.6,1100.5,Pastagem,Alto
PR,Mata Atlântica,-23.65682,-53.22405,Novembro,40.7,54.5,121.9,0.561,125,37.9,1151.9,Cerrado/Savana,Médio
SP,Mata Atlântica,-23.51997,-43.62971,Fevereiro,34.6,79.8,119.7,0.022,63,14.2,2410.3,Cerrado/Savana,Médio
GO,Cerrado,-14.99965,-49.16386,Novembro,36.6,35.5,169.8,0.645,167,0.4,47.2,Pastagem,Alto
MG,Cerrado,-15.72403,-42.68153,Novembro,41.5,79.3,30.9,0.42,35,22.1,4825.7,Área Urbana,Baixo
BA,Caatinga,-11.73231,-42.16609,Outubro,40.2,46.2,130.0,0.125,10,36.5,170.9,Cerrado/Savana,Alto
SP,Mata Atlântica,-23.58403,-46.73696,Outubro,34.9,18.2,59.7,0.19,21,5.0,2984.6,Cerrado/Savana,Baixo
AM,Amazônia,-4.07214,-61.90195,Agosto,33.7,93.1,8.7,0.457,51,23.6,1776.3,Pastagem,Baixo
MG,Cerrado,-17.98388,-46.41694,Dezembro,24.1,53.5,27.1,0.502,13,29.3,523.8,Cerrado/Savana,Baixo
SP,Mata Atlântica,-21.10194,-46.0153,Junho,17.8,63.5,189.6,0.868,15,5.4,132.8,Área Urbana,Alto
GO,Cerrado,-16.22417,-49.50824,Dezembro,30.5,67.0,271.5,0.755,43,20.5,1319.5,Agricultura,Alto
BA,Caatinga,-11.18445,-43.90003,Novembro,30.6,40.8,39.9,0.106,42,3.6,542.4,Pastagem,Baixo
SP,Mata Atlântica,-23.70759,-48.40878,Abril,40.7,73.5,25.3,0.674,41,22.3,4702.2,Pastagem,Baixo
RS,Pampa,-26.04449,-51.02272,Março,26.9,80.6,3.3,-0.11,0,17.7,13.7,Corpo d'Água,Baixo
BA,Caatinga,-14.34662,-36.3008,Janeiro,33.7,42.9,354.1,0.03,1,10.6,479.7,Agricultura,Alto
AM,Amazônia,-4.27403,-62.53362,Novembro,30.5,65.8,138.2,0.1,30,34.1,3850.7,Pastagem,Médio
GO,Cerrado,-16.0352,-51.11193,Março,19.8,74.4,377.7,0.497,62,15.3,2077.1,Área Urbana,Alto
PR,Mata Atlântica,-24.51897,-54.86611,Dezembro,31.0,26.2,239.3,0.095,18,28.0,4219.9,Pastagem,Alto
CE,Caatinga,-3.47115,-41.34171,Setembro,29.6,38.3,49.9,0.675,9,31.6,4193.8,Floresta,Baixo
CE,Caatinga,-5.72298,-38.52272,Maio,28.3,19.2,14.3,0.706,7,7.1,4962.0,Floresta,Médio
CE,Caatinga,-5.40669,-39.89532,Junho,28.9,61.2,83.0,0.237,44,4.8,4021.1,Cerrado/Savana,Baixo
MG,Cerrado,-20.02812,-41.40653,Maio,19.4,78.1,3.3,0.842,53,0.3,1078.6,Pastagem,Baixo
AM,Amazônia,-2.67278,-63.84418,Janeiro,27.5,61.9,19.5,0.897,89,12.2,2936.4,Agricultura,Médio
GO,Cerrado,-15.56273,-51.5702,Outubro,31.4,25.3,31.9,0.714,31,32.6,2636.0,Floresta,Baixo
BA,Caatinga,-9.99638,-41.40054,Janeiro,28.2,56.4,131.5,0.472,27,30.9,2545.9,Pastagem,Médio
MG,Cerrado,-19.97332,-43.50361,Abril,28.2,81.0,85.6,0.608,26,34.9,1491.1,Cerrado/Savana,Médio
AM,Amazônia,-3.88711,-64.15234,Março,17.1,35.7,43.2,0.672,41,30.4,1058.6,Área Urbana,Médio
PR,Mata Atlântica,-24.31843,-51.02074,Novembro,20.2,80.8,99.8,0.639,24,1.0,3587.3,Cerrado/Savana,Baixo
RS,Pampa,-28.3234,-51.13324,Agosto,23.7,76.7,16.1,-0.018,43,15.4,517.8,Pastagem,Baixo
GO,Cerrado,-15.66941,-49.5998,Dezembro,26.3,11.8,169.1,0.21,11,0.2,257.6,Pastagem,Médio
CE,Caatinga,-2.70708,-40.11511,Dezembro,31.0,30.4,149.4,0.746,20,1.4,1912.4,Floresta,Médio
SP,Mata Atlântica,-22.84582,-45.70488,Julho,38.3,56.2,29.3,0.269,23,19.1,3722.2,Área Urbana,Baixo
GO,Cerrado,-15.30534,-50.36186,Novembro,19.3,71.0,111.9,0.652,39,14.4,4344.0,Floresta,Baixo
PA,Amazônia,-5.35909,-52.87049,Julho,15.4,84.8,84.0,0.687,62,22.3,2705.2,Cerrado/Savana,Médio
AM,Amazônia,-0.53118,-62.90665,Agosto,27.1,64.5,7.5,0.648,27,2.6,4201.3,Pastagem,Baixo
MT,Cerrado/Amazônia,-14.04887,-56.9293,Outubro,26.7,42.3,39.1,0.837,56,23.5,136.2,Floresta,Baixo
PR,Mata Atlântica,-25.00505,-51.25473,Julho,29.9,25.7,500.0,0.196,123,2.6,2282.3,Pastagem,Alto
RS,Pampa,-30.71617,-51.06444,Outubro,37.5,74.6,12.6,0.524,6,16.9,675.6,Cerrado/Savana,Baixo
PR,Mata Atlântica,-24.69559,-50.19102,Fevereiro,36.7,27.6,84.7,0.658,50,14.1,2917.8,Floresta,Médio
GO,Cerrado,-15.69049,-49.68629,Abril,17.7,69.1,227.1,-0.029,32,9.0,4605.7,Agricultura,Alto
MT,Cerrado/Amazônia,-11.90548,-55.61852,Novembro,40.2,25.4,42.9,0.528,65,12.5,45.9,Pastagem,Médio
PA,Amazônia,-7.01551,-54.60848,Junho,18.0,17.7,36.2,0.353,183,0.0,3344.4,Cerrado/Savana,Médio
BA,Caatinga,-10.03678,-40.64389,Março,32.1,31.3,265.7,0.637,42,13.0,3963.8,Floresta,Alto
SP,Mata Atlântica,-23.87908,-46.60045,Março,33.2,34.2,43.6,0.724,18,3.1,3725.0,Pastagem,Baixo
MT,Cerrado/Amazônia,-13.26884,-56.60308,Junho,33.4,65.0,126.5,0.793,25,36.9,108.6,Cerrado/Savana,Alto
AM,Amazônia,-4.92776,-60.95975,Janeiro,22.2,23.7,161.8,-0.052,49,3.0,877.7,Área Urbana,Alto
CE,Caatinga,-4.83682,-39.33256,Janeiro,23.9,89.1,186.5,0.086,11,38.1,481.1,Pastagem,Alto
PA,Amazônia,-6.88091,-51.9436,Maio,29.8,57.1,500.0,0.817,14,19.7,436.4,Floresta,Alto
SP,Mata Atlântica,-24.85646,-47.66823,Janeiro,20.4,51.7,195.1,0.036,42,20.5,3653.6,Pastagem,Médio
RS,Pampa,-29.89857,-47.469,Outubro,15.5,46.9,128.4,0.385,88,31.5,2129.7,Pastagem,Médio
CE,Caatinga,-4.8428,-43.5032,Agosto,30.2,58.2,271.0,0.699,31,27.8,3626.9,Agricultura,Alto
GO,Cerrado,-16.79375,-48.81441,Fevereiro,27.6,11.9,283.4,0.851,21,9.5,1810.2,Área Urbana,Alto
MT,Cerrado/Amazônia,-14.37269,-55.67335,Junho,32.7,71.0,434.2,0.077,0,1.0,0.7,Corpo d'Água,Alto
SP,Mata Atlântica,-23.31177,-45.14301,Outubro,19.0,57.4,179.8,0.357,47,31.1,3595.1,Agricultura,Alto
MG,Cerrado,-19.34828,-45.50518,Outubro,37.7,13.0,26.0,0.336,49,5.2,3134.0,Pastagem,Médio
BA,Caatinga,-11.73252,-41.71129,Maio,18.9,60.1,148.5,0.805,21,23.9,573.8,Floresta,Alto
BA,Caatinga,-12.68203,-39.34655,Outubro,39.1,47.2,9.4,0.303,30,37.7,4622.6,Cerrado/Savana,Baixo
PA,Amazônia,-4.63379,-55.71488,Dezembro,27.1,12.0,45.9,0.771,71,22.0,1551.5,Cerrado/Savana,Médio
RS,Pampa,-28.8314,-50.18155,Dezembro,29.8,88.6,14.8,0.759,21,11.4,3277.1,Floresta,Baixo
PA,Amazônia,-3.76263,-54.13955,Abril,39.2,10.9,359.4,0.667,55,7.2,169.6,Floresta,Alto
MG,Cerrado,-18.02279,-44.38255,Janeiro,23.1,89.6,49.6,-0.028,0,1.1,11.5,Corpo d'Água,Baixo
AM,Amazônia,-4.90645,-60.79985,Março,19.9,91.8,149.9,0.022,114,24.9,4822.2,Agricultura,Médio
RS,Pampa,-30.39232,-49.5009,Dezembro,27.0,30.2,101.6,0.883,68,22.3,4433.7,Cerrado/Savana,Baixo
PR,Mata Atlântica,-26.00429,-53.74088,Abril,21.6,31.6,13.6,0.807,5,18.5,1114.5,Floresta,Baixo
AM,Amazônia,-3.83385,-61.87213,Fevereiro,29.3,10.0,98.9,0.786,14,7.8,4396.9,Pastagem,Baixo
RS,Pampa,-30.83129,-55.82669,Dezembro,22.4,15.6,129.8,0.696,3,9.5,1472.4,Floresta,Médio
RS,Pampa,-29.45453,-50.66153,Fevereiro,38.3,13.8,256.0,0.467,54,38.3,4262.6,Floresta,Alto
MG,Cerrado,-17.47925,-45.12074,Fevereiro,31.4,79.9,8.7,0.8,25,0.8,3648.8,Floresta,Baixo
GO,Cerrado,-16.48258,-47.67952,Novembro,15.0,81.1,42.1,0.601,42,14.5,1766.7,Cerrado/Savana,Baixo
MG,Cerrado,-20.87311,-44.92068,Janeiro,36.7,71.8,141.5,0.771,18,1.6,4554.8,Pastagem,Baixo
RS,Pampa,-29.81655,-50.32097,Outubro,23.9,40.0,4.2,0.852,104,7.7,2431.5,Floresta,Médio
SP,Mata Atlântica,-23.29535,-48.01299,Fevereiro,23.6,79.8,27.3,0.689,14,37.3,1595.3,Floresta,Baixo
AM,Amazônia,-1.71858,-62.21714,Junho,25.3,55.9,29.6,0.742,74,6.0,1405.6,Cerrado/Savana,Baixo
MG,Cerrado,-21.012,-44.23624,Março,32.0,35.9,132.8,-0.091,80,24.0,4695.9,Cerrado/Savana,Médio
GO,Cerrado,-15.11708,-46.89888,Outubro,26.9,47.2,40.4,0.569,46,13.9,3795.3,Agricultura,Baixo
MT,Cerrado/Amazônia,-12.06687,-59.14304,Maio,32.0,15.6,109.8,0.205,57,25.3,1756.0,Pastagem,Médio
PA,Amazônia,-7.71035,-50.84194,Janeiro,19.0,90.3,403.5,0.355,7,34.1,1278.3,Pastagem,Alto
RS,Pampa,-31.2342,-53.55437,Agosto,41.2,62.6,189.1,-0.006,21,11.5,1066.0,Pastagem,Alto
PR,Mata Atlântica,-23.38923,-52.2636,Abril,34.7,72.2,48.6,0.182,26,3.1,1230.0,Cerrado/Savana,Baixo
MT,Cerrado/Amazônia,-11.25948,-58.29208,Setembro,21.8,67.5,76.7,0.533,16,8.2,563.8,Cerrado/Savana,Médio
BA,Caatinga,-10.36928,-40.3919,Abril,34.6,66.8,26.9,0.118,23,17.6,2428.8,Agricultura,Baixo
CE,Caatinga,-6.18403,-42.14059,Fevereiro,30.5,11.5,1.9,0.548,25,20.6,215.0,Agricultura,Médio
GO,Cerrado,-12.37225,-50.15531,Março,17.9,54.7,41.1,0.727,71,37.7,67.5,Floresta,Médio
PR,Mata Atlântica,-26.0341,-49.47054,Maio,19.8,81.6,55.3,-0.169,0,0.6,10.7,Corpo d'Água,Baixo
CE,Caatinga,-3.68136,-37.87581,Dezembro,16.1,13.8,99.7,0.686,4,30.3,451.5,Área Urbana,Alto
GO,Cerrado,-15.97776,-47.01842,Outubro,36.8,91.3,346.0,0.541,26,2.9,4227.6,Área Urbana,Alto
SP,Mata Atlântica,-25.51593,-47.45807,Junho,29.9,46.1,354.4,-0.053,39,3.1,542.6,Cerrado/Savana,Alto
PA,Amazônia,-4.95518,-50.97783,Julho,23.6,34.6,8.7,0.69,17,26.2,2717.9,Agricultura,Baixo
MT,Cerrado/Amazônia,-11.68826,-57.0443,Abril,18.4,55.2,114.4,0.125,19,36.4,3380.8,Pastagem,Médio
AM,Amazônia,-4.18272,-60.45973,Julho,28.1,78.1,5.2,0.715,5,11.5,1153.5,Floresta,Baixo
GO,Cerrado,-14.68341,-51.15179,Outubro,29.2,50.4,125.3,-0.006,20,10.8,4442.4,Agricultura,Baixo
AM,Amazônia,-4.8264,-63.03823,Março,34.0,64.8,15.0,0.434,18,24.7,2412.1,Cerrado/Savana,Baixo
PA,Amazônia,-6.55064,-51.18524,Julho,41.2,52.5,351.2,0.68,31,31.1,1583.4,Floresta,Alto
RS,Pampa,-29.3764,-50.39332,Abril,26.7,63.7,239.7,0.247,53,34.8,4506.6,Área Urbana,Alto
BA,Caatinga,-12.2925,-41.34184,Agosto,26.0,21.7,2.7,0.069,19,10.0,4293.1,Área Urbana,Médio
MT,Cerrado/Amazônia,-15.05273,-55.72872,Setembro,25.0,13.3,182.9,0.738,25,29.6,3551.0,Área Urbana,Alto
PA,Amazônia,-6.38522,-52.77973,Julho,37.3,21.6,121.2,0.576,72,12.3,1459.5,Área Urbana,Médio
PA,Amazônia,-6.24976,-52.51119,Agosto,19.2,34.3,82.1,0.441,87,21.8,1957.1,Pastagem,Médio
SP,Mata Atlântica,-22.69036,-48.14328,Agosto,24.3,31.5,110.7,0.144,20,7.6,3451.8,Pastagem,Baixo
CE,Caatinga,-4.72088,-40.3235,Fevereiro,34.6,62.3,136.1,-0.004,53,5.8,934.6,Área Urbana,Alto
BA,Caatinga,-10.59781,-43.37194,Setembro,15.4,48.8,259.0,0.818,43,37.4,2480.6,Floresta,Alto
MT,Cerrado/Amazônia,-14.18377,-57.45936,Junho,22.8,13.3,175.0,-0.004,30,21.9,3691.2,Agricultura,Médio
RS,Pampa,-31.41847,-51.56657,Novembro,32.3,13.0,102.8,-0.087,8,0.2,3292.0,Pastagem,Baixo
RS,Pampa,-30.82183,-51.09738,Abril,20.0,79.7,208.9,0.013,0,31.7,28.2,Corpo d'Água,Alto
MG,Cerrado,-16.99789,-44.44308,Maio,23.2,40.0,500.0,0.631,6,27.6,4460.7,Pastagem,Alto
PA,Amazônia,-5.29647,-54.31598,Outubro,28.1,10.5,42.8,0.63,19,13.0,4841.8,Floresta,Baixo
GO,Cerrado,-16.03109,-50.47263,Maio,26.4,52.0,15.1,-0.049,24,18.6,2297.3,Agricultura,Baixo
SP,Mata Atlântica,-22.52754,-47.77685,Julho,17.9,40.7,157.8,0.59,71,18.0,309.3,Pastagem,Alto
BA,Caatinga,-13.87098,-41.22386,Setembro,40.3,57.2,461.3,0.725,20,11.0,4173.4,Floresta,Alto
RS,Pampa,-27.05985,-51.49392,Julho,16.2,71.3,14.9,0.857,82,39.2,598.7,Floresta,Baixo
MT,Cerrado/Amazônia,-12.42769,-55.49797,Setembro,35.2,31.3,67.8,0.111,26,21.8,1105.0,Pastagem,Médio
MG,Cerrado,-17.74514,-43.77528,Abril,16.9,23.4,7.7,0.798,29,35.9,3269.3,Floresta,Baixo
MT,Cerrado/Amazônia,-12.82279,-57.0336,Outubro,27.6,33.6,179.8,0.379,15,23.4,3731.2,Área Urbana,Alto
SP,Mata Atlântica,-24.68272,-45.90044,Outubro,19.7,10.1,356.4,0.631,10,27.6,3476.3,Floresta,Alto
GO,Cerrado,-15.13467,-48.76425,Abril,18.8,20.2,82.9,0.446,22,1.2,2198.1,Pastagem,Baixo
MG,Cerrado,-19.24216,-43.3048,Junho,18.4,73.8,63.2,0.187,101,20.5,4591.2,Cerrado/Savana,Baixo
MG,Cerrado,-16.81,-46.37094,Agosto,27.2,28.9,286.0,0.15,48,28.9,4162.7,Cerrado/Savana,Alto
CE,Caatinga,-5.54531,-37.88746,Setembro,28.9,94.5,17.2,0.854,21,4.9,3321.8,Floresta,Baixo
BA,Caatinga,-13.55433,-40.90686,Janeiro,18.6,24.3,266.6,0.297,27,27.1,2211.0,Pastagem,Alto
MG,Cerrado,-18.49714,-44.05368,Janeiro,41.4,77.0,59.7,0.385,24,3.4,2324.5,Pastagem,Baixo
CE,Caatinga,-5.04142,-38.53074,Agosto,22.0,69.9,98.4,0.643,13,32.3,888.1,Pastagem,Médio
CE,Caatinga,-6.63228,-41.01998,Novembro,27.4,37.4,90.2,-0.033,9,39.1,3900.7,Área Urbana,Médio
SP,Mata Atlântica,-21.35323,-43.47946,Julho,20.8,38.1,114.8,0.824,56,25.1,4331.2,Pastagem,Médio
AM,Amazônia,-3.47813,-59.6471,Setembro,28.3,57.9,341.9,0.164,35,3.1,4138.1,Agricultura,Alto
MT,Cerrado/Amazônia,-13.83766,-57.71738,Novembro,35.4,82.5,362.2,0.267,23,23.5,2740.0,Cerrado/Savana,Alto
GO,Cerrado,-13.64377,-48.63384,Março,29.1,42.8,213.4,-0.052,56,29.6,4191.3,Cerrado/Savana,Alto
PR,Mata Atlântica,-22.48036,-50.84717,Outubro,22.7,15.2,25.5,0.804,67,37.3,3954.1,Floresta,Baixo
MT,Cerrado/Amazônia,-14.19882,-56.58463,Dezembro,21.7,41.8,48.7,0.736,15,1.8,4163.5,Floresta,Baixo
MG,Cerrado,-16.707,-44.7491,Maio,35.5,27.6,80.3,0.629,70,31.0,4909.8,Cerrado/Savana,Baixo
GO,Cerrado,-16.25965,-49.11422,Março,18.2,89.8,283.0,0.848,22,5.3,4051.9,Floresta,Alto
RS,Pampa,-30.86926,-50.78675,Maio,25.0,69.3,88.3,0.157,40,31.6,1360.7,Agricultura,Médio
AM,Amazônia,-3.37475,-62.95562,Outubro,19.1,14.3,455.0,0.626,32,35.5,4106.1,Pastagem,Alto
RS,Pampa,-28.55889,-50.26102,Janeiro,22.0,79.4,495.0,-0.189,0,34.4,24.4,Corpo d'Água,Alto
RS,Pampa,-30.56051,-51.25244,Novembro,19.1,14.3,109.5,0.837,64,26.1,2585.8,Área Urbana,Médio
BA,Caatinga,-12.98691,-42.65797,Abril,38.9,82.5,252.0,-0.11,0,20.0,20.1,Corpo d'Água,Alto
MT,Cerrado/Amazônia,-15.2274,-57.64574,Junho,34.8,87.0,500.0,0.605,26,35.0,1590.4,Cerrado/Savana,Alto
PR,Mata Atlântica,-25.82604,-51.37766,Fevereiro,30.1,19.5,227.4,-0.033,17,20.8,140.2,Cerrado/Savana,Alto
SP,Mata Atlântica,-22.88895,-47.83328,Julho,21.1,47.4,128.4,0.38,28,7.6,3593.5,Cerrado/Savana,Médio
PR,Mata Atlântica,-24.32975,-52.98437,Agosto,28.8,83.8,223.8,0.077,0,37.7,23.8,Corpo d'Água,Alto
RS,Pampa,-30.21794,-52.13363,Janeiro,29.1,22.3,10.4,0.553,9,14.9,4640.2,Cerrado/Savana,Baixo
MG,Cerrado,-17.39074,-44.37484,Abril,30.9,34.8,120.9,0.676,10,25.0,3996.6,Floresta,Médio
AM,Amazônia,-3.63525,-63.15787,Novembro,16.6,35.9,29.3,0.614,49,8.0,4676.4,Floresta,Baixo
PA,Amazônia,-6.03326,-49.98641,Abril,41.3,12.6,14.8,0.02,38,4.4,4105.1,Cerrado/Savana,Médio
PR,Mata Atlântica,-25.64163,-50.83089,Maio,27.6,13.1,268.0,0.295,16,22.0,160.2,Pastagem,Alto
RS,Pampa,-30.19897,-50.55376,Dezembro,40.0,91.0,122.5,0.148,11,22.2,1754.8,Pastagem,Médio
AM,Amazônia,-2.21454,-62.75097,Dezembro,15.3,58.5,33.5,-0.061,48,14.8,1687.2,Agricultura,Baixo
GO,Cerrado,-14.76534,-45.70504,Abril,21.7,36.1,58.7,0.219,37,12.5,1103.6,Pastagem,Baixo
MT,Cerrado/Amazônia,-11.82869,-54.49963,Setembro,17.8,42.2,434.7,0.693,77,15.0,3991.7,Cerrado/Savana,Alto
CE,Caatinga,-4.37843,-41.04794,Julho,35.8,70.8,237.8,0.831,32,31.8,2605.2,Floresta,Alto
BA,Caatinga,-12.16646,-42.19558,Fevereiro,23.6,41.2,1.9,0.223,19,14.3,4183.1,Pastagem,Baixo
AM,Amazônia,-4.36391,-62.32888,Janeiro,37.7,29.4,468.3,0.431,88,36.9,3010.7,Floresta,Alto
MG,Cerrado,-18.74213,-46.13989,Setembro,37.5,18.7,55.2,-0.1,44,4.5,2957.1,Cerrado/Savana,Médio
MG,Cerrado,-14.44731,-43.33819,Janeiro,33.0,72.0,142.7,0.667,11,37.3,1926.9,Área Urbana,Alto
AM,Amazônia,-3.10341,-62.08518,Junho,33.0,25.3,149.7,0.383,51,27.6,3950.1,Pastagem,Médio
MG,Cerrado,-16.70648,-41.43664,Fevereiro,33.9,15.9,291.2,0.639,31,13.8,3418.6,Floresta,Alto
MT,Cerrado/Amazônia,-11.65237,-56.73821,Abril,33.2,46.3,259.6,0.293,18,0.3,1700.4,Agricultura,Alto
MG,Cerrado,-16.30103,-44.33646,Junho,25.4,13.4,39.7,0.608,20,32.1,4967.9,Cerrado/Savana,Baixo
PR,Mata Atlântica,-24.23703,-50.04848,Maio,33.4,92.0,123.8,-0.03,9,38.8,2319.3,Pastagem,Médio
CE,Caatinga,-5.67972,-42.76375,Novembro,39.2,63.3,60.0,0.829,26,39.3,1589.8,Pastagem,Médio
MG,Cerrado,-19.16262,-43.3905,Junho,24.0,23.0,89.5,0.245,66,16.9,3442.1,Agricultura,Médio
CE,Caatinga,-4.04617,-37.63599,Março,40.5,24.7,97.1,0.467,93,2.8,1121.8,Floresta,Médio
RS,Pampa,-30.62525,-48.85861,Maio,15.4,58.4,60.6,0.038,54,12.6,4154.9,Área Urbana,Médio
SP,Mata Atlântica,-23.2724,-45.72338,Fevereiro,24.4,40.3,74.8,0.696,35,12.4,3405.0,Floresta,Baixo
MT,Cerrado/Amazônia,-11.32458,-58.9925,Julho,18.6,75.8,28.0,0.664,14,4.1,4351.6,Floresta,Baixo
SP,Mata Atlântica,-25.05735,-48.18714,Março,18.4,56.4,112.3,-0.046,55,21.0,1652.0,Cerrado/Savana,Médio
RS,Pampa,-28.42167,-51.68818,Janeiro,37.0,46.8,170.7,0.055,39,24.2,4273.6,Cerrado/Savana,Médio
MT,Cerrado/Amazônia,-9.63863,-56.91494,Agosto,39.8,91.9,67.4,0.718,40,29.2,2509.6,Floresta,Baixo
AM,Amazônia,-5.67706,-63.22863,Agosto,36.0,43.2,456.3,0.81,96,2.0,305.2,Floresta,Alto
AM,Amazônia,-3.29394,-61.44722,Março,41.4,44.1,7.1,0.205,66,11.0,978.9,Cerrado/Savana,Médio
CE,Caatinga,-6.57726,-38.79728,Julho,20.8,66.6,106.7,0.897,4,14.2,1096.1,Agricultura,Médio
RS,Pampa,-28.77669,-52.19142,Setembro,18.8,78.8,105.1,0.636,28,35.7,3842.3,Floresta,Médio
CE,Caatinga,-2.14626,-40.44899,Agosto,29.1,63.2,4.4,0.744,75,36.1,1023.6,Floresta,Baixo
BA,Caatinga,-14.07982,-43.99383,Março,37.4,69.4,30.5,0.336,91,10.4,2814.0,Agricultura,Médio
MG,Cerrado,-16.67904,-44.51568,Fevereiro,16.1,41.7,283.2,0.61,76,19.5,3266.2,Cerrado/Savana,Alto
PA,Amazônia,-6.25893,-54.94121,Outubro,41.9,50.8,94.4,0.36,27,17.0,3871.5,Cerrado/Savana,Baixo
BA,Caatinga,-13.16388,-38.12783,Julho,31.3,26.7,68.8,0.228,12,21.1,3921.6,Cerrado/Savana,Baixo
MG,Cerrado,-21.72673,-45.49749,Julho,41.4,67.8,64.4,0.419,33,11.4,3590.8,Cerrado/Savana,Baixo
MT,Cerrado/Amazônia,-9.99082,-55.04654,Setembro,24.9,28.8,262.9,0.327,57,18.5,1073.8,Agricultura,Alto
CE,Caatinga,-5.95594,-39.34461,Maio,27.4,10.1,54.9,0.682,12,5.8,2721.9,Floresta,Baixo
MT,Cerrado/Amazônia,-11.98559,-56.71924,Abril,35.3,89.4,235.2,0.396,21,28.4,1457.9,Cerrado/Savana,Alto
MT,Cerrado/Amazônia,-10.00332,-56.41037,Agosto,36.4,36.0,44.4,0.714,6,14.8,3877.7,Floresta,Baixo
MG,Cerrado,-16.80673,-44.2776,Abril,21.3,26.7,91.0,0.567,5,21.7,3743.0,Cerrado/Savana,Baixo
RS,Pampa,-33.07858,-53.01862,Abril,40.1,32.8,18.6,0.846,33,24.2,1155.9,Floresta,Baixo
MG,Cerrado,-19.98732,-44.92393,Dezembro,38.4,38.1,209.2,0.374,16,33.5,3210.3,Cerrado/Savana,Alto
GO,Cerrado,-12.71238,-49.29638,Dezembro,15.5,50.3,159.8,0.242,20,3.3,301.6,Pastagem,Médio
AM,Amazônia,-3.62868,-60.36216,Fevereiro,18.5,15.9,90.6,0.007,15,19.3,3845.1,Pastagem,Baixo
AM,Amazônia,-5.64783,-62.95454,Janeiro,28.4,14.5,3.1,0.661,62,35.8,3903.2,Agricultura,Médio
BA,Caatinga,-13.53599,-41.10294,Abril,27.4,34.9,78.8,0.818,41,13.2,1741.6,Agricultura,Baixo
AM,Amazônia,-2.12625,-61.51277,Julho,34.1,35.1,30.6,0.118,7,17.8,4033.2,Pastagem,Baixo
MG,Cerrado,-17.77903,-45.09166,Dezembro,17.4,20.0,64.0,0.826,64,3.4,4292.9,Cerrado/Savana,Baixo
PR,Mata Atlântica,-24.40886,-52.80976,Setembro,32.4,44.4,232.9,0.879,9,30.0,958.4,Floresta,Alto
CE,Caatinga,-4.08879,-40.4009,Setembro,31.6,34.1,176.2,0.673,51,3.4,1761.0,Floresta,Médio
MG,Cerrado,-20.19226,-44.49327,Dezembro,21.3,12.2,33.2,0.789,19,25.2,1312.8,Floresta,Baixo
MG,Cerrado,-21.37967,-42.33844,Outubro,29.6,93.6,500.0,0.003,0,15.0,45.0,Corpo d'Água,Alto
PA,Amazônia,-4.34435,-52.22455,Janeiro,21.0,85.3,280.2,-0.047,58,13.5,2240.1,Agricultura,Alto
CE,Caatinga,-7.53553,-40.70029,Maio,19.0,27.8,90.3,0.265,38,23.4,2554.7,Cerrado/Savana,Médio
GO,Cerrado,-15.76916,-50.23466,Julho,30.5,23.8,90.6,-0.053,18,22.7,185.2,Cerrado/Savana,Médio
AM,Amazônia,-6.00285,-64.19464,Julho,41.4,56.5,277.8,0.004,22,16.2,285.3,Agricultura,Alto
CE,Caatinga,-5.52464,-41.57493,Outubro,21.4,63.6,121.3,0.042,12,11.1,3279.6,Pastagem,Médio
AM,Amazônia,-1.41292,-61.47819,Junho,24.6,91.4,92.3,-0.098,55,20.3,2219.3,Cerrado/Savana,Médio
BA,Caatinga,-13.7852,-39.94627,Novembro,21.9,42.1,165.9,0.053,15,10.7,457.8,Cerrado/Savana,Alto
CE,Caatinga,-3.64844,-39.21656,Outubro,22.2,62.5,32.2,0.74,17,4.1,1937.3,Floresta,Baixo
AM,Amazônia,-3.52938,-62.66771,Abril,25.9,84.6,252.8,0.72,58,32.0,2382.7,Área Urbana,Alto
GO,Cerrado,-16.63991,-51.84519,Março,34.0,48.2,91.0,0.093,49,28.1,3181.6,Cerrado/Savana,Médio
SP,Mata Atlântica,-21.25751,-47.41077,Dezembro,16.0,20.4,111.0,-0.019,13,3.4,600.5,Agricultura,Médio
MT,Cerrado/Amazônia,-12.6377,-58.28537,Setembro,40.8,42.1,11.3,0.63,32,6.5,4974.1,Pastagem,Médio
MT,Cerrado/Amazônia,-13.06918,-52.64383,Dezembro,16.2,21.6,44.4,-0.092,34,4.0,2378.8,Agricultura,Baixo
GO,Cerrado,-16.919,-47.66711,Outubro,38.8,11.4,66.8,0.434,47,31.6,3407.1,Cerrado/Savana,Médio
PA,Amazônia,-5.58171,-51.71009,Abril,39.1,73.9,64.1,0.031,28,30.9,4542.0,Agricultura,Baixo
SP,Mata Atlântica,-21.68313,-46.2216,Agosto,29.2,30.3,180.8,0.128,99,16.3,168.8,Agricultura,Alto
BA,Caatinga,-13.10756,-41.97914,Janeiro,18.7,10.2,39.8,0.808,29,32.9,3010.8,Floresta,Baixo
GO,Cerrado,-16.05864,-47.04344,Julho,30.3,84.2,24.1,0.634,24,39.0,2706.4,Floresta,Baixo
MT,Cerrado/Amazônia,-14.90619,-59.57609,Dezembro,32.0,90.6,104.9,-0.095,0,38.8,16.8,Corpo d'Água,Médio
MT,Cerrado/Amazônia,-15.23608,-58.2609,Junho,38.2,30.3,114.5,0.77,4,39.2,3468.2,Floresta,Médio
MT,Cerrado/Amazônia,-11.62988,-55.77787,Dezembro,29.9,32.3,15.6,0.894,69,33.9,1111.7,Pastagem,Médio
RS,Pampa,-30.94125,-51.27274,Janeiro,26.1,30.4,0.3,0.227,39,8.7,3512.4,Agricultura,Médio
GO,Cerrado,-17.50445,-51.37533,Abril,37.6,26.5,299.6,0.688,63,2.3,1819.5,Floresta,Alto
MG,Cerrado,-17.6402,-42.97847,Dezembro,41.5,81.5,10.0,0.09,12,32.5,3852.9,Agricultura,Baixo
BA,Caatinga,-13.29523,-39.24748,Maio,32.4,24.5,273.8,0.088,29,12.3,4709.4,Cerrado/Savana,Alto
MT,Cerrado/Amazônia,-11.23159,-54.53241,Novembro,38.6,57.8,61.1,0.611,36,13.5,4304.0,Floresta,Baixo
AM,Amazônia,-3.92141,-59.93897,Agosto,31.2,16.6,127.0,-0.049,43,2.9,2418.0,Pastagem,Médio
GO,Cerrado,-12.56069,-50.45878,Abril,33.6,90.7,24.6,0.701,45,28.6,1134.1,Agricultura,Baixo
RS,Pampa,-30.26125,-52.65158,Março,33.6,61.3,208.4,0.34,41,17.2,4962.2,Pastagem,Médio
GO,Cerrado,-17.54632,-51.53883,Fevereiro,34.0,86.8,23.8,0.599,39,8.2,3300.9,Área Urbana,Baixo
BA,Caatinga,-13.7972,-41.28789,Abril,23.7,43.8,58.6,0.856,26,26.1,1985.8,Floresta,Baixo
RS,Pampa,-31.1838,-50.86376,Novembro,30.5,78.9,32.6,0.542,44,39.2,2412.8,Agricultura,Baixo
BA,Caatinga,-12.18273,-42.40519,Outubro,31.0,82.6,218.1,0.882,106,19.9,649.0,Floresta,Alto
GO,Cerrado,-15.92396,-50.63187,Abril,23.5,69.8,234.5,0.608,43,24.3,2531.4,Floresta,Alto
MG,Cerrado,-18.97611,-45.76329,Outubro,24.4,17.9,55.8,0.197,33,6.5,874.1,Pastagem,Baixo
BA,Caatinga,-12.45384,-42.60082,Maio,35.6,11.4,44.1,0.637,157,6.4,1835.1,Floresta,Alto
RS,Pampa,-31.7791,-50.33986,Julho,30.7,24.3,178.2,0.776,64,18.3,2463.9,Floresta,Médio
RS,Pampa,-29.08906,-49.56245,Setembro,19.0,20.0,253.0,0.768,24,33.8,4739.5,Área Urbana,Alto
BA,Caatinga,-14.1166,-42.42139,Fevereiro,37.6,71.6,117.4,0.472,15,36.4,3127.2,Área Urbana,Alto
PR,Mata Atlântica,-24.54426,-52.30306,Maio,38.8,57.3,314.7,0.75,36,25.7,1865.7,Floresta,Alto
GO,Cerrado,-14.97363,-49.0931,Novembro,27.6,54.7,58.0,-0.042,30,14.4,574.3,Pastagem,Médio
PR,Mata Atlântica,-24.17106,-49.3605,Outubro,20.6,31.5,19.8,0.765,0,30.0,3738.5,Floresta,Baixo
PA,Amazônia,-4.57388,-52.49916,Setembro,40.6,23.1,23.8,0.652,82,11.7,2339.6,Área Urbana,Médio
GO,Cerrado,-16.1203,-50.0258,Dezembro,38.8,27.6,133.0,-0.1,33,8.8,350.1,Cerrado/Savana,Médio
BA,Caatinga,-14.17632,-44.34857,Março,21.6,44.0,62.8,0.257,46,31.8,3287.8,Cerrado/Savana,Baixo
SP,Mata Atlântica,-22.85437,-44.79455,Janeiro,17.6,72.9,20.4,0.78,80,30.1,1757.0,Pastagem,Baixo
BA,Caatinga,-13.07517,-39.31936,Fevereiro,26.9,31.6,41.5,0.688,16,35.3,2025.4,Floresta,Baixo
PR,Mata Atlântica,-25.15477,-54.48066,Junho,33.3,69.4,90.8,0.878,53,23.1,4195.9,Floresta,Baixo
MG,Cerrado,-17.13263,-45.26893,Maio,19.7,51.8,15.5,0.879,27,35.9,695.2,Cerrado/Savana,Baixo
BA,Caatinga,-11.06683,-43.61629,Janeiro,28.9,89.3,0.4,-0.04,0,1.1,23.6,Corpo d'Água,Baixo
BA,Caatinga,-11.96193,-42.90069,Janeiro,26.5,29.8,299.1,0.812,43,10.1,1824.7,Agricultura,Alto
MG,Cerrado,-18.20789,-43.40009,Novembro,39.0,48.3,43.6,0.042,24,32.2,26.6,Área Urbana,Médio
BA,Caatinga,-11.7784,-41.59595,Abril,26.6,18.2,30.0,0.673,42,16.9,4228.2,Floresta,Médio
MT,Cerrado/Amazônia,-14.74769,-55.82448,Dezembro,29.4,93.5,143.9,-0.036,0,9.6,19.2,Corpo d'Água,Alto
SP,Mata Atlântica,-22.00285,-48.1945,Abril,40.8,53.1,230.4,0.402,89,31.8,3312.6,Agricultura,Alto
AM,Amazônia,-4.81404,-60.60966,Junho,23.1,72.3,120.1,0.199,95,32.9,4495.7,Cerrado/Savana,Médio
SP,Mata Atlântica,-23.86266,-47.93517,Junho,22.8,26.8,35.2,0.784,54,18.3,1371.7,Área Urbana,Médio
BA,Caatinga,-12.17117,-42.65779,Outubro,36.6,28.5,237.3,0.601,58,18.7,1110.9,Agricultura,Alto
MT,Cerrado/Amazônia,-12.43844,-57.53981,Junho,22.5,63.7,85.7,0.192,55,31.2,351.9,Agricultura,Médio
GO,Cerrado,-16.32127,-48.1744,Janeiro,37.5,42.5,57.6,0.056,16,30.9,2964.1,Agricultura,Baixo
BA,Caatinga,-16.28279,-40.86787,Outubro,17.6,51.0,111.4,0.049,22,34.7,2486.8,Agricultura,Médio
PR,Mata Atlântica,-23.47182,-52.48299,Setembro,18.0,81.1,144.7,0.384,0,25.8,4053.9,Área Urbana,Médio
MT,Cerrado/Amazônia,-11.27335,-58.35854,Novembro,39.3,52.4,108.1,0.613,33,7.4,2411.6,Floresta,Médio
MG,Cerrado,-19.49998,-45.71275,Julho,29.6,97.2,303.5,0.081,0,22.0,19.3,Corpo d'Água,Alto
MT,Cerrado/Amazônia,-11.25306,-59.53742,Julho,34.4,65.8,118.7,0.362,25,15.3,4049.9,Área Urbana,Médio
MG,Cerrado,-16.04978,-45.00741,Novembro,21.1,78.3,253.0,0.784,31,1.1,2282.7,Cerrado/Savana,Alto
PA,Amazônia,-4.61763,-51.93694,Julho,19.5,64.2,106.1,0.75,55,7.9,4779.6,Floresta,Baixo
AM,Amazônia,-3.24315,-63.12103,Fevereiro,37.5,15.5,48.0,0.261,76,8.2,2677.0,Cerrado/Savana,Médio
CE,Caatinga,-3.23644,-40.42228,Fevereiro,24.7,39.1,91.2,0.643,16,3.3,592.5,Agricultura,Médio
MT,Cerrado/Amazônia,-13.77687,-55.60343,Junho,27.3,94.1,10.8,0.496,18,18.1,4256.6,Pastagem,Baixo
RS,Pampa,-29.81138,-49.19327,Julho,15.8,26.7,31.4,0.781,48,20.3,4393.3,Floresta,Baixo
PR,Mata Atlântica,-24.984,-52.52631,Março,25.4,59.9,174.4,0.502,14,13.6,2232.7,Cerrado/Savana,Médio
BA,Caatinga,-12.16788,-42.37143,Abril,35.8,79.6,130.0,-0.012,0,16.5,18.7,Corpo d'Água,Alto
PR,Mata Atlântica,-25.82288,-50.30217,Dezembro,37.2,59.9,21.9,0.145,11,22.0,158.3,Agricultura,Médio
SP,Mata Atlântica,-20.80267,-46.99969,Março,33.9,41.6,69.2,0.752,5,4.8,1762.2,Floresta,Baixo
CE,Caatinga,-6.56211,-39.88018,Julho,33.7,16.8,18.4,0.443,6,22.5,3584.0,Pastagem,Médio
SP,Mata Atlântica,-22.7778,-46.24378,Julho,28.7,40.7,232.4,0.889,26,28.4,1661.9,Área Urbana,Alto
PA,Amazônia,-3.74865,-51.73237,Abril,29.5,25.5,13.9,0.882,28,35.0,48.6,Floresta,Médio
CE,Caatinga,-6.75511,-40.38998,Julho,35.1,91.7,127.4,0.645,43,12.1,4244.4,Floresta,Médio
CE,Caatinga,-7.17125,-37.93298,Maio,21.7,70.8,112.1,0.512,110,29.9,4844.0,Agricultura,Baixo
SP,Mata Atlântica,-26.53783,-48.555,Janeiro,21.3,73.7,76.8,0.124,110,24.2,1738.4,Pastagem,Médio
MG,Cerrado,-19.2777,-43.70412,Outubro,40.6,47.1,39.1,0.765,28,20.1,374.6,Floresta,Baixo
SP,Mata Atlântica,-24.33248,-47.17784,Abril,15.7,82.8,62.1,-0.183,0,36.8,19.9,Corpo d'Água,Médio
PR,Mata Atlântica,-25.40829,-51.29083,Julho,18.8,32.7,197.0,0.847,31,24.8,3997.0,Pastagem,Alto
MG,Cerrado,-20.34077,-45.97077,Fevereiro,30.4,32.1,172.0,0.131,15,14.6,2715.9,Cerrado/Savana,Médio
PR,Mata Atlântica,-22.36861,-50.9464,Fevereiro,34.9,51.4,161.1,0.071,37,28.5,1926.1,Cerrado/Savana,Médio
PA,Amazônia,-4.39883,-52.64296,Janeiro,29.5,49.2,166.3,0.461,15,38.4,1677.8,Agricultura,Alto
BA,Caatinga,-12.79042,-41.0143,Fevereiro,24.6,46.8,18.6,0.487,25,36.7,585.8,Cerrado/Savana,Médio
GO,Cerrado,-14.73858,-48.57089,Outubro,41.4,52.2,12.5,0.562,15,39.2,1704.2,Pastagem,Médio
MG,Cerrado,-18.69984,-43.11694,Agosto,34.0,93.9,237.2,0.641,9,3.8,2355.8,Cerrado/Savana,Alto
PA,Amazônia,-9.23933,-51.39157,Novembro,37.4,35.4,217.8,0.501,14,17.7,3369.0,Pastagem,Alto
RS,Pampa,-30.67036,-50.39993,Agosto,16.1,62.3,137.2,0.012,33,17.3,1317.8,Agricultura,Médio
PA,Amazônia,-6.51399,-54.72004,Agosto,21.4,30.4,111.7,0.69,15,15.4,4487.9,Agricultura,Baixo
SP,Mata Atlântica,-23.04044,-48.8823,Janeiro,25.1,49.7,54.8,-0.02,21,7.1,2429.2,Agricultura,Baixo
SP,Mata Atlântica,-24.14952,-47.84864,Janeiro,19.9,27.0,30.4,0.649,134,33.3,2031.8,Floresta,Médio
GO,Cerrado,-16.09255,-48.64419,Dezembro,17.0,57.4,132.2,0.649,35,26.9,2973.8,Floresta,Médio
PA,Amazônia,-6.27477,-52.25813,Outubro,21.1,32.5,293.1,0.448,25,24.2,846.4,Agricultura,Alto
AM,Amazônia,-2.36098,-63.13088,Abril,29.4,13.1,68.9,0.735,30,17.9,541.9,Floresta,Médio
BA,Caatinga,-13.46913,-39.64601,Junho,33.8,79.3,43.4,0.638,40,15.5,1739.2,Floresta,Baixo
SP,Mata Atlântica,-23.66908,-45.86629,Agosto,35.9,20.9,37.9,-0.1,59,31.5,209.3,Pastagem,Médio
GO,Cerrado,-15.07766,-51.63698,Fevereiro,16.2,41.3,2.9,0.231,73,21.1,1894.1,Área Urbana,Baixo
BA,Caatinga,-13.72131,-41.13698,Março,26.6,50.6,88.2,0.508,6,24.3,3360.7,Área Urbana,Médio
PA,Amazônia,-8.64097,-53.04695,Junho,18.3,46.8,500.0,0.126,20,4.0,4062.5,Pastagem,Alto
PA,Amazônia,-6.83793,-51.06424,Outubro,26.6,82.7,202.6,-0.182,0,18.9,9.0,Corpo d'Água,Alto
CE,Caatinga,-4.58083,-37.86313,Abril,26.7,60.7,273.3,0.694,18,5.2,3459.7,Agricultura,Alto
GO,Cerrado,-15.88869,-50.01083,Dezembro,28.5,35.1,116.5,0.354,25,2.2,4167.3,Pastagem,Baixo
SP,Mata Atlântica,-24.00739,-47.3846,Fevereiro,39.1,14.4,78.8,0.589,54,27.6,3867.9,Floresta,Baixo
AM,Amazônia,0.55698,-61.00925,Julho,36.7,75.2,500.0,0.755,30,11.0,1606.7,Cerrado/Savana,Alto
PA,Amazônia,-7.13928,-48.77104,Abril,32.2,40.0,71.1,0.778,55,38.6,2871.4,Agricultura,Médio
AM,Amazônia,-4.07747,-61.73827,Agosto,38.9,85.6,298.4,0.849,4,24.2,1331.6,Floresta,Alto
PA,Amazônia,-4.1306,-55.03693,Agosto,33.3,43.6,172.2,0.205,1,25.8,2885.9,Pastagem,Médio
SP,Mata Atlântica,-24.79099,-44.15775,Julho,37.1,96.3,48.2,-0.099,0,7.9,12.0,Corpo d'Água,Baixo
BA,Caatinga,-12.91724,-40.20199,Outubro,30.2,89.9,83.9,0.624,9,5.2,1870.3,Floresta,Baixo
MT,Cerrado/Amazônia,-13.3602,-57.06259,Setembro,29.2,65.3,58.2,0.878,4,21.0,926.0,Floresta,Médio
BA,Caatinga,-9.90211,-41.04373,Abril,34.6,45.1,17.6,0.639,12,37.0,2813.1,Agricultura,Baixo
PA,Amazônia,-6.05727,-53.75505,Julho,15.5,58.2,52.9,0.762,42,2.2,3649.3,Floresta,Baixo
PR,Mata Atlântica,-25.77781,-49.68766,Outubro,33.6,56.2,263.8,-0.004,62,20.3,2860.7,Pastagem,Alto
MT,Cerrado/Amazônia,-11.53175,-58.64301,Outubro,40.2,59.7,167.6,0.457,68,7.9,355.4,Cerrado/Savana,Alto
MT,Cerrado/Amazônia,-12.54923,-57.02022,Dezembro,34.3,22.5,39.0,-0.033,20,31.3,4622.4,Agricultura,Baixo
AM,Amazônia,-2.99586,-63.12536,Janeiro,16.0,69.4,55.0,0.705,50,27.3,37.4,Floresta,Médio
GO,Cerrado,-14.18329,-49.84201,Abril,25.2,22.3,115.0,0.79,6,3.9,4426.4,Cerrado/Savana,Baixo
AM,Amazônia,-2.90985,-63.39704,Fevereiro,36.9,11.2,64.6,0.669,55,24.7,3832.7,Floresta,Médio
AM,Amazônia,-4.57147,-58.23373,Setembro,40.9,63.1,83.9,0.62,21,39.3,491.8,Floresta,Médio
PR,Mata Atlântica,-22.18988,-51.65452,Maio,25.0,19.9,143.7,0.18,51,21.1,1190.5,Cerrado/Savana,Alto
BA,Caatinga,-10.28049,-39.88089,Março,37.7,75.5,75.6,0.694,126,11.4,1751.3,Floresta,Baixo
BA,Caatinga,-13.51782,-42.7874,Abril,38.3,83.6,25.4,0.069,20,6.1,4552.4,Pastagem,Baixo
RS,Pampa,-29.02699,-50.83991,Junho,18.3,90.3,88.2,0.77,41,39.6,4899.8,Floresta,Médio
PA,Amazônia,-6.14301,-51.64816,Outubro,37.8,66.5,52.8,0.723,21,22.6,445.0,Agricultura,Médio
PR,Mata Atlântica,-27.05372,-51.3775,Janeiro,23.8,51.0,41.2,0.756,37,15.0,1990.7,Área Urbana,Médio
RS,Pampa,-31.88839,-53.03899,Julho,31.0,39.9,47.7,0.007,114,8.6,754.9,Cerrado/Savana,Médio
SP,Mata Atlântica,-24.61015,-46.08507,Agosto,29.6,51.7,69.4,0.458,24,38.0,1399.4,Pastagem,Médio
PA,Amazônia,-6.55286,-54.55716,Julho,32.9,26.2,261.2,0.709,71,25.1,4905.5,Cerrado/Savana,Alto
PA,Amazônia,-4.82413,-50.49088,Julho,35.0,39.6,158.9,0.028,31,2.3,4922.3,Agricultura,Médio
CE,Caatinga,-4.14172,-36.9473,Setembro,26.9,81.2,132.3,0.076,0,2.4,25.2,Corpo d'Água,Médio
CE,Caatinga,-2.98623,-40.38114,Abril,39.0,28.5,76.5,0.517,100,37.6,923.9,Agricultura,Médio
MG,Cerrado,-17.56176,-44.68745,Julho,36.9,32.4,0.2,0.674,90,28.4,2739.6,Floresta,Médio
MG,Cerrado,-16.91685,-44.68772,Setembro,36.2,73.7,50.0,0.349,45,4.1,1610.2,Pastagem,Baixo
AM,Amazônia,-4.65304,-60.15989,Maio,27.4,25.1,201.3,0.01,34,25.0,4644.9,Pastagem,Alto
SP,Mata Atlântica,-23.07331,-47.62529,Fevereiro,16.0,30.9,59.0,0.722,56,16.8,4092.9,Floresta,Baixo
MT,Cerrado/Amazônia,-13.42809,-57.92488,Maio,28.3,11.5,99.6,0.773,8,31.5,1551.1,Floresta,Médio
MT,Cerrado/Amazônia,-14.18262,-57.63627,Abril,39.3,71.2,27.5,0.419,32,10.9,101.4,Pastagem,Baixo
CE,Caatinga,-4.54047,-39.55391,Agosto,20.1,62.5,297.0,0.34,29,15.3,4990.3,Agricultura,Alto
CE,Caatinga,-5.75733,-37.40674,Maio,41.5,69.0,307.9,0.469,16,6.7,3419.9,Agricultura,Alto
CE,Caatinga,-8.11595,-39.1908,Setembro,36.8,28.2,18.9,0.427,86,10.1,2134.4,Pastagem,Médio
PR,Mata Atlântica,-25.10414,-53.00527,Setembro,34.2,68.4,154.6,0.675,4,7.6,1449.4,Área Urbana,Médio
GO,Cerrado,-15.28332,-50.16962,Março,33.3,60.7,9.4,0.549,58,1.0,32.1,Agricultura,Baixo
MG,Cerrado,-16.63939,-43.2479,Outubro,30.8,41.1,109.5,0.099,68,1.8,778.3,Pastagem,Médio
PR,Mata Atlântica,-22.0308,-52.27498,Junho,34.5,47.2,23.6,0.297,11,33.4,39.3,Agricultura,Baixo
BA,Caatinga,-10.48517,-43.44878,Junho,26.4,58.3,18.9,0.658,46,32.2,2991.9,Floresta,Baixo
MT,Cerrado/Amazônia,-12.84595,-57.61787,Abril,37.8,51.9,0.5,0.829,28,5.6,3320.1,Floresta,Médio
PA,Amazônia,-4.63633,-51.86259,Novembro,33.8,81.7,339.3,-0.162,0,26.7,31.4,Corpo d'Água,Alto
MG,Cerrado,-19.86093,-43.56271,Outubro,35.8,25.4,212.1,0.342,62,29.8,943.1,Área Urbana,Alto
RS,Pampa,-30.60073,-52.4552,Março,36.4,56.0,9.7,0.055,6,2.1,488.9,Área Urbana,Baixo
BA,Caatinga,-12.59767,-43.91527,Janeiro,17.5,48.3,109.8,0.734,17,3.5,3255.8,Floresta,Baixo
MG,Cerrado,-17.11304,-44.63343,Dezembro,16.5,49.2,31.8,-0.035,17,22.5,2504.5,Pastagem,Baixo
PR,Mata Atlântica,-24.94062,-51.68075,Julho,36.6,49.9,36.8,0.082,112,15.0,4379.7,Pastagem,Médio
SP,Mata Atlântica,-21.07972,-44.35168,Maio,22.0,84.9,248.7,0.83,17,28.0,2671.0,Floresta,Alto
PA,Amazônia,-3.51386,-52.85756,Outubro,30.7,79.6,14.6,0.245,16,22.3,2229.7,Cerrado/Savana,Baixo
MG,Cerrado,-20.18344,-44.57397,Julho,27.0,63.5,110.4,0.104,66,1.2,2445.3,Cerrado/Savana,Baixo
GO,Cerrado,-15.3584,-48.62108,Janeiro,15.6,70.9,61.6,0.866,82,27.3,3913.8,Floresta,Baixo
CE,Caatinga,-4.63323,-41.18974,Agosto,16.1,97.6,25.4,-0.05,0,8.2,8.7,Corpo d'Água,Baixo
CE,Caatinga,-5.90312,-40.5892,Março,37.3,73.2,72.2,0.458,11,12.5,4591.9,Cerrado/Savana,Baixo
PA,Amazônia,-4.73142,-51.8846,Julho,31.4,51.3,338.6,0.743,51,29.5,3573.8,Pastagem,Alto
PR,Mata Atlântica,-23.84805,-51.09845,Dezembro,29.1,37.0,182.6,0.083,34,30.9,4427.6,Pastagem,Médio
CE,Caatinga,-8.1888,-42.23879,Março,40.5,21.9,17.0,0.548,70,13.8,4798.4,Área Urbana,Médio
MG,Cerrado,-18.72028,-44.40288,Março,19.7,16.4,227.2,0.478,11,3.6,1137.8,Pastagem,Alto
RS,Pampa,-28.1495,-51.11331,Outubro,22.0,13.8,332.6,0.166,47,30.8,2895.9,Pastagem,Alto
MT,Cerrado/Amazônia,-14.14392,-55.92675,Setembro,35.4,23.8,38.9,0.538,84,34.8,2435.4,Floresta,Médio
MT,Cerrado/Amazônia,-12.70588,-57.52308,Fevereiro,35.9,12.6,48.7,0.09,64,38.6,2692.7,Pastagem,Médio
BA,Caatinga,-15.0019,-41.57222,Abril,25.9,72.3,16.2,0.36,76,12.7,246.0,Cerrado/Savana,Baixo
AM,Amazônia,-3.12677,-63.71422,Junho,40.7,31.1,50.8,-0.017,45,5.0,4570.8,Pastagem,Médio
SP,Mata Atlântica,-22.43346,-45.6478,Março,40.3,41.3,134.2,0.742,26,37.5,4773.9,Cerrado/Savana,Médio
PA,Amazônia,-5.46663,-52.71242,Dezembro,15.3,79.9,38.1,0.022,51,16.0,3428.8,Agricultura,Baixo
BA,Caatinga,-11.16094,-41.1487,Outubro,19.7,19.7,0.8,0.383,41,3.7,1298.8,Pastagem,Baixo
AM,Amazônia,-4.52338,-62.51647,Outubro,37.1,81.0,49.6,0.283,16,20.0,3938.2,Cerrado/Savana,Baixo
PR,Mata Atlântica,-24.05473,-54.59848,Julho,24.1,64.4,72.4,0.762,12,7.6,3656.9,Floresta,Baixo
GO,Cerrado,-17.22729,-48.81679,Julho,17.6,39.1,100.3,0.787,23,14.2,2877.2,Pastagem,Médio
GO,Cerrado,-14.01668,-48.30843,Maio,36.2,20.0,138.2,0.689,30,12.8,859.5,Área Urbana,Alto
SP,Mata Atlântica,-22.21006,-46.43538,Março,27.3,17.8,7.7,0.707,33,39.5,1013.9,Floresta,Médio
CE,Caatinga,-6.64336,-39.94494,Fevereiro,28.3,38.5,76.1,0.881,22,25.6,2951.1,Floresta,Baixo
MG,Cerrado,-21.4999,-42.59902,Abril,20.0,21.9,37.2,0.656,22,19.7,652.8,Floresta,Baixo
BA,Caatinga,-13.80567,-42.50002,Abril,32.8,32.8,354.7,0.691,61,20.6,3622.4,Floresta,Alto
BA,Caatinga,-10.99207,-44.12194,Novembro,29.9,14.5,53.5,0.549,10,24.2,1070.9,Agricultura,Médio
PA,Amazônia,-7.3241,-52.32804,Agosto,20.6,60.6,12.7,0.892,76,34.9,4553.3,Agricultura,Baixo
PA,Amazônia,-4.75943,-52.83755,Agosto,24.2,22.3,5.1,0.751,72,5.8,4499.6,Floresta,Médio
GO,Cerrado,-15.88862,-47.93743,Maio,31.1,74.3,37.0,0.011,74,24.0,1475.1,Área Urbana,Médio
GO,Cerrado,-14.87552,-49.08825,Junho,40.0,28.5,23.7,0.543,69,12.9,426.1,Floresta,Médio
RS,Pampa,-28.86653,-51.68089,Agosto,39.9,77.8,125.9,0.867,16,22.9,3061.0,Cerrado/Savana,Médio
RS,Pampa,-26.77025,-54.6913,Janeiro,22.8,26.1,225.3,0.613,82,20.7,2247.6,Cerrado/Savana,Alto
CE,Caatinga,-2.91312,-38.29684,Maio,34.9,71.3,45.0,0.881,24,1.2,727.1,Floresta,Baixo
RS,Pampa,-29.65757,-51.10996,Abril,35.9,38.3,103.5,0.848,10,23.3,2662.1,Cerrado/Savana,Médio
MG,Cerrado,-18.74333,-42.89483,Abril,36.8,59.6,157.3,0.892,34,28.4,4963.7,Floresta,Médio
MG,Cerrado,-18.5698,-45.64183,Novembro,30.4,13.3,61.0,0.835,12,9.8,354.2,Agricultura,Médio
BA,Caatinga,-11.22703,-39.32285,Fevereiro,15.3,52.1,8.2,0.883,11,4.3,1326.8,Floresta,Baixo
MT,Cerrado/Amazônia,-15.57075,-53.38436,Outubro,35.6,22.6,31.2,0.593,33,8.5,2697.7,Floresta,Médio
MG,Cerrado,-20.0651,-45.99045,Janeiro,17.9,51.3,257.5,0.554,50,25.5,3968.9,Agricultura,Alto
AM,Amazônia,-5.33733,-62.21873,Junho,18.2,22.0,208.8,0.08,36,18.8,103.6,Agricultura,Alto
GO,Cerrado,-17.74958,-51.57739,Julho,31.4,47.2,10.9,0.436,45,34.6,3666.5,Cerrado/Savana,Médio
PA,Amazônia,-6.57283,-52.52232,Maio,41.6,19.4,30.4,0.448,118,11.4,708.0,Cerrado/Savana,Médio
RS,Pampa,-29.67772,-49.3682,Agosto,21.5,28.7,175.9,0.872,53,14.6,4155.1,Floresta,Médio
BA,Caatinga,-10.75278,-40.16308,Setembro,32.4,60.6,79.8,0.694,27,21.1,3464.0,Floresta,Baixo
SP,Mata Atlântica,-23.94243,-49.39177,Novembro,23.2,93.0,171.2,0.055,24,18.4,2288.0,Cerrado/Savana,Médio
PA,Amazônia,-8.33497,-51.20341,Novembro,39.3,48.2,28.5,0.388,7,21.9,4109.7,Cerrado/Savana,Baixo
AM,Amazônia,-2.20437,-63.14506,Fevereiro,31.0,68.4,366.1,0.378,27,12.5,3667.9,Cerrado/Savana,Alto
RS,Pampa,-32.1911,-52.80073,Novembro,20.6,55.9,183.7,0.799,37,6.7,3798.3,Agricultura,Médio
AM,Amazônia,-3.20796,-61.95516,Abril,22.1,52.4,26.4,0.66,70,32.1,1457.5,Floresta,Baixo
GO,Cerrado,-14.2662,-50.51553,Novembro,26.7,15.5,98.1,0.639,15,1.6,3100.9,Pastagem,Médio
GO,Cerrado,-16.19605,-48.15202,Setembro,18.3,22.3,14.4,0.519,16,14.8,714.1,Cerrado/Savana,Baixo
CE,Caatinga,-8.28764,-39.17382,Maio,17.1,85.1,53.8,0.68,20,3.5,4106.1,Floresta,Baixo
BA,Caatinga,-13.08134,-40.63086,Março,33.4,44.9,129.3,0.357,38,29.5,2638.4,Pastagem,Médio
PA,Amazônia,-4.77109,-53.77446,Junho,26.0,62.2,48.1,0.673,63,14.6,4126.2,Floresta,Baixo
PR,Mata Atlântica,-25.651,-55.00296,Março,34.6,54.9,128.3,0.795,17,1.2,1063.7,Floresta,Médio
PR,Mata Atlântica,-23.76501,-51.19034,Maio,18.0,80.3,33.7,0.044,0,3.0,8.8,Corpo d'Água,Baixo
PA,Amazônia,-3.44223,-53.3291,Março,31.5,43.0,153.3,-0.033,46,7.9,3448.0,Área Urbana,Médio
SP,Mata Atlântica,-22.1785,-48.23489,Junho,27.0,57.2,53.5,0.068,39,31.5,301.4,Pastagem,Médio
BA,Caatinga,-16.63718,-41.84177,Dezembro,16.6,22.0,187.6,0.721,52,32.0,1227.5,Cerrado/Savana,Alto
AM,Amazônia,-4.32002,-63.79623,Outubro,29.7,42.9,17.6,0.235,52,39.9,4544.5,Pastagem,Baixo
SP,Mata Atlântica,-22.20284,-44.81763,Maio,17.2,48.0,53.9,0.703,14,9.6,672.5,Floresta,Baixo
MT,Cerrado/Amazônia,-12.52187,-57.19378,Setembro,37.3,93.7,74.8,0.6,19,2.4,1884.0,Cerrado/Savana,Médio
PA,Amazônia,-5.44594,-53.70939,Março,32.1,39.9,66.2,0.764,6,11.3,4728.5,Floresta,Baixo
AM,Amazônia,-2.62611,-64.52906,Junho,30.0,64.8,68.1,0.37,127,7.2,109.8,Pastagem,Médio
PR,Mata Atlântica,-26.49962,-52.73689,Agosto,18.6,21.7,70.6,0.638,26,28.4,2232.1,Área Urbana,Médio
MG,Cerrado,-17.69797,-45.00373,Julho,22.8,15.6,500.0,-0.051,28,38.8,3934.4,Agricultura,Alto
CE,Caatinga,-3.05941,-38.44504,Junho,28.3,84.1,25.8,0.363,11,10.9,4545.8,Área Urbana,Baixo
PR,Mata Atlântica,-26.09164,-50.5998,Fevereiro,32.1,72.1,175.7,0.799,15,13.1,3680.5,Floresta,Médio
BA,Caatinga,-13.19231,-40.99023,Julho,19.9,37.0,96.3,0.741,4,14.0,4443.1,Pastagem,Baixo
GO,Cerrado,-14.55234,-48.16793,Agosto,15.2,77.2,64.1,-0.035,0,34.3,45.9,Corpo d'Água,Médio
MG,Cerrado,-18.20697,-42.14981,Janeiro,24.3,21.5,120.5,0.136,26,23.1,508.4,Agricultura,Alto
CE,Caatinga,-4.43803,-39.44742,Setembro,28.0,70.1,230.5,0.731,50,39.0,3691.3,Floresta,Alto
CE,Caatinga,-5.55377,-40.59696,Abril,20.0,16.0,75.4,0.602,85,25.1,3769.1,Área Urbana,Médio
MT,Cerrado/Amazônia,-12.05017,-56.76886,Agosto,28.3,74.3,240.1,0.638,11,28.2,3030.3,Agricultura,Alto
MT,Cerrado/Amazônia,-12.28876,-56.19888,Outubro,24.1,56.5,11.8,0.738,122,3.6,3654.1,Floresta,Médio
RS,Pampa,-29.6451,-48.21006,Julho,27.3,33.7,127.0,0.897,7,38.1,4291.7,Cerrado/Savana,Médio
PR,Mata Atlântica,-25.68195,-50.90156,Outubro,24.4,83.3,48.6,0.89,65,25.1,2732.0,Floresta,Médio
PR,Mata Atlântica,-25.23154,-55.24221,Julho,32.0,93.8,58.7,0.317,31,20.8,4737.1,Agricultura,Baixo
PR,Mata Atlântica,-25.18021,-52.95475,Fevereiro,16.2,31.6,101.6,0.861,111,15.5,3474.2,Floresta,Baixo
RS,Pampa,-30.13023,-51.2696,Janeiro,19.6,78.5,78.5,0.497,88,3.1,2365.2,Cerrado/Savana,Baixo
SP,Mata Atlântica,-22.97196,-47.42527,Abril,26.7,75.1,57.7,0.042,0,5.3,41.9,Corpo d'Água,Baixo
CE,Caatinga,-5.70764,-38.59896,Dezembro,24.6,73.5,44.2,0.375,97,0.5,3753.3,Área Urbana,Baixo
MG,Cerrado,-19.72359,-47.30768,Fevereiro,25.6,91.4,115.6,0.638,68,39.9,3156.0,Pastagem,Médio
BA,Caatinga,-12.34445,-40.09373,Agosto,36.7,51.4,84.5,-0.081,10,31.5,4089.0,Pastagem,Baixo
CE,Caatinga,-4.06623,-39.38677,Outubro,38.9,67.3,46.9,0.826,17,31.9,3907.1,Pastagem,Baixo
MT,Cerrado/Amazônia,-10.80403,-55.29697,Julho,21.7,80.0,27.5,0.674,31,29.2,2625.8,Agricultura,Baixo
AM,Amazônia,-3.96637,-61.84872,Agosto,37.6,50.8,178.7,0.294,58,19.4,4729.1,Área Urbana,Alto
GO,Cerrado,-15.39431,-49.97013,Novembro,27.4,50.9,193.0,0.284,6,3.5,3524.2,Agricultura,Médio
RS,Pampa,-28.32863,-51.45821,Junho,22.4,37.1,28.9,0.737,98,2.9,1012.2,Floresta,Médio
PA,Amazônia,-6.29042,-56.61731,Janeiro,41.6,76.4,36.4,0.716,108,36.7,3096.3,Cerrado/Savana,Médio
AM,Amazônia,-4.66746,-64.19313,Dezembro,37.3,68.3,32.8,0.669,55,0.0,1017.0,Agricultura,Baixo
BA,Caatinga,-12.64059,-43.58053,Setembro,41.8,48.3,259.1,0.53,7,28.0,2798.7,Agricultura,Alto
PR,Mata Atlântica,-23.97697,-49.88734,Junho,19.5,45.6,178.5,0.001,80,25.1,3951.8,Pastagem,Médio
MT,Cerrado/Amazônia,-12.72674,-58.39603,Dezembro,18.9,16.2,9.3,0.162,58,20.0,4064.4,Agricultura,Médio
MT,Cerrado/Amazônia,-12.2504,-54.07979,Outubro,28.6,10.6,214.5,0.663,52,39.0,3257.6,Floresta,Alto
MT,Cerrado/Amazônia,-10.30628,-59.02912,Janeiro,32.2,55.0,4.5,0.166,28,7.9,3918.7,Cerrado/Savana,Baixo
PR,Mata Atlântica,-27.05477,-54.0993,Janeiro,19.6,45.5,35.0,0.334,30,31.4,2366.5,Pastagem,Baixo
PA,Amazônia,-7.24547,-52.35261,Agosto,38.2,74.8,301.6,0.097,0,27.0,46.1,Corpo d'Água,Alto
RS,Pampa,-30.86504,-52.48801,Junho,29.4,56.1,239.7,0.25,16,39.0,4399.2,Agricultura,Alto
AM,Amazônia,-1.91134,-61.42486,Agosto,26.1,89.6,182.5,0.6,87,37.4,2470.5,Floresta,Alto
PR,Mata Atlântica,-27.44705,-50.07741,Agosto,31.3,26.7,73.4,0.792,54,5.1,1761.1,Cerrado/Savana,Baixo
BA,Caatinga,-11.82095,-40.90761,Novembro,32.1,94.2,46.5,0.731,35,12.3,3987.0,Floresta,Baixo
RS,Pampa,-30.88571,-51.51096,Agosto,16.2,35.3,256.0,0.609,12,34.0,261.9,Floresta,Alto
BA,Caatinga,-15.53908,-40.39952,Outubro,42.0,64.6,128.4,0.874,15,9.1,4792.2,Floresta,Baixo
RS,Pampa,-31.52839,-52.53594,Julho,24.8,88.8,42.0,-0.162,0,15.1,31.6,Corpo d'Água,Baixo
PA,Amazônia,-6.86621,-50.0294,Julho,16.7,40.6,74.7,0.822,45,25.0,3151.8,Área Urbana,Médio
GO,Cerrado,-16.83306,-48.42661,Outubro,38.0,21.8,255.9,-0.1,59,22.5,3430.4,Cerrado/Savana,Alto
BA,Caatinga,-12.61599,-42.94366,Abril,41.8,21.5,280.5,-0.032,62,25.6,694.0,Pastagem,Alto
PR,Mata Atlântica,-26.4056,-52.49328,Setembro,37.0,70.5,129.2,0.032,18,28.5,4116.1,Agricultura,Médio
RS,Pampa,-30.14169,-50.32739,Dezembro,38.0,42.1,158.3,0.433,11,29.2,2864.8,Pastagem,Médio
MT,Cerrado/Amazônia,-13.38649,-57.68262,Fevereiro,31.9,91.7,4.8,0.58,56,29.5,1646.4,Agricultura,Baixo
CE,Caatinga,-6.42173,-41.44106,Novembro,39.9,37.7,111.3,-0.042,76,39.7,4254.9,Agricultura,Médio
MT,Cerrado/Amazônia,-14.59654,-55.43796,Setembro,16.0,93.6,140.2,-0.03,8,14.3,3129.2,Cerrado/Savana,Médio
SP,Mata Atlântica,-24.34326,-47.29041,Outubro,35.7,89.7,2.5,-0.195,0,1.8,8.9,Corpo d'Água,Baixo
GO,Cerrado,-16.82992,-50.31528,Março,33.1,18.7,222.8,0.356,42,14.0,4961.6,Pastagem,Médio
GO,Cerrado,-15.27339,-50.57032,Fevereiro,16.3,36.6,316.2,0.363,26,36.5,660.1,Pastagem,Alto
MT,Cerrado/Amazônia,-12.40889,-54.79269,Abril,29.7,85.3,32.6,0.805,43,3.3,3750.5,Floresta,Baixo
AM,Amazônia,-4.6995,-62.8792,Maio,28.9,78.7,224.3,-0.197,0,25.9,25.8,Corpo d'Água,Alto
PA,Amazônia,-4.57841,-50.48406,Fevereiro,33.7,21.5,131.4,0.7,29,16.9,4374.7,Floresta,Médio
BA,Caatinga,-14.44347,-44.25121,Janeiro,17.1,84.6,104.3,0.008,0,36.9,48.0,Corpo d'Água,Médio
PR,Mata Atlântica,-24.89091,-51.70582,Outubro,36.7,36.5,222.3,0.142,21,37.1,4349.6,Área Urbana,Alto
GO,Cerrado,-14.77975,-49.01866,Novembro,18.8,60.2,40.4,0.414,22,31.4,3203.0,Área Urbana,Médio
MT,Cerrado/Amazônia,-12.73094,-55.34618,Maio,26.3,38.3,187.8,0.434,1,3.9,353.2,Pastagem,Alto
MT,Cerrado/Amazônia,-13.70153,-56.60263,Setembro,38.8,73.5,45.3,0.766,7,1.0,167.3,Pastagem,Baixo
PA,Amazônia,-7.36356,-52.79319,Dezembro,30.1,90.2,185.8,-0.093,0,5.5,41.8,Corpo d'Água,Alto
PA,Amazônia,-7.7317,-54.40377,Dezembro,25.2,91.1,72.0,-0.124,0,12.9,19.7,Corpo d'Água,Médio
MG,Cerrado,-15.94582,-47.28681,Maio,16.3,52.6,14.9,0.871,9,9.7,1927.3,Agricultura,Baixo
MG,Cerrado,-18.83498,-43.30918,Dezembro,33.2,38.1,57.7,0.639,40,14.8,4260.6,Floresta,Baixo
AM,Amazônia,-0.13797,-61.95439,Novembro,41.6,94.7,31.9,0.809,8,5.7,2465.7,Cerrado/Savana,Baixo
AM,Amazônia,-3.11867,-62.16047,Outubro,39.6,40.2,12.7,0.608,41,30.1,141.2,Área Urbana,Médio
SP,Mata Atlântica,-21.96415,-45.98244,Setembro,34.4,46.4,14.0,0.804,42,33.8,4868.6,Agricultura,Baixo
AM,Amazônia,-4.33263,-60.54673,Dezembro,17.8,78.8,181.7,0.601,45,19.5,2453.2,Floresta,Médio
RS,Pampa,-30.72329,-53.62774,Outubro,21.5,17.5,255.8,0.612,122,38.3,3254.2,Cerrado/Savana,Alto
PA,Amazônia,-7.93299,-53.0316,Junho,20.0,42.9,314.3,0.823,118,4.8,1004.5,Floresta,Alto
PR,Mata Atlântica,-24.73544,-50.11656,Março,24.6,17.3,230.9,0.339,93,4.2,1493.7,Área Urbana,Alto
RS,Pampa,-29.06878,-51.11022,Abril,21.4,21.8,212.8,-0.02,20,8.0,2426.6,Agricultura,Alto
BA,Caatinga,-11.06273,-41.68089,Abril,21.6,10.4,8.6,0.522,8,39.3,4282.4,Cerrado/Savana,Baixo
MT,Cerrado/Amazônia,-14.61573,-59.18268,Janeiro,31.7,10.8,187.3,-0.048,25,16.7,518.8,Agricultura,Alto
AM,Amazônia,-1.55197,-65.58784,Março,23.6,42.3,183.5,0.282,39,37.0,3903.9,Área Urbana,Alto
MT,Cerrado/Amazônia,-12.98111,-52.44731,Março,33.3,78.8,16.9,0.656,21,8.1,2901.0,Floresta,Baixo
GO,Cerrado,-15.14115,-50.15281,Janeiro,40.6,59.9,130.2,0.615,97,33.8,2503.3,Floresta,Médio
SP,Mata Atlântica,-26.07669,-44.20394,Setembro,32.2,64.0,72.3,0.2,22,12.4,4384.2,Cerrado/Savana,Baixo
GO,Cerrado,-14.00926,-48.8128,Novembro,35.3,54.1,276.3,0.72,24,29.4,599.4,Agricultura,Alto
SP,Mata Atlântica,-23.55084,-45.77198,Janeiro,35.3,79.7,142.7,-0.051,0,39.0,34.6,Corpo d'Água,Alto
MG,Cerrado,-18.73293,-46.00989,Setembro,23.9,84.8,361.9,0.632,48,37.3,4274.6,Floresta,Alto
MT,Cerrado/Amazônia,-11.2455,-56.99599,Janeiro,15.4,82.2,13.3,0.437,12,33.3,1635.4,Cerrado/Savana,Baixo
SP,Mata Atlântica,-22.76708,-46.81168,Fevereiro,16.5,79.0,5.0,0.529,16,2.0,2263.4,Cerrado/Savana,Baixo
CE,Caatinga,-4.40727,-39.67174,Fevereiro,22.6,25.5,436.0,0.71,23,24.3,134.8,Agricultura,Alto
RS,Pampa,-30.16882,-51.18502,Junho,33.6,60.5,10.0,0.662,9,33.4,2642.7,Área Urbana,Baixo
SP,Mata Atlântica,-19.1087,-45.42639,Julho,39.5,59.5,58.6,0.64,24,16.0,2743.1,Floresta,Baixo
SP,Mata Atlântica,-19.67091,-46.64215,Novembro,40.9,54.9,126.0,0.332,118,29.2,4633.6,Agricultura,Médio
RS,Pampa,-30.49359,-52.8413,Janeiro,15.7,50.9,254.5,0.627,35,5.5,1945.7,Área Urbana,Alto
MT,Cerrado/Amazônia,-10.27515,-58.27778,Março,41.7,17.6,35.3,0.521,109,7.1,2857.4,Floresta,Médio
MT,Cerrado/Amazônia,-9.96566,-58.44428,Fevereiro,23.7,18.7,3.5,-0.033,41,25.7,3705.7,Pastagem,Médio
RS,Pampa,-28.70001,-53.61651,Agosto,37.8,86.7,88.4,0.726,35,17.5,3046.5,Floresta,Baixo
GO,Cerrado,-16.49293,-49.80688,Setembro,19.9,63.6,76.4,0.79,36,8.7,789.3,Cerrado/Savana,Baixo
CE,Caatinga,-5.99624,-39.90399,Fevereiro,16.7,32.3,44.0,0.661,17,11.3,867.4,Floresta,Baixo
PR,Mata Atlântica,-25.13682,-50.3396,Fevereiro,25.2,33.7,248.5,0.814,61,24.8,700.3,Pastagem,Alto
BA,Caatinga,-15.71013,-42.54438,Outubro,38.2,61.9,166.0,0.658,33,29.0,1096.5,Cerrado/Savana,Alto
CE,Caatinga,-3.21805,-38.80628,Setembro,21.0,44.6,234.3,0.301,48,8.3,1648.4,Pastagem,Alto
MT,Cerrado/Amazônia,-10.77307,-55.78182,Abril,19.2,47.5,21.2,0.232,34,38.2,3700.9,Pastagem,Baixo
PR,Mata Atlântica,-26.51527,-50.55865,Maio,39.6,15.2,141.5,0.675,104,0.3,314.0,Pastagem,Médio
MG,Cerrado,-18.35971,-41.14791,Novembro,40.3,21.8,443.2,0.413,33,28.0,4104.0,Área Urbana,Alto
AM,Amazônia,-2.26675,-61.43495,Setembro,15.3,43.4,113.6,0.716,20,11.6,1319.7,Floresta,Médio
SP,Mata Atlântica,-22.54586,-45.92673,Junho,34.6,69.5,22.6,0.542,41,19.1,3071.0,Pastagem,Baixo
RS,Pampa,-29.3673,-51.62944,Outubro,23.3,14.1,500.0,0.472,15,22.8,2768.3,Pastagem,Alto
RS,Pampa,-29.22679,-49.8073,Dezembro,25.1,38.4,90.2,0.425,74,22.5,778.6,Cerrado/Savana,Médio
SP,Mata Atlântica,-21.95951,-45.22132,Setembro,27.7,69.1,220.0,0.545,19,31.1,1443.6,Cerrado/Savana,Alto
AM,Amazônia,-1.2079,-60.53566,Setembro,26.5,77.3,19.4,0.659,33,33.0,1486.6,Floresta,Baixo
BA,Caatinga,-11.63722,-43.41549,Julho,28.9,26.2,131.6,0.555,33,2.9,3122.9,Cerrado/Savana,Médio
AM,Amazônia,-5.1849,-62.5922,Dezembro,30.7,72.2,292.5,0.848,12,28.1,3944.6,Floresta,Alto
PR,Mata Atlântica,-24.81987,-49.453,Outubro,27.6,91.2,91.1,0.893,20,16.0,4981.5,Área Urbana,Médio
AM,Amazônia,-7.63956,-63.76981,Setembro,33.9,87.1,40.9,0.609,22,32.7,488.5,Cerrado/Savana,Médio
PR,Mata Atlântica,-25.18133,-53.04529,Maio,34.4,77.1,16.4,0.798,23,24.4,4693.9,Floresta,Baixo
AM,Amazônia,-4.66716,-62.96874,Maio,26.9,70.5,42.1,0.758,19,0.4,2812.0,Pastagem,Baixo
BA,Caatinga,-13.99874,-42.85864,Dezembro,18.8,30.0,52.6,0.195,16,26.7,1790.3,Agricultura,Baixo
BA,Caatinga,-10.53515,-40.77852,Agosto,32.3,63.9,148.5,0.833,7,37.0,1430.0,Cerrado/Savana,Alto
MT,Cerrado/Amazônia,-11.53408,-56.97118,Outubro,35.9,64.7,23.6,-0.029,17,3.3,1053.1,Agricultura,Baixo
SP,Mata Atlântica,-22.03334,-45.3583,Abril,32.2,44.6,13.5,0.23,156,19.8,2789.8,Cerrado/Savana,Médio
BA,Caatinga,-11.68219,-42.68125,Setembro,30.9,51.9,58.7,0.54,33,25.0,4730.6,Agricultura,Baixo
PR,Mata Atlântica,-25.55306,-49.9628,Julho,21.2,69.0,73.6,0.604,59,7.8,919.0,Floresta,Baixo
BA,Caatinga,-13.3551,-43.63279,Julho,32.4,90.9,118.8,0.751,65,26.0,2186.5,Floresta,Médio
MT,Cerrado/Amazônia,-13.48403,-54.58089,Março,24.0,35.1,147.5,0.695,61,2.0,1027.2,Agricultura,Médio
RS,Pampa,-30.83255,-50.73852,Abril,39.8,30.9,264.1,0.095,19,36.2,886.4,Cerrado/Savana,Alto
PR,Mata Atlântica,-25.81353,-50.40486,Julho,32.7,61.2,40.9,0.882,24,30.5,4335.0,Cerrado/Savana,Baixo
MT,Cerrado/Amazônia,-11.8748,-59.15678,Novembro,22.5,21.1,90.2,0.337,109,37.6,1317.2,Pastagem,Médio
GO,Cerrado,-15.42795,-52.36388,Novembro,27.8,95.6,54.7,-0.119,0,16.7,36.3,Corpo d'Água,Baixo
GO,Cerrado,-16.6611,-49.85715,Maio,37.9,17.6,0.2,0.583,33,1.4,4549.9,Floresta,Médio
MG,Cerrado,-15.7397,-44.07313,Dezembro,24.1,51.7,103.9,0.733,66,13.7,1936.3,Floresta,Médio
AM,Amazônia,-4.62063,-62.69582,Março,29.2,62.7,203.0,0.35,19,20.6,53.5,Pastagem,Alto
SP,Mata Atlântica,-22.1637,-47.76028,Janeiro,33.4,16.0,4.5,0.576,26,37.4,3608.7,Agricultura,Médio
PA,Amazônia,-3.89453,-53.51458,Julho,35.4,27.6,0.4,-0.1,43,35.3,2589.9,Agricultura,Médio
CE,Caatinga,-6.47298,-40.3865,Junho,19.7,38.5,156.2,0.301,39,23.8,3872.9,Pastagem,Médio
MT,Cerrado/Amazônia,-15.10443,-60.17887,Outubro,30.3,41.3,138.2,-0.032,11,29.2,2855.8,Pastagem,Médio
RS,Pampa,-30.1538,-51.33095,Julho,39.6,67.5,62.5,0.643,56,38.2,1762.8,Floresta,Médio
CE,Caatinga,-4.71531,-39.78121,Fevereiro,41.1,55.0,130.0,0.863,38,34.0,342.2,Agricultura,Alto
RS,Pampa,-26.53612,-50.97739,Dezembro,32.7,42.5,367.9,0.735,11,26.4,4331.0,Floresta,Alto
CE,Caatinga,-7.16469,-41.32987,Abril,41.6,48.3,34.2,0.56,65,21.6,1043.4,Cerrado/Savana,Médio
MT,Cerrado/Amazônia,-12.67954,-57.57314,Fevereiro,30.4,11.1,33.9,0.804,33,19.0,4857.0,Floresta,Médio
PA,Amazônia,-7.38272,-52.81827,Agosto,27.0,75.5,24.7,0.748,24,30.3,1236.7,Floresta,Baixo
CE,Caatinga,-5.16634,-37.25646,Julho,29.9,13.5,154.5,0.173,46,32.4,4136.9,Cerrado/Savana,Médio
MT,Cerrado/Amazônia,-14.05413,-57.54659,Janeiro,18.1,80.5,52.3,0.102,70,8.7,3945.9,Pastagem,Baixo
BA,Caatinga,-10.19108,-41.20712,Fevereiro,25.8,56.0,500.0,0.197,43,19.0,2319.1,Cerrado/Savana,Alto
PA,Amazônia,-6.92293,-53.8021,Fevereiro,27.4,54.9,150.5,0.01,110,30.8,2014.5,Área Urbana,Alto
PR,Mata Atlântica,-26.71124,-51.43409,Abril,37.9,69.9,54.9,0.27,22,27.0,3519.3,Pastagem,Baixo
RS,Pampa,-28.48326,-48.78365,Março,35.5,83.1,19.4,0.865,66,23.7,2647.5,Floresta,Baixo
GO,Cerrado,-18.05942,-48.53632,Janeiro,31.2,90.1,107.6,0.707,6,12.9,3163.5,Pastagem,Médio
AM,Amazônia,-3.22353,-62.6129,Dezembro,24.4,56.2,41.9,0.851,85,24.4,2356.4,Floresta,Baixo
GO,Cerrado,-16.45601,-52.7214,Fevereiro,20.0,22.8,283.1,0.641,19,24.5,2790.2,Floresta,Alto
PA,Amazônia,-4.583,-54.70829,Novembro,24.4,71.5,69.9,-0.015,0,17.3,36.0,Corpo d'Água,Médio
PR,Mata Atlântica,-26.01229,-50.92302,Setembro,33.4,13.5,41.5,0.226,59,38.4,286.4,Cerrado/Savana,Médio
RS,Pampa,-32.75495,-53.21119,Janeiro,22.1,78.6,106.6,0.311,18,26.1,1786.1,Pastagem,Médio
PR,Mata Atlântica,-23.06201,-51.36691,Setembro,26.5,67.8,17.7,0.218,8,34.0,2334.7,Área Urbana,Médio
CE,Caatinga,-6.0933,-39.46101,Julho,25.4,86.9,98.9,0.482,22,5.2,4531.1,Cerrado/Savana,Baixo
RS,Pampa,-29.02579,-49.54285,Fevereiro,35.7,86.3,6.9,0.838,104,30.3,2075.6,Agricultura,Baixo
CE,Caatinga,-6.76865,-41.18726,Fevereiro,38.9,14.5,112.0,-0.016,75,24.1,2175.3,Agricultura,Médio
MT,Cerrado/Amazônia,-11.76749,-55.95938,Maio,33.9,61.8,90.6,0.359,68,12.3,3377.4,Agricultura,Médio
PA,Amazônia,-7.55595,-54.21097,Maio,24.2,20.6,88.3,0.726,31,5.5,1041.9,Floresta,Baixo
MT,Cerrado/Amazônia,-12.97062,-56.88464,Abril,26.7,70.6,138.3,-0.192,0,15.2,26.6,Corpo d'Água,Médio
MG,Cerrado,-18.43211,-46.58899,Dezembro,18.9,48.1,5.5,0.852,36,17.7,2143.9,Floresta,Baixo
PR,Mata Atlântica,-24.82726,-52.62606,Outubro,19.5,18.3,73.9,0.18,32,5.6,4654.6,Agricultura,Baixo
CE,Caatinga,-6.84948,-39.66649,Outubro,19.4,71.9,70.4,0.78,48,26.8,1363.6,Floresta,Médio
BA,Caatinga,-12.74949,-40.49746,Dezembro,18.5,92.4,73.9,-0.02,29,12.3,2333.3,Área Urbana,Médio
MT,Cerrado/Amazônia,-13.97145,-56.56724,Março,19.8,58.4,468.8,0.505,87,32.2,3893.0,Cerrado/Savana,Alto
MG,Cerrado,-20.86301,-44.96228,Abril,20.5,30.0,18.0,0.76,51,25.9,2784.1,Pastagem,Médio
SP,Mata Atlântica,-22.85448,-45.80797,Outubro,18.0,81.7,140.7,0.822,21,12.4,3309.6,Área Urbana,Médio
GO,Cerrado,-14.99775,-48.63344,Abril,32.3,82.5,61.7,0.731,37,14.4,1410.7,Floresta,Baixo
RS,Pampa,-30.69868,-50.48641,Fevereiro,41.7,72.3,86.0,0.27,15,37.7,1649.0,Cerrado/Savana,Médio
MG,Cerrado,-15.70688,-45.2507,Maio,38.7,62.3,172.5,0.157,50,37.9,2543.0,Cerrado/Savana,Alto
PA,Amazônia,-3.4697,-51.41529,Maio,16.2,83.8,20.5,0.865,25,16.7,1020.4,Floresta,Baixo
MT,Cerrado/Amazônia,-13.07949,-57.19431,Maio,26.4,23.9,173.1,0.533,31,27.2,640.3,Pastagem,Alto
PA,Amazônia,-5.3624,-51.49975,Novembro,38.2,89.2,8.8,0.9,49,39.2,4220.6,Pastagem,Baixo
GO,Cerrado,-15.22605,-50.5525,Novembro,18.6,90.5,79.2,0.659,43,39.8,3876.5,Floresta,Médio
BA,Caatinga,-15.70308,-40.69174,Outubro,37.9,84.1,162.6,0.451,17,2.9,4661.0,Pastagem,Médio
PR,Mata Atlântica,-27.78875,-53.59897,Janeiro,31.0,31.3,25.7,0.314,79,22.1,2936.9,Cerrado/Savana,Médio
PR,Mata Atlântica,-25.49372,-53.37112,Junho,40.1,82.9,176.8,0.048,20,29.1,2107.1,Área Urbana,Alto
PA,Amazônia,-5.06371,-53.17428,Novembro,38.7,52.3,21.9,0.203,1,7.5,524.1,Área Urbana,Baixo
CE,Caatinga,-3.92215,-42.06158,Fevereiro,33.3,60.6,192.7,0.147,46,32.9,4253.8,Agricultura,Alto
BA,Caatinga,-13.57285,-41.6937,Julho,32.8,81.5,75.9,0.701,26,18.7,2286.7,Área Urbana,Médio
PR,Mata Atlântica,-24.82591,-50.50895,Abril,20.8,12.5,138.5,0.446,54,19.9,2810.1,Área Urbana,Alto
BA,Caatinga,-13.95188,-42.40202,Maio,18.2,40.9,299.3,0.196,19,11.0,1574.5,Pastagem,Alto
MG,Cerrado,-17.74898,-47.84784,Maio,26.2,85.8,63.0,-0.092,0,12.0,14.6,Corpo d'Água,Médio
BA,Caatinga,-12.0026,-40.55408,Maio,20.0,82.7,31.8,0.099,0,3.4,2.6,Corpo d'Água,Baixo
AM,Amazônia,-5.47049,-62.69253,Fevereiro,17.8,82.1,242.2,0.653,18,37.3,3564.2,Floresta,Alto
GO,Cerrado,-13.59101,-48.85026,Maio,23.2,24.4,21.2,0.76,25,15.3,4944.7,Pastagem,Baixo
PR,Mata Atlântica,-24.21954,-50.06356,Março,38.2,70.0,119.8,0.76,36,6.5,2483.3,Floresta,Médio
BA,Caatinga,-9.87318,-41.6722,Abril,15.5,22.5,308.1,-0.02,18,5.7,2653.2,Pastagem,Alto
PA,Amazônia,-6.15078,-51.24719,Fevereiro,22.9,76.7,134.6,0.665,6,16.3,273.1,Agricultura,Alto
SP,Mata Atlântica,-23.83118,-48.02203,Abril,26.4,30.8,26.1,0.353,33,25.3,1953.0,Área Urbana,Baixo
AM,Amazônia,-4.2801,-61.75151,Setembro,28.8,72.7,19.8,0.289,62,31.1,4611.3,Pastagem,Baixo
AM,Amazônia,-4.14439,-62.78246,Agosto,19.9,48.7,34.9,0.589,16,37.0,1758.9,Cerrado/Savana,Médio
CE,Caatinga,-6.64097,-37.49695,Novembro,41.0,93.8,59.6,0.765,29,25.4,3832.9,Floresta,Baixo
BA,Caatinga,-13.09394,-42.76727,Dezembro,30.6,59.3,20.8,0.895,18,16.8,4888.2,Floresta,Baixo
CE,Caatinga,-6.00768,-38.44621,Março,29.1,63.8,191.8,0.114,19,16.9,643.0,Cerrado/Savana,Alto
CE,Caatinga,-4.2402,-40.40278,Janeiro,15.2,41.3,53.0,0.085,13,23.0,1676.6,Agricultura,Baixo
SP,Mata Atlântica,-23.50153,-46.21494,Janeiro,28.1,72.4,330.0,-0.066,9,21.5,2377.1,Agricultura,Alto
MG,Cerrado,-19.56612,-46.86093,Junho,37.6,52.1,221.8,0.221,37,25.6,1194.5,Área Urbana,Alto
BA,Caatinga,-11.80744,-42.6731,Março,20.9,11.5,287.4,0.375,25,20.1,72.1,Agricultura,Alto
MT,Cerrado/Amazônia,-12.01948,-56.43846,Abril,24.5,61.7,41.9,0.78,14,2.4,2348.3,Floresta,Baixo
PR,Mata Atlântica,-24.80631,-52.18919,Janeiro,15.6,80.6,102.3,0.8,43,20.0,2687.7,Floresta,Médio
CE,Caatinga,-6.05089,-41.35763,Agosto,41.4,30.1,46.5,0.095,115,0.9,3130.9,Cerrado/Savana,Médio
GO,Cerrado,-16.75212,-48.98678,Janeiro,16.8,28.8,35.6,0.664,58,7.2,4137.8,Floresta,Baixo
RS,Pampa,-27.93326,-49.35335,Maio,39.3,61.8,112.1,0.632,36,15.5,1272.7,Floresta,Médio
GO,Cerrado,-15.61187,-47.74406,Junho,23.5,79.5,204.4,0.781,10,22.1,314.6,Floresta,Alto
SP,Mata Atlântica,-24.01023,-48.56657,Fevereiro,30.9,31.2,11.8,0.859,30,7.4,458.3,Floresta,Baixo
SP,Mata Atlântica,-20.66869,-45.83079,Julho,33.3,89.2,38.7,0.347,12,11.1,2492.1,Pastagem,Baixo
PA,Amazônia,-7.84195,-50.39143,Julho,18.8,88.8,27.5,0.834,39,15.0,4612.0,Cerrado/Savana,Baixo
MG,Cerrado,-19.62513,-45.33882,Janeiro,27.0,27.0,192.1,0.776,23,7.9,4911.2,Floresta,Médio
PR,Mata Atlântica,-23.35793,-49.50744,Abril,23.8,32.4,325.0,0.733,31,40.0,1033.2,Floresta,Alto
CE,Caatinga,-6.60111,-37.44351,Dezembro,16.5,69.6,10.0,0.449,38,32.2,768.3,Cerrado/Savana,Baixo
GO,Cerrado,-14.51864,-51.03962,Abril,37.5,90.9,57.2,0.488,46,32.4,1773.8,Pastagem,Baixo
RS,Pampa,-30.39886,-48.9558,Maio,16.2,83.1,295.1,-0.027,0,22.8,7.1,Corpo d'Água,Alto
SP,Mata Atlântica,-25.89084,-44.55893,Janeiro,32.6,47.8,50.7,0.822,76,38.5,4042.2,Floresta,Baixo
SP,Mata Atlântica,-22.28039,-45.86629,Janeiro,23.5,24.4,149.7,0.76,48,29.3,3875.3,Floresta,Médio
MG,Cerrado,-18.31246,-41.59479,Julho,20.2,49.2,12.7,0.527,50,13.2,4614.1,Agricultura,Baixo
RS,Pampa,-26.85311,-52.15284,Setembro,33.0,61.6,70.5,0.72,48,24.4,4291.9,Floresta,Baixo
RS,Pampa,-29.11169,-48.41844,Janeiro,30.5,38.1,84.0,0.858,32,21.7,2199.6,Cerrado/Savana,Médio
MG,Cerrado,-19.68757,-44.18529,Fevereiro,23.5,53.4,170.1,0.497,9,23.2,104.9,Agricultura,Alto
SP,Mata Atlântica,-22.04419,-49.65234,Junho,28.8,21.1,40.9,0.768,53,32.7,1190.6,Floresta,Médio
PR,Mata Atlântica,-23.64717,-53.18265,Junho,21.6,48.4,36.8,0.672,46,20.4,3054.2,Floresta,Baixo
BA,Caatinga,-12.2915,-39.98348,Fevereiro,38.3,17.7,43.3,0.528,47,29.1,2512.5,Floresta,Médio
BA,Caatinga,-16.16377,-40.52121,Setembro,23.5,14.2,97.3,0.805,22,10.0,1208.4,Floresta,Médio
MG,Cerrado,-15.45251,-45.34995,Abril,21.6,82.9,250.5,0.764,32,37.3,666.7,Floresta,Alto
RS,Pampa,-29.16496,-49.22707,Julho,35.3,27.4,213.3,0.264,55,3.5,1087.9,Cerrado/Savana,Alto
CE,Caatinga,-7.48942,-38.51395,Junho,15.5,58.9,7.2,0.764,58,39.7,1306.1,Agricultura,Baixo
MG,Cerrado,-16.97435,-43.59207,Novembro,22.2,22.7,253.4,0.756,14,25.3,4337.8,Floresta,Alto
PR,Mata Atlântica,-24.76007,-53.05062,Novembro,25.1,32.3,12.0,0.859,94,18.8,3554.2,Floresta,Médio
MG,Cerrado,-16.42286,-44.49824,Março,38.8,40.7,64.4,0.684,40,12.4,2766.1,Pastagem,Baixo
AM,Amazônia,-4.82582,-62.69704,Agosto,40.7,22.2,174.0,-0.1,25,16.2,114.5,Pastagem,Alto
GO,Cerrado,-15.27742,-52.18178,Julho,34.3,13.9,10.2,0.539,44,31.3,4107.8,Cerrado/Savana,Médio
RS,Pampa,-30.0031,-51.85532,Setembro,28.3,84.6,4.9,0.853,48,5.6,2766.8,Pastagem,Baixo
PA,Amazônia,-3.53596,-55.54234,Março,32.3,11.0,48.1,0.062,58,10.1,3140.4,Agricultura,Médio
PA,Amazônia,-4.13186,-50.60436,Janeiro,26.2,15.2,157.1,0.644,27,4.9,337.6,Pastagem,Médio
RS,Pampa,-32.78563,-53.80577,Fevereiro,23.1,78.4,88.5,0.221,73,17.1,4076.1,Cerrado/Savana,Baixo
PR,Mata Atlântica,-22.21115,-52.90656,Dezembro,40.7,34.0,64.7,0.761,33,15.5,4161.8,Floresta,Baixo
AM,Amazônia,1.17224,-64.92876,Novembro,18.1,74.5,201.2,-0.18,0,26.0,47.4,Corpo d'Água,Alto
AM,Amazônia,-3.21493,-62.25509,Dezembro,24.4,22.4,174.7,0.64,3,39.8,2645.2,Floresta,Alto
SP,Mata Atlântica,-23.86229,-45.93556,Janeiro,39.3,30.2,185.0,0.612,61,35.7,1976.3,Área Urbana,Alto
GO,Cerrado,-15.04903,-50.09149,Novembro,34.5,58.7,73.9,0.31,30,35.2,374.5,Cerrado/Savana,Médio
BA,Caatinga,-14.10126,-40.12836,Maio,15.8,94.0,2.4,-0.089,14,25.8,977.5,Pastagem,Baixo
MT,Cerrado/Amazônia,-11.73792,-56.74812,Outubro,15.6,16.2,22.7,0.693,52,10.8,1135.6,Cerrado/Savana,Baixo
PR,Mata Atlântica,-23.99545,-50.39659,Fevereiro,28.9,44.0,162.3,0.308,41,15.4,322.8,Cerrado/Savana,Alto
MT,Cerrado/Amazônia,-13.8226,-56.07898,Março,28.1,13.7,167.9,0.571,29,10.0,780.3,Pastagem,Médio
MT,Cerrado/Amazônia,-13.50955,-55.71695,Agosto,27.0,26.9,430.4,0.005,38,5.4,4435.1,Pastagem,Alto
RS,Pampa,-30.3186,-50.31242,Outubro,23.2,87.1,25.3,0.851,17,17.4,2731.6,Floresta,Baixo
PA,Amazônia,-6.19069,-51.73445,Maio,41.6,18.2,15.7,0.136,65,35.9,3824.8,Cerrado/Savana,Médio
PA,Amazônia,-7.00815,-52.67575,Abril,22.3,82.8,17.9,0.634,32,29.8,1382.4,Floresta,Baixo
BA,Caatinga,-11.10905,-40.99919,Maio,28.2,25.1,24.5,0.876,56,39.4,681.6,Floresta,Médio
RS,Pampa,-29.74196,-48.52466,Outubro,25.9,83.3,90.2,0.021,41,7.8,1872.5,Cerrado/Savana,Baixo
MT,Cerrado/Amazônia,-11.14454,-55.63669,Junho,19.6,87.2,443.7,0.078,0,20.0,19.4,Corpo d'Água,Alto
CE,Caatinga,-4.11296,-38.47595,Dezembro,20.5,84.6,106.8,0.81,45,31.7,1493.7,Pastagem,Médio
PA,Amazônia,-3.05435,-53.3565,Julho,39.8,22.9,88.8,0.5,50,18.4,1030.6,Agricultura,Médio
PR,Mata Atlântica,-23.37589,-51.01527,Setembro,38.2,74.8,134.3,0.318,17,14.2,121.8,Pastagem,Médio
PR,Mata Atlântica,-25.46468,-51.69959,Janeiro,20.4,87.4,9.2,-0.012,0,32.6,36.7,Corpo d'Água,Baixo
SP,Mata Atlântica,-23.22127,-47.91991,Abril,38.6,56.1,202.7,0.169,23,17.2,2184.8,Pastagem,Alto
MG,Cerrado,-17.21398,-44.70428,Dezembro,20.6,78.9,124.9,0.275,33,36.5,1301.2,Pastagem,Médio
CE,Caatinga,-4.97261,-37.6142,Dezembro,31.9,65.1,22.5,0.65,69,10.7,2603.6,Cerrado/Savana,Baixo
PA,Amazônia,-5.34538,-50.401,Setembro,17.2,84.5,119.5,0.133,27,35.9,3506.1,Pastagem,Médio
AM,Amazônia,-4.25722,-63.8656,Maio,38.8,42.4,108.8,0.415,7,11.1,1244.9,Agricultura,Médio
PA,Amazônia,-5.97499,-56.95207,Agosto,16.4,60.1,8.0,0.62,64,11.6,3047.8,Floresta,Baixo
SP,Mata Atlântica,-22.19136,-48.18835,Dezembro,30.0,84.0,37.3,0.544,88,16.8,1308.2,Cerrado/Savana,Baixo
PR,Mata Atlântica,-25.81654,-50.47558,Janeiro,36.1,28.3,59.5,-0.1,60,20.6,4933.4,Cerrado/Savana,Médio
MT,Cerrado/Amazônia,-12.50132,-57.58082,Abril,18.2,51.3,33.7,0.685,11,16.7,3664.6,Floresta,Baixo
AM,Amazônia,-6.52481,-60.26879,Dezembro,25.9,91.7,33.4,0.473,15,34.5,3017.3,Cerrado/Savana,Baixo
RS,Pampa,-28.94538,-48.14642,Dezembro,16.1,50.3,102.1,0.458,71,31.8,869.9,Pastagem,Médio
GO,Cerrado,-16.72457,-52.02168,Setembro,33.4,31.5,76.4,0.726,16,12.4,2936.1,Pastagem,Baixo
MT,Cerrado/Amazônia,-11.18787,-57.20209,Janeiro,23.3,39.8,132.1,0.705,62,20.5,4004.3,Floresta,Médio
GO,Cerrado,-14.88775,-47.41013,Janeiro,30.1,85.2,375.9,0.652,22,17.2,3688.2,Cerrado/Savana,Alto
CE,Caatinga,-4.51777,-39.39905,Abril,40.2,91.2,129.7,0.661,29,2.2,3892.3,Agricultura,Médio
MG,Cerrado,-18.165,-47.00587,Março,23.3,90.8,104.7,0.623,20,29.9,1595.8,Cerrado/Savana,Médio
AM,Amazônia,-1.80794,-60.46187,Julho,16.3,69.4,225.7,0.406,39,7.3,1648.0,Área Urbana,Alto
BA,Caatinga,-11.78414,-43.97311,Novembro,33.2,53.3,120.0,0.791,13,37.4,2699.0,Floresta,Médio
AM,Amazônia,-3.65172,-60.06221,Março,36.2,25.5,21.7,0.452,73,15.9,1400.5,Floresta,Médio
PA,Amazônia,-6.38863,-50.95362,Janeiro,40.9,20.5,45.4,0.456,153,24.9,573.9,Floresta,Médio
PR,Mata Atlântica,-24.80736,-50.48124,Dezembro,19.3,15.1,158.6,0.398,27,32.7,2311.0,Pastagem,Médio
PA,Amazônia,-6.15821,-52.60343,Novembro,25.6,11.5,160.9,0.836,9,7.2,19.6,Floresta,Médio
PA,Amazônia,-4.88493,-54.35485,Outubro,37.8,84.6,500.0,0.525,31,21.6,3806.2,Agricultura,Alto
CE,Caatinga,-4.68913,-43.68279,Fevereiro,36.8,78.8,118.3,0.737,41,9.5,3750.9,Área Urbana,Médio
MT,Cerrado/Amazônia,-13.58225,-56.10418,Outubro,31.9,58.3,275.8,0.696,77,20.4,2764.1,Floresta,Alto
BA,Caatinga,-10.89961,-40.99087,Abril,22.3,94.9,6.7,0.872,19,23.2,3740.6,Área Urbana,Baixo
BA,Caatinga,-14.66548,-40.15071,Janeiro,22.7,91.0,100.2,-0.003,17,6.8,3126.4,Pastagem,Baixo
PA,Amazônia,-7.24872,-51.8087,Janeiro,18.3,65.7,302.9,0.786,20,23.2,3490.3,Floresta,Alto
GO,Cerrado,-17.48875,-50.99981,Dezembro,39.9,49.5,40.6,0.46,80,18.2,332.6,Agricultura,Baixo
CE,Caatinga,-6.53452,-39.44156,Agosto,19.7,22.9,20.2,0.634,6,20.9,4407.5,Floresta,Baixo
PA,Amazônia,-5.8333,-51.96664,Julho,30.5,53.8,51.8,0.816,27,36.2,3223.2,Pastagem,Baixo
MG,Cerrado,-18.53795,-46.82681,Agosto,30.8,23.4,188.6,0.371,26,19.4,3057.0,Área Urbana,Alto
PR,Mata Atlântica,-24.47628,-54.19325,Abril,25.0,88.2,10.6,-0.104,0,19.0,13.7,Corpo d'Água,Baixo
MT,Cerrado/Amazônia,-14.00578,-57.46587,Junho,24.5,90.1,110.1,0.864,10,18.8,150.4,Floresta,Médio
RS,Pampa,-30.67981,-53.70112,Março,33.1,39.1,17.5,0.798,44,24.9,4508.3,Floresta,Baixo
MG,Cerrado,-16.45326,-42.078,Novembro,25.5,23.0,68.6,0.863,33,14.7,4928.5,Área Urbana,Baixo
GO,Cerrado,-12.45384,-48.11852,Agosto,21.9,59.5,405.7,0.342,46,32.1,4040.9,Agricultura,Alto
AM,Amazônia,-4.06317,-62.83902,Abril,25.8,61.2,26.1,0.168,24,11.4,4576.0,Agricultura,Baixo
AM,Amazônia,-4.17184,-59.24154,Março,36.8,26.5,4.2,-0.1,80,12.0,613.6,Agricultura,Médio
MG,Cerrado,-18.68331,-42.64615,Abril,41.1,26.7,66.9,0.433,69,23.6,652.1,Agricultura,Médio
PA,Amazônia,-3.75285,-52.44568,Junho,32.2,94.1,103.4,0.517,54,10.4,4399.2,Pastagem,Baixo
RS,Pampa,-32.20746,-51.37088,Novembro,36.1,30.7,42.4,0.873,29,3.6,297.0,Agricultura,Baixo
SP,Mata Atlântica,-23.32955,-44.71312,Julho,29.4,81.2,93.6,0.719,16,8.2,475.1,Floresta,Médio
SP,Mata Atlântica,-23.52081,-48.44291,Julho,31.9,50.0,367.9,0.833,71,36.5,4086.1,Agricultura,Alto
GO,Cerrado,-14.34814,-50.18131,Dezembro,41.7,47.0,44.8,0.892,95,0.4,2789.3,Pastagem,Médio
PA,Amazônia,-9.35787,-52.24252,Abril,26.8,35.1,44.4,0.328,39,5.3,1964.7,Área Urbana,Baixo
BA,Caatinga,-11.82884,-42.96441,Agosto,16.8,75.8,79.1,0.05,12,30.3,2771.7,Área Urbana,Médio
BA,Caatinga,-12.86807,-40.71342,Julho,40.8,84.9,86.9,0.61,14,39.2,4395.0,Floresta,Médio
MT,Cerrado/Amazônia,-12.18232,-59.26399,Fevereiro,36.4,32.2,0.2,0.218,43,27.5,3788.1,Agricultura,Médio
RS,Pampa,-28.14967,-48.6705,Agosto,25.8,79.5,114.8,-0.027,0,36.9,22.4,Corpo d'Água,Médio
RS,Pampa,-30.79528,-54.09481,Setembro,41.5,21.6,500.0,0.604,60,34.2,4884.7,Floresta,Alto
AM,Amazônia,-2.31333,-63.22964,Maio,24.3,77.4,41.4,0.202,72,19.2,2611.3,Área Urbana,Médio
CE,Caatinga,-4.29683,-36.34674,Abril,25.0,47.0,119.6,0.208,55,13.3,41.6,Pastagem,Médio
GO,Cerrado,-18.14946,-51.03493,Abril,31.5,21.2,0.6,-0.096,111,25.3,2150.9,Cerrado/Savana,Médio
SP,Mata Atlântica,-23.84172,-44.69248,Abril,22.4,38.9,111.3,0.254,38,21.3,491.9,Agricultura,Médio
GO,Cerrado,-10.49657,-49.46937,Junho,33.9,53.7,71.1,0.016,45,1.0,591.1,Área Urbana,Médio
BA,Caatinga,-15.02833,-42.21828,Novembro,19.1,82.4,90.7,0.831,43,38.3,1282.0,Floresta,Médio
BA,Caatinga,-13.7423,-40.61762,Abril,17.9,64.5,94.2,0.097,102,22.8,1913.0,Agricultura,Médio
MG,Cerrado,-17.94467,-46.11272,Julho,29.4,25.0,23.4,0.748,28,35.0,2413.2,Floresta,Baixo
MT,Cerrado/Amazônia,-13.93023,-57.46009,Julho,30.0,23.5,176.3,-0.019,21,29.4,857.4,Cerrado/Savana,Alto
RS,Pampa,-30.38904,-51.29328,Maio,17.9,45.0,97.3,0.767,8,13.6,1565.5,Floresta,Médio
PR,Mata Atlântica,-24.81669,-49.69772,Maio,41.0,16.4,37.8,0.489,35,36.0,1389.9,Floresta,Médio
GO,Cerrado,-16.42432,-50.65535,Outubro,30.5,84.3,332.5,-0.013,0,31.6,46.9,Corpo d'Água,Alto
BA,Caatinga,-14.58816,-42.03579,Agosto,19.1,44.1,1.5,0.45,45,17.2,548.9,Agricultura,Baixo
CE,Caatinga,-4.71571,-42.23614,Julho,23.4,39.2,155.3,0.276,11,33.6,1992.7,Agricultura,Alto
AM,Amazônia,-3.98364,-60.47956,Julho,36.6,53.3,57.6,0.639,13,10.9,2776.2,Floresta,Baixo
SP,Mata Atlântica,-22.57754,-46.06985,Junho,29.1,70.3,88.7,0.666,37,26.8,493.8,Pastagem,Médio
MT,Cerrado/Amazônia,-11.74818,-57.78056,Julho,20.1,58.4,41.4,0.828,85,4.6,2608.6,Cerrado/Savana,Baixo
CE,Caatinga,-6.16038,-37.74214,Julho,17.8,78.2,46.5,0.85,50,34.6,3782.0,Agricultura,Baixo
MT,Cerrado/Amazônia,-11.43704,-58.03941,Outubro,26.6,63.5,1.8,0.604,46,29.2,51.1,Floresta,Baixo
MG,Cerrado,-21.32809,-45.63827,Fevereiro,24.1,77.0,157.1,0.757,26,6.1,247.2,Floresta,Médio
PR,Mata Atlântica,-24.0747,-52.53739,Outubro,32.7,69.2,148.9,0.378,17,0.9,2337.7,Área Urbana,Médio
BA,Caatinga,-12.0849,-39.57034,Fevereiro,40.0,26.4,127.5,0.629,49,15.6,4365.2,Floresta,Baixo
AM,Amazônia,-3.60954,-61.86906,Outubro,21.7,14.5,252.4,0.723,34,27.0,4989.0,Pastagem,Alto
CE,Caatinga,-4.07264,-41.27313,Julho,38.1,86.8,277.8,0.275,15,11.3,476.0,Cerrado/Savana,Alto
MT,Cerrado/Amazônia,-13.83957,-55.83076,Outubro,39.9,90.4,97.6,0.833,17,38.9,101.5,Floresta,Médio
RS,Pampa,-29.97455,-51.04736,Julho,39.4,71.8,138.6,0.743,40,37.4,1151.6,Floresta,Alto
MG,Cerrado,-18.46007,-43.08256,Julho,40.7,71.6,1.3,0.431,45,23.9,2342.7,Área Urbana,Baixo
RS,Pampa,-29.37643,-50.55677,Maio,37.7,33.0,224.8,0.861,10,12.6,2863.3,Área Urbana,Alto
AM,Amazônia,-1.6367,-59.81014,Janeiro,31.0,56.1,203.4,0.838,42,35.9,4867.7,Cerrado/Savana,Alto
CE,Caatinga,-1.73461,-40.51852,Fevereiro,26.1,94.3,2.5,0.596,33,32.1,4443.4,Pastagem,Baixo
MG,Cerrado,-14.80589,-46.19516,Setembro,28.3,82.8,93.9,0.225,14,3.4,2814.9,Pastagem,Baixo
CE,Caatinga,-2.19713,-40.60094,Agosto,38.6,35.9,284.6,0.669,64,19.1,1815.0,Floresta,Alto
BA,Caatinga,-12.68341,-41.67214,Agosto,23.1,35.6,24.0,-0.02,10,39.2,1613.3,Cerrado/Savana,Baixo
PA,Amazônia,-6.84046,-52.59992,Outubro,19.3,51.1,52.2,0.609,18,18.2,2867.4,Pastagem,Baixo
MG,Cerrado,-19.73301,-46.40242,Janeiro,18.8,44.4,48.2,0.403,14,37.3,3609.6,Pastagem,Baixo
RS,Pampa,-30.08809,-48.84518,Junho,37.3,41.5,52.8,0.472,23,39.1,2413.5,Cerrado/Savana,Médio
AM,Amazônia,-3.85103,-60.80847,Setembro,35.6,63.3,5.1,0.372,21,15.5,1528.9,Pastagem,Baixo
PR,Mata Atlântica,-26.1585,-53.47521,Agosto,28.4,80.7,39.3,-0.071,0,38.6,16.6,Corpo d'Água,Médio
BA,Caatinga,-11.89921,-39.06658,Março,22.4,74.9,41.9,0.664,133,5.5,2794.1,Floresta,Médio
PA,Amazônia,-5.22657,-51.49003,Abril,33.3,72.9,241.1,0.828,26,6.4,2142.6,Floresta,Alto
PR,Mata Atlântica,-22.64731,-51.6048,Março,16.0,80.6,52.1,-0.071,25,11.1,3744.3,Área Urbana,Baixo
SP,Mata Atlântica,-23.77809,-45.92187,Junho,30.3,81.5,71.1,0.626,83,18.7,1418.3,Floresta,Médio
BA,Caatinga,-11.60497,-43.79846,Setembro,25.8,58.1,57.5,0.291,22,7.2,2429.8,Agricultura,Baixo
AM,Amazônia,-3.02641,-62.22102,Agosto,41.4,76.3,15.4,0.645,13,13.6,4702.3,Pastagem,Baixo
MT,Cerrado/Amazônia,-13.86428,-57.02472,Outubro,28.7,51.9,500.0,0.866,31,4.1,3616.9,Floresta,Alto
MG,Cerrado,-20.25799,-46.81639,Abril,29.9,90.9,209.7,0.653,49,17.2,1946.0,Floresta,Alto
CE,Caatinga,-4.99973,-38.29688,Fevereiro,34.2,26.2,93.4,-0.01,72,33.1,2735.4,Pastagem,Médio
AM,Amazônia,-3.99094,-63.66109,Agosto,28.1,87.8,77.6,0.894,71,23.8,2033.4,Floresta,Médio
MG,Cerrado,-19.71795,-43.72658,Agosto,21.1,32.0,125.7,0.122,40,32.4,571.6,Área Urbana,Alto
PR,Mata Atlântica,-22.38892,-50.39432,Dezembro,29.5,18.7,47.4,0.642,28,5.4,1681.3,Cerrado/Savana,Médio
CE,Caatinga,-3.14881,-41.22144,Novembro,40.5,47.3,6.2,0.897,51,16.0,4303.6,Floresta,Médio
GO,Cerrado,-15.94089,-48.31196,Junho,26.1,62.3,62.2,0.72,43,1.6,2311.4,Floresta,Baixo
RS,Pampa,-32.12877,-52.21756,Agosto,33.4,29.6,496.1,0.594,100,14.8,2927.3,Agricultura,Alto
SP,Mata Atlântica,-22.13697,-46.24236,Setembro,41.4,57.2,24.2,0.457,34,24.6,915.4,Agricultura,Baixo
BA,Caatinga,-14.02767,-44.14623,Janeiro,37.4,78.7,90.0,0.318,113,22.8,1787.6,Agricultura,Médio
AM,Amazônia,-1.46403,-65.30008,Setembro,32.8,31.9,1.0,0.896,41,2.4,4646.7,Floresta,Médio
SP,Mata Atlântica,-22.60141,-47.42957,Fevereiro,34.9,59.3,15.6,0.635,7,2.5,1578.1,Pastagem,Baixo
MT,Cerrado/Amazônia,-11.1094,-58.48322,Janeiro,40.3,38.8,106.2,0.003,53,12.2,1260.3,Área Urbana,Médio
MG,Cerrado,-14.5878,-43.94655,Agosto,40.9,55.0,42.4,0.453,29,30.9,288.9,Agricultura,Médio
MG,Cerrado,-17.6594,-45.70957,Agosto,41.2,66.7,283.3,0.861,60,0.8,495.2,Floresta,Alto
AM,Amazônia,-3.67007,-62.38117,Novembro,31.9,39.8,62.5,0.262,66,24.6,2928.1,Área Urbana,Médio
PA,Amazônia,-2.8459,-52.12913,Abril,25.4,94.5,28.0,0.625,48,7.3,3303.6,Floresta,Baixo
PA,Amazônia,-4.72426,-51.93103,Agosto,18.6,57.9,94.7,0.745,62,37.8,3211.5,Pastagem,Médio
GO,Cerrado,-14.88708,-51.92418,Julho,25.4,80.1,190.2,0.721,0,17.2,2703.7,Área Urbana,Alto
RS,Pampa,-26.9561,-52.54623,Fevereiro,40.5,71.6,2.4,0.55,10,1.9,2459.9,Agricultura,Baixo
CE,Caatinga,-5.15761,-37.35278,Maio,39.0,82.5,84.5,0.617,89,28.5,370.0,Pastagem,Médio
MT,Cerrado/Amazônia,-9.77806,-55.71107,Outubro,29.1,24.8,178.2,0.688,84,19.4,4205.1,Área Urbana,Alto
SP,Mata Atlântica,-24.30704,-46.4384,Abril,29.5,28.9,13.1,0.634,15,35.2,2570.3,Pastagem,Baixo
PA,Amazônia,-5.28955,-52.42641,Março,23.3,51.4,279.7,0.884,84,26.1,668.3,Floresta,Alto
GO,Cerrado,-17.67508,-47.94984,Janeiro,27.3,82.4,36.9,0.059,52,27.7,687.9,Cerrado/Savana,Baixo
GO,Cerrado,-15.62812,-50.92333,Maio,34.3,26.8,22.4,0.21,21,30.7,2569.7,Cerrado/Savana,Baixo
AM,Amazônia,-4.21759,-61.81522,Outubro,25.9,92.5,106.8,0.107,19,16.8,1230.4,Pastagem,Médio
MT,Cerrado/Amazônia,-14.78436,-55.60235,Agosto,20.1,20.8,23.1,0.613,33,31.7,4610.6,Floresta,Médio
PR,Mata Atlântica,-24.5379,-49.20147,Dezembro,29.6,24.9,136.6,0.389,24,2.0,2499.8,Área Urbana,Médio
CE,Caatinga,-4.98362,-41.2779,Setembro,21.1,24.2,80.8,0.655,29,30.6,4892.3,Floresta,Baixo
RS,Pampa,-31.8267,-51.81606,Julho,41.3,59.8,14.0,0.859,17,25.5,3673.5,Pastagem,Baixo
BA,Caatinga,-13.00736,-42.55089,Dezembro,25.5,88.0,292.3,0.67,34,22.7,4055.4,Área Urbana,Alto
AM,Amazônia,-3.27728,-63.10897,Novembro,39.6,31.7,134.2,0.88,54,12.7,1950.5,Agricultura,Médio
CE,Caatinga,-4.71869,-40.43097,Janeiro,21.1,57.0,94.8,0.775,30,4.6,678.8,Floresta,Médio
BA,Caatinga,-11.63244,-42.16515,Janeiro,20.1,74.5,56.3,-0.176,0,25.9,47.7,Corpo d'Água,Médio
BA,Caatinga,-10.71069,-40.72156,Janeiro,31.7,63.6,17.4,0.898,46,18.9,2041.3,Floresta,Baixo
MT,Cerrado/Amazônia,-12.38962,-57.23152,Fevereiro,36.0,20.5,147.5,0.639,115,8.7,4744.9,Floresta,Médio
MT,Cerrado/Amazônia,-14.95851,-54.79968,Janeiro,30.3,51.8,201.6,0.87,20,1.7,976.2,Floresta,Alto
SP,Mata Atlântica,-24.57117,-46.4939,Abril,21.2,65.7,16.1,0.024,127,21.6,3136.3,Pastagem,Médio
GO,Cerrado,-15.31429,-50.11527,Outubro,16.0,59.2,81.9,0.709,69,5.1,4331.6,Agricultura,Baixo
CE,Caatinga,-3.0681,-41.48206,Setembro,31.7,21.9,79.6,0.634,8,37.2,2020.1,Floresta,Médio
AM,Amazônia,-0.8691,-61.21266,Dezembro,18.5,79.8,51.7,0.083,0,6.0,43.1,Corpo d'Água,Baixo
MG,Cerrado,-18.87963,-44.90284,Abril,24.3,67.1,186.9,0.801,13,1.3,392.3,Floresta,Alto
AM,Amazônia,-6.79523,-63.49235,Abril,33.2,78.8,12.6,0.425,121,10.5,2938.8,Cerrado/Savana,Médio
SP,Mata Atlântica,-24.08086,-46.36584,Julho,17.6,87.2,27.5,0.497,10,7.0,3889.2,Cerrado/Savana,Baixo
RS,Pampa,-28.14063,-48.17368,Novembro,18.4,79.2,0.2,0.635,23,31.6,1017.0,Agricultura,Baixo
GO,Cerrado,-15.4216,-49.53159,Setembro,16.7,92.8,56.0,0.239,102,11.6,298.7,Cerrado/Savana,Baixo
MG,Cerrado,-19.24553,-47.12265,Julho,41.9,44.7,41.3,0.888,25,9.8,408.7,Floresta,Baixo
PA,Amazônia,-6.44868,-53.03825,Janeiro,25.5,38.1,242.1,0.634,31,39.8,1603.0,Cerrado/Savana,Alto
RS,Pampa,-28.56691,-50.45073,Janeiro,39.5,12.4,164.4,0.462,64,6.0,1123.6,Cerrado/Savana,Médio
MT,Cerrado/Amazônia,-12.34768,-57.7912,Abril,22.9,48.2,10.6,0.866,10,3.4,1127.2,Floresta,Baixo
BA,Caatinga,-15.55318,-44.58263,Abril,35.3,65.4,162.1,0.79,77,12.2,2298.0,Floresta,Médio
PA,Amazônia,-8.0356,-53.16801,Janeiro,20.9,79.3,135.0,0.85,49,16.2,433.8,Floresta,Médio
AM,Amazônia,-1.97893,-60.7694,Junho,28.5,32.7,39.7,0.668,22,30.4,4977.5,Agricultura,Baixo
AM,Amazônia,-2.27943,-62.99264,Outubro,37.3,53.7,1.9,0.285,29,38.2,3482.1,Cerrado/Savana,Médio
MT,Cerrado/Amazônia,-10.96361,-58.31661,Fevereiro,37.0,66.3,14.7,0.827,44,30.5,161.2,Floresta,Médio
SP,Mata Atlântica,-22.26991,-49.14186,Novembro,36.4,56.9,34.5,0.648,31,29.1,3462.6,Floresta,Baixo
CE,Caatinga,-6.86567,-37.17108,Maio,37.2,33.3,203.5,0.795,49,39.7,3961.2,Floresta,Alto
PA,Amazônia,-5.84575,-53.75145,Agosto,20.7,77.7,75.1,0.499,24,30.6,961.9,Cerrado/Savana,Médio
PA,Amazônia,-3.88586,-50.90394,Março,28.0,24.7,300.7,0.644,10,5.6,4203.0,Floresta,Alto
PR,Mata Atlântica,-25.53992,-51.1323,Setembro,28.1,86.9,186.8,0.861,2,18.5,3062.7,Floresta,Médio
RS,Pampa,-29.82464,-55.47065,Julho,39.0,91.0,40.6,0.62,30,20.1,4106.1,Floresta,Baixo
GO,Cerrado,-17.92379,-48.42662,Setembro,23.0,41.1,224.0,0.219,20,12.2,3586.3,Agricultura,Alto
RS,Pampa,-31.27891,-50.43524,Janeiro,40.2,42.0,14.9,0.274,15,6.6,3526.1,Cerrado/Savana,Baixo
CE,Caatinga,-4.70544,-37.82685,Maio,27.2,73.2,4.4,0.214,11,28.5,799.6,Cerrado/Savana,Baixo
AM,Amazônia,-5.51569,-61.62869,Dezembro,33.1,48.8,112.5,0.896,44,11.1,1585.8,Floresta,Médio
AM,Amazônia,-3.56812,-63.40466,Março,22.3,12.4,50.2,0.481,71,25.0,2621.0,Agricultura,Médio
AM,Amazônia,-4.66519,-61.87878,Abril,26.1,88.2,48.0,0.72,94,12.9,571.6,Floresta,Baixo
PR,Mata Atlântica,-23.94549,-51.45461,Abril,34.2,46.6,139.5,0.651,58,20.2,2397.7,Floresta,Médio
AM,Amazônia,-3.32793,-62.96774,Novembro,28.8,27.3,227.7,0.164,8,13.5,2232.1,Agricultura,Alto
CE,Caatinga,-5.74828,-40.83871,Dezembro,40.1,57.2,46.7,0.125,23,16.5,1167.3,Cerrado/Savana,Baixo
MT,Cerrado/Amazônia,-13.4579,-56.02799,Julho,34.9,28.6,47.2,0.588,46,29.3,1006.6,Agricultura,Médio
GO,Cerrado,-14.77039,-51.75381,Outubro,30.2,27.5,91.6,0.249,49,35.4,1244.4,Agricultura,Médio
CE,Caatinga,-6.44466,-40.7156,Novembro,38.9,71.3,127.1,0.081,0,20.3,23.5,Corpo d'Água,Médio
GO,Cerrado,-15.92606,-52.36473,Agosto,33.0,43.2,27.2,0.609,65,24.4,2080.6,Pastagem,Baixo
CE,Caatinga,-6.41836,-41.72837,Novembro,32.5,58.7,292.6,0.831,13,34.6,2075.7,Floresta,Alto
AM,Amazônia,-2.86928,-62.26451,Outubro,21.7,94.7,127.5,0.062,51,5.7,916.8,Pastagem,Médio
MT,Cerrado/Amazônia,-13.37382,-58.51492,Maio,25.7,83.0,117.8,-0.037,5,6.5,3939.0,Pastagem,Baixo
PA,Amazônia,-6.21064,-53.57704,Dezembro,33.4,10.7,281.5,0.695,53,14.4,3504.9,Floresta,Alto
RS,Pampa,-27.578,-49.73447,Outubro,39.1,14.3,285.4,0.435,57,12.4,2151.1,Cerrado/Savana,Alto
BA,Caatinga,-13.61606,-41.45221,Julho,23.5,61.9,17.5,0.095,11,39.5,719.6,Cerrado/Savana,Médio
MT,Cerrado/Amazônia,-11.26369,-57.95652,Março,20.8,63.2,18.8,0.865,101,22.6,3576.4,Floresta,Médio
PA,Amazônia,-7.66567,-55.42529,Março,31.0,84.6,172.2,0.813,18,21.0,4495.2,Floresta,Médio
SP,Mata Atlântica,-21.6416,-46.91659,Março,16.8,63.5,377.3,0.194,10,23.1,899.5,Agricultura,Alto
CE,Caatinga,-4.66301,-40.51136,Dezembro,34.3,29.4,131.8,-0.031,102,35.0,3017.3,Área Urbana,Alto
SP,Mata Atlântica,-25.45185,-48.25195,Abril,34.0,49.8,63.6,0.701,38,9.7,2127.3,Floresta,Baixo
PA,Amazônia,-7.55155,-51.45501,Junho,24.6,78.8,138.0,0.871,10,20.4,447.4,Floresta,Médio
MT,Cerrado/Amazônia,-10.44116,-56.86413,Maio,39.1,88.4,31.2,0.084,22,10.8,3631.9,Área Urbana,Baixo
CE,Caatinga,-7.3767,-38.90512,Agosto,28.6,30.1,500.0,0.886,32,31.2,365.0,Floresta,Alto
BA,Caatinga,-10.68252,-40.2425,Dezembro,32.4,55.9,67.7,0.573,78,31.1,3514.1,Cerrado/Savana,Médio
AM,Amazônia,-3.5137,-62.57172,Maio,20.7,23.5,322.0,-0.025,44,38.3,1413.0,Cerrado/Savana,Alto
CE,Caatinga,-5.15575,-37.81213,Novembro,26.3,52.2,67.6,0.719,11,17.9,2832.6,Floresta,Baixo
CE,Caatinga,-3.95945,-40.22864,Dezembro,38.3,17.7,316.0,-0.054,19,6.3,810.7,Pastagem,Alto
MT,Cerrado/Amazônia,-13.29637,-57.64254,Maio,20.7,90.0,49.1,0.573,6,35.9,1860.8,Área Urbana,Médio
MT,Cerrado/Amazônia,-14.27695,-54.89224,Outubro,25.5,64.2,171.5,0.71,37,35.6,529.4,Pastagem,Alto
PA,Amazônia,-6.72174,-51.99459,Fevereiro,23.6,78.3,361.9,-0.077,0,9.4,28.0,Corpo d'Água,Alto
MG,Cerrado,-19.50214,-45.26584,Dezembro,19.1,94.9,124.6,0.865,38,11.1,1074.3,Floresta,Médio
CE,Caatinga,-5.27082,-38.83214,Novembro,22.8,25.5,135.8,0.467,55,12.5,947.8,Agricultura,Médio
RS,Pampa,-30.41884,-52.93881,Novembro,21.3,69.0,13.0,0.648,40,18.1,544.7,Floresta,Baixo
CE,Caatinga,-5.07138,-40.80001,Maio,39.9,85.4,77.1,0.665,42,33.2,3829.5,Floresta,Baixo
PA,Amazônia,-3.22424,-53.11992,Dezembro,35.0,59.0,261.4,0.801,79,5.8,3201.2,Floresta,Alto
GO,Cerrado,-16.83195,-46.8778,Julho,23.5,64.4,33.1,0.737,0,28.0,793.0,Área Urbana,Médio
SP,Mata Atlântica,-22.44167,-47.97516,Fevereiro,35.6,44.7,186.3,0.272,82,14.1,2367.4,Agricultura,Médio
AM,Amazônia,-4.65637,-61.50873,Junho,15.6,67.4,135.1,0.355,25,7.8,3307.8,Cerrado/Savana,Médio
MG,Cerrado,-18.44479,-43.21474,Julho,29.2,43.6,30.3,0.599,20,13.5,4391.6,Cerrado/Savana,Baixo
BA,Caatinga,-13.57401,-40.64834,Maio,21.8,50.5,39.9,-0.032,74,21.3,307.3,Agricultura,Médio
BA,Caatinga,-15.93743,-41.93166,Setembro,18.1,18.7,66.9,0.286,54,36.9,1818.2,Área Urbana,Médio
BA,Caatinga,-13.50577,-42.38257,Abril,38.9,10.7,16.0,-0.004,46,25.1,3083.6,Pastagem,Médio
MT,Cerrado/Amazônia,-12.83431,-55.21224,Outubro,20.4,14.7,293.5,-0.083,15,24.3,87.9,Cerrado/Savana,Alto
BA,Caatinga,-14.31106,-44.98206,Janeiro,37.2,26.4,161.4,0.602,83,4.3,1225.2,Floresta,Médio
AM,Amazônia,-5.02708,-60.68635,Agosto,26.2,48.8,54.5,0.637,96,3.2,3727.1,Floresta,Médio
SP,Mata Atlântica,-26.01749,-47.48792,Agosto,15.4,11.8,42.7,0.789,3,5.2,1785.1,Floresta,Baixo
BA,Caatinga,-11.32063,-41.78764,Julho,34.8,23.3,140.4,0.764,48,3.8,431.6,Floresta,Médio
CE,Caatinga,-3.40694,-42.70234,Agosto,31.1,76.4,66.2,0.672,10,23.1,3136.7,Floresta,Baixo
CE,Caatinga,-5.58241,-37.64423,Fevereiro,24.3,74.8,31.3,-0.061,17,18.1,1257.8,Pastagem,Baixo
MT,Cerrado/Amazônia,-14.37032,-55.36779,Março,22.6,77.1,67.5,0.175,24,0.2,3511.3,Área Urbana,Baixo
AM,Amazônia,-3.82354,-61.56881,Setembro,17.0,88.3,246.0,-0.081,72,14.0,4501.9,Área Urbana,Alto
SP,Mata Atlântica,-21.65301,-45.98525,Janeiro,40.4,20.1,8.5,0.058,73,5.1,2644.0,Pastagem,Médio
MG,Cerrado,-19.39687,-43.70691,Agosto,28.3,23.9,55.1,0.865,7,39.5,2999.7,Floresta,Baixo
PA,Amazônia,-6.5327,-52.31995,Agosto,17.3,38.4,393.5,0.64,21,18.4,2576.9,Floresta,Alto
SP,Mata Atlântica,-25.42776,-46.58636,Julho,38.5,87.8,1.8,0.207,25,17.0,4089.0,Área Urbana,Baixo
PA,Amazônia,-3.75606,-53.17815,Novembro,22.5,75.9,265.6,0.626,16,25.8,1216.2,Floresta,Alto
GO,Cerrado,-14.18946,-45.19986,Maio,20.5,37.6,56.4,0.625,14,14.3,2013.7,Cerrado/Savana,Baixo
PA,Amazônia,-5.58342,-51.80871,Abril,22.6,17.4,25.2,0.786,35,28.6,4476.2,Floresta,Baixo
RS,Pampa,-29.31471,-50.89234,Outubro,30.2,62.4,1.8,0.676,48,36.2,3621.0,Floresta,Baixo
CE,Caatinga,-3.91816,-40.02214,Outubro,17.0,31.8,8.8,0.797,77,20.0,1607.2,Floresta,Médio
AM,Amazônia,-4.46382,-64.50948,Outubro,28.0,55.1,22.6,0.107,5,15.3,4164.8,Cerrado/Savana,Baixo
PR,Mata Atlântica,-25.40414,-50.19785,Outubro,39.2,90.1,3.1,0.889,9,20.9,1201.7,Pastagem,Baixo
MT,Cerrado/Amazônia,-14.0897,-56.54998,Junho,20.1,58.7,49.1,0.8,24,24.1,3174.6,Cerrado/Savana,Baixo
RS,Pampa,-30.21466,-52.16108,Dezembro,23.9,88.5,5.5,0.187,20,33.9,4782.7,Cerrado/Savana,Baixo
PA,Amazônia,-8.31956,-50.68572,Novembro,25.7,43.4,141.4,0.747,24,15.8,2877.8,Floresta,Médio
BA,Caatinga,-11.80421,-37.70207,Janeiro,30.8,63.8,205.0,0.663,51,2.1,3999.3,Floresta,Médio
AM,Amazônia,-1.85088,-60.20918,Maio,39.8,86.0,262.1,0.831,19,25.2,3679.8,Cerrado/Savana,Alto
RS,Pampa,-32.65403,-53.88025,Abril,25.7,60.0,95.6,0.621,27,39.5,4329.9,Floresta,Baixo
MT,Cerrado/Amazônia,-12.61653,-58.64217,Abril,16.9,62.3,351.4,0.621,130,34.2,4844.1,Floresta,Alto
CE,Caatinga,-6.12193,-35.8606,Julho,24.4,70.9,0.7,-0.097,17,30.3,121.4,Agricultura,Baixo
AM,Amazônia,-1.68519,-63.62348,Setembro,20.1,85.0,17.3,0.375,55,7.1,149.1,Cerrado/Savana,Baixo
MT,Cerrado/Amazônia,-16.22918,-58.44991,Agosto,32.6,17.5,41.6,0.776,17,29.9,2976.2,Floresta,Baixo
GO,Cerrado,-16.66579,-50.3219,Novembro,15.8,38.6,186.7,0.224,10,3.3,4771.7,Área Urbana,Médio
GO,Cerrado,-17.74857,-48.14522,Dezembro,22.9,43.8,259.9,0.879,10,19.8,2433.6,Pastagem,Alto
MT,Cerrado/Amazônia,-13.74719,-55.94713,Agosto,29.7,89.3,115.5,0.027,0,14.8,29.6,Corpo d'Água,Médio
RS,Pampa,-29.94917,-49.82228,Maio,22.5,91.3,58.0,0.622,20,36.2,3841.9,Cerrado/Savana,Baixo
AM,Amazônia,-3.82688,-63.60748,Junho,29.9,20.2,131.5,0.663,60,6.4,2496.3,Floresta,Médio
RS,Pampa,-30.92788,-52.10673,Fevereiro,18.1,20.1,23.9,0.859,21,31.6,2570.7,Floresta,Baixo
MG,Cerrado,-15.41317,-44.43524,Novembro,40.5,89.5,73.5,0.401,35,1.9,2185.8,Agricultura,Baixo
PA,Amazônia,-5.53305,-51.40696,Março,22.9,35.1,85.0,0.789,35,28.1,1268.5,Floresta,Médio
MG,Cerrado,-18.5101,-42.86749,Maio,39.9,30.6,13.3,0.808,9,11.8,4295.0,Floresta,Baixo
GO,Cerrado,-16.38812,-50.55046,Fevereiro,23.8,13.0,4.1,0.104,17,39.0,1055.8,Agricultura,Baixo
CE,Caatinga,-6.57041,-36.87493,Março,36.1,33.4,166.4,0.092,60,26.9,4535.5,Agricultura,Médio
SP,Mata Atlântica,-23.65474,-48.39106,Abril,21.6,77.3,91.8,-0.133,0,12.4,45.4,Corpo d'Água,Médio
PA,Amazônia,-5.24476,-53.70508,Junho,33.1,85.5,48.5,-0.057,0,9.4,5.5,Corpo d'Água,Baixo
GO,Cerrado,-16.4144,-49.37387,Maio,23.7,53.9,69.0,-0.076,152,25.6,850.2,Pastagem,Médio
RS,Pampa,-27.74852,-51.07762,Outubro,28.7,88.0,379.6,0.399,53,10.9,4440.2,Cerrado/Savana,Alto
RS,Pampa,-31.09656,-51.98737,Abril,33.2,19.7,58.3,0.406,37,7.5,650.9,Cerrado/Savana,Médio
RS,Pampa,-29.04533,-54.16751,Fevereiro,30.9,16.1,13.1,-0.047,21,25.9,3696.5,Cerrado/Savana,Médio
CE,Caatinga,-6.66402,-39.33103,Dezembro,30.6,82.4,74.7,0.14,55,29.0,922.2,Cerrado/Savana,Médio
MG,Cerrado,-21.07,-45.01878,Novembro,16.8,75.9,125.3,0.732,9,9.5,2499.7,Cerrado/Savana,Médio
SP,Mata Atlântica,-24.2674,-45.31383,Maio,21.7,32.4,1.5,0.718,86,21.4,1034.0,Floresta,Médio
RS,Pampa,-30.40542,-49.44996,Maio,30.4,37.6,48.5,0.335,25,26.5,1672.5,Cerrado/Savana,Baixo
PR,Mata Atlântica,-24.77169,-48.88532,Novembro,15.5,95.2,60.0,0.066,0,37.7,36.5,Corpo d'Água,Médio
PA,Amazônia,-7.62123,-50.30431,Julho,21.8,65.1,74.8,0.615,18,32.1,2784.5,Área Urbana,Médio
AM,Amazônia,-4.08669,-60.00908,Janeiro,21.2,15.2,43.1,0.662,62,16.8,1835.5,Pastagem,Médio
PR,Mata Atlântica,-23.11215,-55.82786,Abril,21.7,51.6,131.9,0.764,1,33.8,1833.8,Floresta,Médio
SP,Mata Atlântica,-22.83125,-45.13357,Novembro,29.5,21.4,347.4,0.132,37,17.7,202.5,Área Urbana,Alto
CE,Caatinga,-3.10711,-41.41496,Maio,30.7,79.7,294.4,-0.034,45,5.2,689.3,Cerrado/Savana,Alto
SP,Mata Atlântica,-22.66449,-46.33739,Agosto,39.5,42.4,131.0,0.28,12,13.6,3540.6,Pastagem,Médio
AM,Amazônia,-2.82289,-60.7216,Dezembro,25.4,54.8,84.8,0.755,11,32.2,1468.7,Área Urbana,Alto
PA,Amazônia,-3.80494,-53.71361,Dezembro,40.0,12.5,209.7,-0.1,26,38.2,2215.9,Cerrado/Savana,Alto
AM,Amazônia,-3.07187,-62.1583,Agosto,32.6,15.0,216.9,0.476,77,39.3,3817.7,Área Urbana,Alto
MT,Cerrado/Amazônia,-13.03903,-57.13566,Janeiro,39.6,67.4,212.3,0.694,9,25.6,2229.3,Floresta,Alto
PA,Amazônia,-5.24602,-53.63297,Maio,37.5,75.2,20.6,0.381,56,19.1,1135.8,Área Urbana,Baixo
SP,Mata Atlântica,-22.22544,-44.72604,Outubro,33.6,70.4,3.1,0.155,13,6.5,2753.6,Cerrado/Savana,Baixo
RS,Pampa,-31.26086,-49.25251,Janeiro,24.6,72.6,490.3,0.226,47,4.1,4008.0,Cerrado/Savana,Alto
SP,Mata Atlântica,-24.77804,-45.28332,Janeiro,21.5,18.9,385.2,-0.028,13,20.7,3002.2,Pastagem,Alto
SP,Mata Atlântica,-21.57528,-46.77177,Fevereiro,21.0,68.9,99.7,0.193,9,29.1,2106.7,Cerrado/Savana,Médio
PA,Amazônia,-6.75575,-53.61302,Fevereiro,40.7,25.4,500.0,-0.1,70,13.0,636.9,Cerrado/Savana,Alto
MT,Cerrado/Amazônia,-12.13721,-53.97302,Setembro,40.9,18.3,176.6,0.426,84,27.0,1251.1,Pastagem,Alto
SP,Mata Atlântica,-26.0891,-46.47964,Abril,34.6,74.4,87.4,0.798,43,22.8,4731.1,Cerrado/Savana,Baixo
PR,Mata Atlântica,-25.02211,-52.23478,Março,38.9,82.7,59.2,0.065,0,37.6,26.3,Corpo d'Água,Médio
GO,Cerrado,-15.95117,-50.6533,Novembro,39.8,70.9,107.8,0.727,47,8.4,447.0,Floresta,Médio
BA,Caatinga,-10.71527,-39.68626,Janeiro,28.8,78.5,87.0,0.822,9,23.6,37.5,Floresta,Médio
BA,Caatinga,-12.4478,-41.91172,Dezembro,32.0,94.2,500.0,0.056,24,16.6,885.3,Agricultura,Alto
SP,Mata Atlântica,-24.28956,-46.49458,Fevereiro,26.3,21.5,80.9,-0.092,25,10.5,4720.0,Cerrado/Savana,Médio
PR,Mata Atlântica,-22.11825,-51.7056,Junho,26.3,92.0,216.9,0.778,41,14.3,2904.4,Floresta,Alto
RS,Pampa,-31.28915,-51.82664,Setembro,16.0,61.1,201.6,0.651,28,11.8,4194.9,Cerrado/Savana,Médio
CE,Caatinga,-3.9698,-40.72661,Maio,26.7,79.1,8.9,0.86,26,21.1,2331.5,Pastagem,Baixo
CE,Caatinga,-5.15056,-38.94068,Abril,33.2,65.3,10.9,0.331,36,22.3,4134.9,Pastagem,Baixo
PA,Amazônia,-6.50279,-55.37661,Maio,26.4,58.5,129.4,0.621,35,34.6,179.2,Floresta,Alto
BA,Caatinga,-14.18708,-42.98815,Setembro,38.6,75.4,36.0,-0.159,0,31.3,33.5,Corpo d'Água,Médio
SP,Mata Atlântica,-23.89324,-46.56355,Dezembro,24.0,37.2,128.6,0.328,25,12.1,1894.2,Agricultura,Médio
CE,Caatinga,-3.86445,-41.49088,Julho,18.6,88.6,18.7,0.526,17,37.3,4907.9,Agricultura,Baixo
SP,Mata Atlântica,-22.53257,-47.18639,Agosto,36.9,19.8,60.7,0.434,37,34.7,1509.4,Área Urbana,Médio
PA,Amazônia,-8.21832,-52.70964,Abril,33.2,37.0,13.0,0.672,20,25.0,2090.4,Floresta,Médio
BA,Caatinga,-10.6056,-40.37533,Novembro,21.5,12.6,39.8,0.55,2,0.7,3796.4,Pastagem,Baixo
AM,Amazônia,-3.58441,-60.53134,Agosto,29.5,33.1,11.1,0.338,39,8.4,4404.8,Agricultura,Médio
GO,Cerrado,-15.54167,-48.36822,Junho,25.9,28.5,423.1,0.635,53,31.6,4393.2,Floresta,Alto
GO,Cerrado,-18.3224,-51.71451,Maio,40.3,14.2,60.3,0.411,54,18.2,1978.6,Agricultura,Médio
CE,Caatinga,-4.00645,-37.34108,Dezembro,31.4,82.0,277.7,0.084,0,5.0,26.7,Corpo d'Água,Alto
GO,Cerrado,-15.20406,-50.58601,Julho,19.3,49.8,425.6,0.347,5,16.3,3271.0,Pastagem,Alto
AM,Amazônia,-4.74577,-62.69297,Junho,28.6,16.6,288.4,0.718,13,8.5,4257.2,Cerrado/Savana,Alto
SP,Mata Atlântica,-21.72954,-47.14379,Março,38.3,32.3,72.8,0.341,23,35.7,4632.1,Cerrado/Savana,Baixo
PA,Amazônia,-3.96836,-51.75114,Maio,33.1,91.0,181.1,0.416,43,35.6,1175.7,Pastagem,Alto
AM,Amazônia,-0.89911,-61.91961,Setembro,37.7,19.4,20.0,-0.008,48,15.5,2501.0,Pastagem,Médio
PA,Amazônia,-5.61439,-51.08349,Julho,21.8,35.9,12.0,0.739,35,5.5,2943.1,Agricultura,Baixo
PA,Amazônia,-6.94289,-53.39603,Dezembro,39.0,13.0,251.4,0.222,97,14.4,4014.2,Cerrado/Savana,Alto
BA,Caatinga,-15.10001,-43.58149,Abril,35.4,22.7,3.8,0.253,33,5.1,2011.8,Cerrado/Savana,Médio
SP,Mata Atlântica,-20.66494,-45.59153,Julho,34.7,69.4,430.5,0.781,45,12.2,1060.1,Agricultura,Alto
PR,Mata Atlântica,-26.94605,-49.75776,Maio,24.4,41.2,133.8,0.821,41,30.8,3718.7,Pastagem,Médio
GO,Cerrado,-16.88555,-48.87857,Novembro,39.0,48.4,65.3,0.724,15,11.7,2965.7,Agricultura,Baixo
PR,Mata Atlântica,-23.95098,-49.05251,Fevereiro,32.2,23.3,18.3,-0.035,53,21.8,4492.5,Área Urbana,Médio
BA,Caatinga,-13.38659,-42.81034,Junho,38.0,68.0,154.1,0.768,38,4.8,3278.6,Floresta,Médio
PA,Amazônia,-9.57356,-52.91266,Julho,24.7,73.9,99.4,0.243,43,13.9,94.0,Cerrado/Savana,Médio
CE,Caatinga,-4.01201,-38.35704,Agosto,18.9,25.4,149.0,0.114,118,1.6,4833.6,Pastagem,Baixo
GO,Cerrado,-13.9514,-49.40529,Junho,24.0,13.8,64.9,0.809,8,21.9,2969.6,Área Urbana,Médio
GO,Cerrado,-15.07283,-49.73782,Agosto,27.3,16.9,8.2,0.79,29,13.9,2983.4,Agricultura,Médio
SP,Mata Atlântica,-22.48882,-48.03136,Julho,29.4,65.8,45.4,0.365,29,34.9,4547.2,Cerrado/Savana,Baixo
MT,Cerrado/Amazônia,-14.7927,-58.16311,Fevereiro,28.8,21.5,45.4,0.035,95,15.7,3322.4,Pastagem,Médio
MG,Cerrado,-18.18956,-46.50064,Junho,29.7,52.0,1.0,-0.087,78,22.3,2401.8,Agricultura,Médio
MG,Cerrado,-19.45987,-45.45194,Setembro,37.7,23.0,1.2,0.138,40,39.1,545.4,Pastagem,Médio
MG,Cerrado,-17.33727,-43.55986,Dezembro,19.6,24.5,48.2,0.676,99,25.7,4811.4,Floresta,Médio
MT,Cerrado/Amazônia,-12.57427,-56.2434,Junho,23.5,10.4,156.1,0.51,5,20.0,401.7,Cerrado/Savana,Médio
SP,Mata Atlântica,-22.84381,-47.17543,Abril,39.0,37.3,117.4,0.858,23,3.9,859.8,Floresta,Médio
MT,Cerrado/Amazônia,-13.49375,-54.61497,Julho,30.1,17.6,32.8,0.799,50,32.8,4099.5,Pastagem,Baixo
MG,Cerrado,-22.24369,-45.66196,Março,30.8,43.5,110.8,0.09,2,25.7,2457.1,Cerrado/Savana,Médio
BA,Caatinga,-12.88567,-40.86007,Maio,27.9,60.8,125.1,0.271,75,4.3,899.6,Agricultura,Médio
AM,Amazônia,-1.76674,-59.4349,Janeiro,29.8,41.2,88.7,0.76,13,9.8,1437.9,Cerrado/Savana,Médio
PA,Amazônia,-5.67757,-52.7671,Outubro,20.3,69.9,88.4,0.695,37,21.5,4970.1,Floresta,Baixo
MT,Cerrado/Amazônia,-12.13608,-57.71668,Março,29.8,73.0,55.4,-0.04,54,1.8,2924.3,Cerrado/Savana,Baixo
SP,Mata Atlântica,-25.32636,-46.77438,Agosto,41.9,69.2,15.8,0.735,44,28.7,2014.1,Floresta,Baixo
SP,Mata Atlântica,-22.43194,-46.99439,Setembro,30.3,89.6,58.4,0.696,140,9.1,4382.3,Floresta,Médio
PR,Mata Atlântica,-24.26985,-54.35323,Setembro,16.2,30.2,50.8,0.644,81,19.6,2403.7,Cerrado/Savana,Baixo
AM,Amazônia,-3.44239,-62.82517,Outubro,36.5,87.0,107.6,-0.164,0,9.7,29.4,Corpo d'Água,Médio
CE,Caatinga,-7.01269,-38.66418,Fevereiro,25.7,70.9,232.8,-0.112,0,19.6,46.8,Corpo d'Água,Alto
GO,Cerrado,-13.06153,-48.35506,Abril,19.1,60.6,56.5,0.66,48,7.6,3724.9,Agricultura,Baixo
MG,Cerrado,-16.92938,-43.48128,Maio,38.3,53.4,148.4,0.707,34,23.8,2985.2,Floresta,Médio
CE,Caatinga,-4.13032,-42.34915,Março,20.3,10.4,200.4,0.132,37,36.4,470.8,Agricultura,Alto
PR,Mata Atlântica,-25.08193,-50.787,Novembro,39.9,57.2,28.6,0.762,75,32.3,2962.3,Floresta,Baixo
MG,Cerrado,-17.71289,-42.64244,Janeiro,26.9,89.3,278.3,0.643,8,9.7,805.7,Floresta,Alto
AM,Amazônia,-5.0186,-61.30909,Junho,35.1,38.4,8.8,0.807,23,19.9,4908.8,Agricultura,Médio
PR,Mata Atlântica,-26.48756,-51.86755,Outubro,29.8,92.2,278.4,0.759,59,16.9,1305.9,Pastagem,Alto
MG,Cerrado,-18.60294,-43.25614,Fevereiro,21.9,40.3,21.4,0.233,24,38.6,3483.1,Cerrado/Savana,Baixo
AM,Amazônia,-2.35257,-62.0395,Setembro,33.1,21.9,49.3,0.436,9,32.0,3283.7,Agricultura,Baixo
RS,Pampa,-33.25806,-50.56275,Janeiro,40.9,43.9,111.5,0.675,84,4.3,3459.8,Floresta,Baixo
CE,Caatinga,-5.50151,-37.56229,Novembro,35.8,52.0,283.3,0.731,14,6.7,2155.7,Floresta,Alto
CE,Caatinga,-3.36976,-41.05703,Setembro,31.3,63.5,35.4,0.488,87,28.1,380.9,Agricultura,Médio
GO,Cerrado,-14.95674,-48.93713,Julho,41.7,52.9,173.1,0.769,40,6.4,4900.2,Floresta,Médio
AM,Amazônia,-2.67622,-61.62063,Novembro,22.2,55.6,148.7,-0.088,52,38.0,965.7,Pastagem,Alto
MT,Cerrado/Amazônia,-11.73477,-54.66777,Outubro,16.7,12.0,20.9,0.588,37,39.7,3850.9,Cerrado/Savana,Médio
RS,Pampa,-30.85707,-52.58871,Fevereiro,15.9,31.6,78.3,0.856,54,31.1,696.5,Floresta,Médio
BA,Caatinga,-11.40593,-44.52504,Junho,34.2,36.4,78.8,0.124,36,1.1,1413.2,Área Urbana,Médio
MG,Cerrado,-17.52896,-43.83459,Agosto,37.4,93.9,43.6,0.701,38,19.3,2803.8,Cerrado/Savana,Baixo
RS,Pampa,-33.54825,-52.1845,Fevereiro,32.1,35.1,181.7,-0.011,72,16.2,2073.2,Pastagem,Alto
AM,Amazônia,-1.10604,-64.40576,Maio,39.4,86.2,312.3,0.687,75,32.0,4791.7,Floresta,Alto
PA,Amazônia,-5.22111,-54.23736,Dezembro,33.8,35.9,151.3,0.104,32,11.5,4239.9,Cerrado/Savana,Médio
MG,Cerrado,-19.57342,-41.67552,Novembro,25.0,18.2,433.2,0.862,4,15.4,4609.7,Floresta,Alto
SP,Mata Atlântica,-23.36483,-45.85457,Junho,19.9,31.0,6.2,0.222,47,3.7,3207.1,Cerrado/Savana,Baixo
CE,Caatinga,-5.2687,-41.9227,Março,40.0,33.2,4.6,0.62,111,13.7,1102.4,Cerrado/Savana,Médio
AM,Amazônia,-5.24738,-60.45235,Dezembro,17.8,93.2,269.2,0.599,37,39.0,2597.3,Cerrado/Savana,Alto
SP,Mata Atlântica,-23.32066,-47.78543,Fevereiro,29.7,67.3,273.7,0.225,24,37.7,3830.0,Área Urbana,Alto
GO,Cerrado,-15.86308,-48.8476,Novembro,23.5,89.2,13.6,0.337,13,30.0,332.9,Agricultura,Baixo
PR,Mata Atlântica,-24.20827,-52.70468,Junho,22.3,81.0,53.1,0.108,35,36.3,4317.0,Cerrado/Savana,Baixo
BA,Caatinga,-14.94295,-42.31057,Março,32.4,59.2,216.5,0.738,11,8.4,3160.4,Floresta,Alto
BA,Caatinga,-10.91643,-40.41843,Fevereiro,21.2,81.1,16.5,-0.07,0,24.9,44.3,Corpo d'Água,Baixo
SP,Mata Atlântica,-22.9344,-46.88632,Janeiro,39.7,63.1,37.3,0.675,39,20.0,3474.5,Floresta,Baixo
CE,Caatinga,-5.87512,-39.87849,Agosto,26.0,66.6,137.1,0.857,1,16.9,4240.3,Floresta,Médio
GO,Cerrado,-14.65734,-48.32471,Janeiro,33.3,32.5,481.4,0.627,15,13.0,446.7,Floresta,Alto
